opis_id,name,address,city,state,retail_price,latitude,longitude
7,WOODSHED OF BIG CABIN,"I-44, EXIT 283 & US-69",Big Cabin,OK,3.007,36.53787,-95.22136
9,KWIK TRIP #796,"I-94, EXIT 143 & US-12 & SR-21",Tomah,WI,3.287,43.97858,-90.50402
20,PILOT TRAVEL CENTER #1243,"I-8, EXIT 119 & SR-85",Gila Bend,AZ,3.899,32.94782,-112.71683
28,LITTLEFIELD EXPRESS #2,"I-540, EXIT 12 & US-71",Fort Smith,AR,3.399,35.38592,-94.39855
35,ACI TRUCK STOP,US-46,Columbia,NJ,3.079,40.92621,-75.09268
36,SHENANDOAH TRUCK CENTER,"I-81, EXIT 273 & SR-703/SR-292",Mount Jackson,VA,2.899,38.74595,-78.64224
44,CIRCLE K #2612042,"I-35,  EXIT 271",Jarrell,TX,2.919,30.82491,-97.60445
46,PETRO STOPPING CENTER #348,"I-85,  EXIT 22 & CR-138",Shorter,AL,3.154,32.39486,-85.9169
49,TA SEYMOUR TRAVEL CENTER,"I-65, EXIT 50 & US-50 & US-31",Seymour,IN,3.959,38.95922,-85.89025
50,TA COUNCIL BLUFFS TRAVEL CENTER,"I-29 & I-80, EXIT 3",Council Bluffs,IA,3.726,41.26194,-95.86083
56,TOPS TRUCK STOP,"I-94, EXIT 182 & US-83",Sterling,ND,3.516,46.81388,-100.2915
75,Good 2 Go #709,US-50,Montrose,CO,3.424,38.47832,-107.87617
77,OASIS TRAVEL PLAZA,US-13,Laurel,DE,3.229,38.5565,-75.57131
79,DELAWARE TRUCK PLAZA,US-13 & US-40,New Castle,DE,3.249,39.65948,-75.56359
81,One9 #89,"I-75, EXIT 224",Ellenton,FL,3.439,27.52171,-82.5276
85,DOWNIEVILLE FUEL STOP,"I-70, EXIT 234",Dumont,CO,3.459,39.76471,-105.60028
91,MOLLYS FOOD & FUEL,"I-20 & ST 22, EXIT 55",Crawfordville,GA,3.499,33.55402,-82.89598
105,TA SAGINAW I 75 TRAVEL CENTER,"I-75, EXIT 144-B",Bridgeport,MI,3.269,43.35947,-83.88164
118,Lupton Truck Stop #567,"I-40, EXIT 359",Lupton,AZ,3.299,35.35391,-109.0537
121,PETRO STOPPING CENTER #306,"I-10, EXIT 200",Eloy,AZ,3.474,32.7559,-111.55484
127,CIRCLE K #4700095,US-41,Henderson,KY,3.609,37.83615,-87.59001
128,THE EFFINGHAM CHROME SHOP,"I-57 & I-70, EXIT 159",Effingham,IL,3.349,39.12004,-88.54338
135,LOVES TRAVEL STOP #766,"I-80, EXIT 27",Atkinson,IL,3.389,41.42087,-90.01511
147,SPEEDWAY #8039,"I-69, EXIT 234 & SR-67",Daleville,IN,3.624,40.12115,-85.55803
149,RAYS TRUCK WASH,"I-69, EXIT 309 & US-30",Fort Wayne,IN,3.592,41.1306,-85.12886
151,CUBBYS #2101,"I-80, EXIT 211 & SR-47",Gothenburg,NE,3.132,40.92945,-100.16068
159,PILOT TRAVEL CENTER #87,"I-10, EXIT 343",Jacksonville,FL,3.859,30.33218,-81.65565
160,PILOT TRAVEL CENTERS #79,"I-12, EXIT 10 AT MILE 10",Denham Springs,LA,3.232,30.4874,-90.95753
164,FLYING J TRAVEL PLAZA #650,"I-94, EXIT 15 B",Lake Station,IN,3.809,41.57504,-87.23892
167,FLYING J TRAVEL PLAZA #653,RT 2 & I-65 EXIT 240,Hebron,IN,3.436,41.31865,-87.20031
174,Hop-In Food Stores,US-59 & SR-224,Nacogdoches,TX,2.859,31.60351,-94.65549
184,SAPP BROS TRAVEL CENTER,"I-29 & I-80, EXIT 1B",Council Bluffs,IA,3.719,41.26194,-95.86083
186,COFFEE CUP FUEL STOP #5,"I-90, EXIT 154 & US-16",Moorcroft,WY,3.239,44.26331,-104.95025
187,DUDLEYS CORNER,"I-35, EXIT 165 & SR-3",Latimer,IA,3.232,42.76331,-93.36826
191,KUM & GO #0302,"I-35, EXIT 193 & SR 106",Clear Lake,IA,3.186,43.13802,-93.37937
192,Brew Stuart Truckstop,"I-80, EXIT 93",Stuart,IA,3.099,41.50332,-94.31857
195,PETRO STOPPING CENTER #311,"I-40 & I-55, EXIT 280",West Memphis,AR,3.367,35.14648,-90.18454
198,SINCLAIR,"I-76, EXIT 115",Atwood,CO,3.299,40.54776,-103.26966
199,PETRO STOPPING CENTER #366,"I-70, EXIT 252",Salina,KS,3.806,38.84028,-97.61142
203,PILOT TRAVEL CENTERS #31,"I-80/94, EXIT 2",Highland,IN,3.799,41.55365,-87.45198
207,MARATHON,SR-32,Sardinia,OH,3.566,39.00784,-83.80854
216,CIRCLE K #2721593,"I-10, EXIT 50",Ocean Springs,MS,3.416,30.41131,-88.82781
217,NORTH 9TH 24/7,"I-70, EXIT 252",Salina,KS,3.026,38.84028,-97.61142
231,DERBY CITYS TRUCK PLAZA,"I-75, EXIT 62 & US-25",Mount Vernon,KY,2.999,38.02563,-84.49522
235,PILOT TRAVEL CENTERS #92,"I-75, EXIT 358",Ocala,FL,3.359,29.1872,-82.14009
240,LA 1 SOUTH TRUCKSTOP,"I-10, EXIT 153 & SR-1",Port Allen,LA,3.039,30.45214,-91.21011
243,SAVE,US-41 & SR-10,Lake Village,IN,3.179,41.13753,-87.44864
244,BIG D TRUCK TRAVEL PLAZA,"I-10, EXIT 92 & SR-95",Duson,LA,2.982,30.23576,-92.1854
248,Mardi Gras Truck Stop,"I-10, EXIT 236",New Orleans,LA,3.729,29.95465,-90.07507
250,GOLDEN OX TRUCK STOP,"I-70/US-40, EXIT 159 & US-183",Hays,KS,3.499,38.87918,-99.32677
253,LOVES TRAVEL STOP #450,"I-40, EXIT 280 & I-55, EXIT 4",West Memphis,AR,3.326,35.14648,-90.18454
256,BFS FOODS #66,"I-68/US-40, EXIT 22 & US-219",Grantsville,MD,3.899,39.69508,-79.15114
257,PILOT TRAVEL CENTER #917- TOWN PUMP,I-15 & 31ST STREET EXIT 277,Great Falls,MT,3.636,47.50024,-111.30081
263,CASEYS #3956,I-94 EXIT 16,Bridgman,MI,3.559,41.9431,-86.55697
267,CORNER MARKET #117,SR-154 & SR-129,Dodge City,KS,3.399,37.7528,-100.01708
269,PILOT TRAVEL CENTERS #24,"I-75, EXIT 15",Monroe,MI,3.249,41.91643,-83.39771
278,CARLISLE PLAZA,US-41,Carlisle,IN,3.499,38.96838,-87.40557
281,CIRCLE K #4700065,"I-65, EXIT 76 & US-31",Taylorsville,IN,3.399,39.29588,-85.95083
289,LOVES TRAVEL STOP #173,"I-70, MM 209",Lawrence,KS,3.229,38.97167,-95.23525
292,PETES #56,US-169 & CR-5000,Cherryvale,KS,3.232,37.27034,-95.55248
293,LOVES TRAVEL STOP #176,"I-35, MILE MARKER 97",Matfield Green,KS,3.256,38.15918,-96.56057
304,FL Roberts,"I-91, EXIT 4",Springfield,MA,3.599,42.10148,-72.58981
309,QUIKTRIP #231,"I-635, EXIT 3",Kansas City,KS,3.199,39.11417,-94.62746
323,SAPP BROS TRAVEL CENTER,"I-80, EXIT 126",Ogallala,NE,3.466,41.12805,-101.71962
326,FLYING J TRAVEL PLAZA #748,"I-15, EXIT 357",Willard,UT,3.749,41.40911,-112.03606
341,TA JACKSONVILLE SOUTH TRAVEL CENTER,"I-95, EXIT 329",Saint Johns,FL,3.469,30.0815,-81.54774
347,7-ELEVEN #40514,I-90/80-IN TOLL RD MM 22E,Portage,IN,3.991,41.57587,-87.17615
358,TA BINGHAMTON TRAVELCENTER,"I-81N, EXIT 2W & I-81S, EXIT 3",Binghamton,NY,3.689,42.09869,-75.91797
361,CIRCLE K #2726293,"I-295, EXIT 25",Jacksonville,FL,3.316,30.33218,-81.65565
368,WILTON TRAVEL PLAZA,"I-87, EXIT 16",Gansevoort,NY,3.749,43.19618,-73.65178
372,GAS DEPOT,"I-94, EXIT 5",Hammond,IN,3.999,41.58337,-87.50004
381,7-Eleven #41830,US-69 & US-135,Jacksonville,TX,2.916,31.96378,-95.2705
387,Circle K #2709664,"I-8, EXIT 12",Yuma,AZ,3.489,32.72532,-114.6244
388,Pilot Travel Centers #14,"I-71, EXIT 131",Sunbury,OH,3.719,40.24256,-82.85907
391,PILOT TRAVEL CENTERS #13,"I-71, EXIT 209",Seville,OH,3.699,41.01006,-81.86236
403,TRUCKOMAT OF HEBRON,"I-70, EXIT 126 & SR-37",Hebron,OH,3.429,39.96173,-82.49127
407,FUEL MART #641,"I-80 & I-280, EXIT 71",Perrysburg,OH,3.499,41.557,-83.62716
421,PETRO STOPPING CENTER #316,"I-40 & I-35, EXIT 127",Oklahoma City,OK,3.302,35.46756,-97.51643
424,E EXPRESS,"I-40, EXIT 166",Choctaw,OK,2.899,35.49756,-97.26892
425,Neighbors Express,"I-16, EXIT 51",Dublin,GA,3.299,32.54044,-82.90375
442,WESTERN COOP,US-385 & SR-2,Alliance,NE,3.324,42.10163,-102.87215
455,MR FUEL #753,"I-95, EXIT 104 & SR-207",Ruther Glen,VA,3.266,37.92875,-77.45582
456,THE COUNTRY OASIS,US-24,Woodburn,IN,3.399,41.12533,-84.8533
458,HAPPY HILLS GAS & COFFEE,I-29 EXIT 110,Rock Port,MO,3.399,40.41111,-95.51693
460,TRUCK STOP 44,I-20 EXIT 44,Gilbert,SC,3.079,33.92431,-81.39371
461,SPINX #271,"I-26, EXIT 145 & US-601",Orangeburg,SC,3.262,33.49182,-80.85565
469,LOAF N JUG #750010,US-160 & SR-17,Alamosa,CO,3.259,37.46945,-105.87002
474,KEWANEE 1 STOP,"I-20, EXIT 169 & US-80",Toomsuba,MS,3.299,32.41847,-88.50698
478,GASTRAK OF PEMBINA,"I-29, EXIT 215",Pembina,ND,3.299,48.96638,-97.24368
483,ALLSUPS #2387,US-54/SR-136/SR-3 & US-64,Guymon,OK,2.976,36.6828,-101.48155
486,LA NORIA CONV STORES,"I-35 N, EXIT 4",Laredo,TX,3.299,27.50641,-99.50754
489,EDDIES CORNER,US-87 & US-191,Moore,MT,3.749,46.97552,-109.69685
491,One9 #403,"I-75, EXIT 117",Heiskell,TN,2.999,36.08175,-84.0538
496,PILOT TRAVEL CENTERS #270,"I-40 & I-75, EXIT 374",Knoxville,TN,3.439,35.96064,-83.92074
509,LOVES TRAVEL STOPS #256,"I-10, EXIT 140B",Van Horn,TX,3.649,31.04029,-104.83073
522,GO MART FOOD STORE #57,"I-70 & ST-285, EXIT 186",Lore City,OH,3.179,39.98479,-81.45845
523,CIRCLE K #2723322,"I-985, EXIT 20 & SR-60",Gainesville,GA,3.266,34.29788,-83.82407
525,FASTBREAK,US-45 ALT,West Point,MS,3.059,33.60762,-88.65033
546,PLAZA 30,US-30,Wanatah,IN,3.499,41.4306,-86.89836
557,SAPP BROS TRAVEL CENTER,"I-80, EXIT 73",Peru,IL,3.289,41.32753,-89.12897
559,SHELL MORGAN ROAD TRUCK STOP,"I-40, EXIT 142",Maumelle,AR,3.207,34.86676,-92.40432
566,TA GARY TRAVEL CENTER,"I-80/I-94, EXIT 6",Gary,IN,3.831,41.59337,-87.34643
567,TA ELOY TRAVEL CENTER,"I-10 & I-8, EXIT 203",Eloy,AZ,3.459,32.7559,-111.55484
572,PILOT TRAVEL CENTERS #881,"I-69, EXIT 309A",Fort Wayne,IN,3.879,41.1306,-85.12886
576,PETRO STOPPING CENTER #343,"I-10, EXIT 76",Egan,LA,3.624,30.23687,-92.50597
578,LOVES TRAVEL STOP #449,"I-84, EXIT 17",Troutdale,OR,3.779,45.53929,-122.38731
579,FLYING J TRAVEL PLAZA #764,"I-80, EXIT 104 & US-191",Rock Springs,WY,3.671,41.58746,-109.2029
586,AMERISTAR TRAVEL PLAZA #120,"I-82, EXIT 80",Prosser,WA,4.399,46.2068,-119.76892
588,TA TUSCALOOSA TRAVEL CENTER,"I-20/I-59, EXIT 77",Cottondale,AL,2.964,31.20518,-85.38188
591,TA Concordia Travel Plaza,"I-70, EXIT 58 & SR-23",Concordia,MO,3.226,38.98335,-93.56855
599,Sapp Bros Travel Center,"I-80, EXIT 59 & SR-17J",Sidney,NE,3.501,41.14276,-102.97798
602,JIFFY MART EXIT 18 TRUCK STOP,"I-89/SR-120, EXIT 18 & SR-120",Lebanon,NH,3.599,43.64229,-72.25176
614,TA MAYBROOK TRAVEL CENTER,"I-84, EXIT 5",Montgomery,NY,4.359,41.52759,-74.23682
628,KWIK FILL #227,"I-90,  EXIT 218",Geneva,OH,3.152,39.66201,-82.43349
636,UNION 76,"I-5, EXIT 233 E",Albany,OR,3.379,44.63651,-123.10593
651,ONE9 #1366,"I-40, EXIT 126 & US-641",Holladay,TN,2.986,35.87062,-88.14587
652,TA KNOXVILLE EAST TRAVEL CENTER,"I-40 & I-75, EXIT 374",Knoxville,TN,3.426,35.96064,-83.92074
669,PETRO STOPPING CENTER #350,"I-10,  EXIT 4",Canutillo,TX,3.499,31.91149,-106.60027
680,TA EXPRESS SUMMIT,"I-29, EXIT 207 & US-12",Summit,SD,3.206,45.30441,-97.03647
684,7-ELEVEN #35101,"I-86/SR-17, EXIT 16",Randolph,NY,4.499,42.16201,-78.97532
689,FLYING EAGLE,"I-235, EXIT 4",Wichita,KS,3.499,37.69224,-97.33754
692,BP,US-63,Ottumwa,IA,3.399,41.02001,-92.4113
739,Arco #364420,US-23,Greenup,KY,3.649,38.57313,-82.83017
748,QUIKTRIP #4231,US-85,Evans,CO,3.172,40.37637,-104.69219
769,AYERCO #26,US-61/US-136,Alexandria,MO,3.016,40.35949,-91.45543
815,Kwik Trip #1508,"US-18/SR-151, EXIT 58",Barneveld,WI,3.489,43.01555,-89.8954
855,SPEEDWAY #7459,US-41 & SR-137,North Chicago,IL,3.289,42.32558,-87.84118
863,Ocean Fuel,US-301/SR-73,Sylvania,GA,3.499,32.75044,-81.63678
906,PILOT TRAVEL CENTER #429,"I-40, EXIT 280",West Memphis,AR,3.291,35.14648,-90.18454
908,CIRCLE K #2704888,"I-65, EXIT 246 & SR-119",Pelham,AL,3.466,33.28567,-86.80999
912,PETRO STOPPING CENTER #319,"I-20/59,  EXIT 100",Mc Calla,AL,3.126,33.34872,-87.01416
936,CASEYS #4254,"I-40, EXIT 129",Conway,AR,3.032,35.0887,-92.4421
970,CIRCLE K #2702885,"I-17/SR-60, EXIT 199A",Phoenix,AZ,3.392,33.44838,-112.07404
977,PILOT TRAVEL CENTER #328,"I-10, EXIT 17",Quartzsite,AZ,3.959,33.66391,-114.22995
981,STINKER #85,"I-15, EXIT 93",Blackfoot,ID,3.532,43.19047,-112.34498
982,CIRCLE K #2701948,"I-8, EXIT 7 & SR-195",Yuma,AZ,3.566,32.72532,-114.6244
1028,FOUR STATES TRUCK STOP,"I-495, EXIT 4 & SR-9",New Castle,DE,3.399,39.65948,-75.56359
1042,Union 76,US-441 & SR-100A,Lake City,FL,3.562,30.18968,-82.63929
1043,SHELL DBA ONE9 #1401,I-75 EXIT 414  & US-41,Lake City,FL,3.244,30.18968,-82.63929
1047,TA MARIANNA TRAVEL CENTER,"I-10/SR-8, EXIT 142 & SR-71",Marianna,FL,3.607,30.77436,-85.22687
1075,PILOT TRAVEL CENTERS #68,"I-16 /SR-404, EXIT 51 & US-441",Dublin,GA,3.399,32.54044,-82.90375
1106,CIRCLE K #2705367,"I-20, EXIT 172",Thomson,GA,3.399,33.47069,-82.50457
1112,BC AMPRIDE TRUCK PLAZA,US-59/SR-141,Denison,IA,3.399,42.01777,-95.35528
1115,KWIK STAR #704,SR-57/SR-14,Parkersburg,IA,3.582,42.57748,-92.78686
1121,TRAVELERS OASIS,"I-84, EXIT 182",Eden,ID,3.799,42.60575,-114.21086
1128,TA CHICAGO NORTH TRAVEL CENTER,"I-94/US-41, EXIT 1",Wadsworth,IL,3.769,42.42863,-87.92397
1132,SPEEDWAY #7423,"I-57, EXIT 83",Ina,IL,3.249,38.15116,-88.90396
1136,PILOT TRAVEL CENTER #171,"I-74, EXIT 206",Oakwood,IL,3.399,40.11615,-87.77836
1140,CIRCLE K #4701398,"I-55, EXIT 82 & SR-104",Divernon,IL,3.499,39.56561,-89.65732
1149,PILOT TRAVEL CENTER #30,"I-70, EXIT 96",Greenfield,IN,3.959,39.78504,-85.76942
1151,SPEEDWAY #8061,"I-70, EXIT 115 & SR-109",Knightstown,IN,3.759,39.7956,-85.52636
1154,CIRCLE K #2704691,SR-71 & CR-214,Cedar Creek,TX,3.199,30.08716,-97.50083
1156,CIRCLE K #4700028,"I-74/US-421, EXIT 116 & SR-44",Shelbyville,IN,3.599,39.52144,-85.77692
1157,One9 #297,"I-70, EXIT 11 & SR-46",Terre Haute,IN,3.436,39.4667,-87.41391
1158,PILOT TRAVEL CENTER #36,US-30  & SR-49,Valparaiso,IN,3.859,41.47309,-87.06114
1163,SHORT STOP #13,US-54,Emporia,KS,2.839,38.4039,-96.18166
1176,PILOT TRAVEL CENTERS #353,"I-75, EXIT 129",Georgetown,KY,3.206,38.2098,-84.55883
1179,PILOT TRAVEL CENTERS #399,"I-65, EXIT 105",Lebanon Junction,KY,3.609,37.83451,-85.7319
1196,SOUTHERN BELLE TRUCK STOP,US-61 & SR-964,Saint Francisville,LA,3.384,30.7799,-91.3765
1199,ALLTOWN MARKETS #306,"I-190, EXIT 7",Leominster,MA,3.682,42.52509,-71.75979
1202,ONE9 #290,"I-95, EXIT 93 & SR-222",Perryville,MD,3.599,39.56011,-76.07134
1204,PETRO STOPPING CENTER #321,"I-70 & I-57, EXIT 159",Effingham,IL,3.349,39.12004,-88.54338
1208,D AVENUE FUEL PLAZA,US-131,Kalamazoo,MI,3.099,42.29171,-85.58723
1210,ROADHAWK TRAVEL CENTER,"I-94, EXIT 56 & SR-51",Paw Paw,MI,3.559,42.21782,-85.89112
1217,KWIK TRIP #250,"I-90, EXIT 179",Austin,MN,3.374,43.66663,-92.97464
1218,CASEYS #3658,SR-210,Pillager,MN,3.299,46.32997,-94.47417
1225,AYERCO #35,US-61 & US-61 BUS,Bowling Green,MO,3.016,39.34199,-91.19514
1234,Lamar Travel Plaza,US-71 & US-160,Lamar,MO,3.199,37.49505,-94.27661
1236,AYERCO #44,US-36 & US-24,Palmyra,MO,3.016,39.79421,-91.52321
1240,TEMP STOP #103,US-65,Sedalia,MO,3.199,38.70446,-93.22826
1247,SNAPPY MART #11,US-63 & SR-14,West Plains,MO,3.299,36.72812,-91.85237
1251,MAPCO #3009,US-72,Corinth,MS,3.154,34.93425,-88.52227
1256,DOUBLE QUICK #89,US-82/US-278,Greenville,MS,3.256,33.40898,-91.05978
1265,JOE JOES TRAVEL CENTER,US-78 & RED BANKS RD S,Red Banks,MS,2.972,34.82815,-89.56453
1304,LOVES TRAVEL STOP #667,"I-85, EXIT 152",Mebane,NC,3.947,36.09597,-79.26696
1315,CIRCLE K #2720218,US-421 BUS & US-15/US-501/US-1,Sanford,NC,3.082,35.47988,-79.1803
1325,SCOTCHMAN #3303,US-421 & US-74,Wilmington,NC,3.629,34.23556,-77.94604
1326,SPEEDWAY #7949,US-301/US-264 ALT & CR-1674,Wilson,NC,3.199,35.72127,-77.91554
1333,PUMP & PANTRY #15,US-30,Grand Island,NE,3.307,40.92501,-98.34201
1340,BORDENTOWN VALERO,"NJ TNPK, EXIT 7 & US-206",Bordentown,NJ,3.499,40.14622,-74.71183
1342,Delta,"I-80, EXIT 47B",Fairfield,NJ,3.202,40.88371,-74.30598
1344,BOLLA TRUCK STOP #193,US-202 & SR-17,Mahwah,NJ,3.532,41.08871,-74.14376
1348,GLOBAL,SR-73,Palmyra,NJ,3.359,40.00706,-75.02823
1356,LOVES TRAVEL STOP #257,"I-40 & HORIZON, EXIT 79",Milan,NM,3.591,35.16976,-107.89089
1364,7- ELEVEN #40507,"I-80/I-90, MM 56 WB",Rolling Prairie,IN,3.982,41.67088,-86.61585
1372,PILOT TRAVEL CENTER #469,"I-77, EXIT 101 & SR-627",Canton,OH,3.622,40.79895,-81.37845
1376,FUEL MART #782,"I-75, EXIT 118",Lima,OH,3.086,40.74255,-84.10523
1379,TA LODI TRAVEL CENTER,"I-71, EXIT 209 & I-76/US-224, EXIT 1",Seville,OH,3.739,41.01006,-81.86236
1384,SUNOCO,"I-80/I-90, EXIT 13 & US-20ALT/SR-15",Montpelier,OH,3.416,41.5845,-84.60551
1391,ONCUE EXPRESS #2045,"I-35, EXIT 203 & SR-15",Billings,OK,3.216,36.52892,-97.44394
1395,DOMINO FOOD AND FUEL #1,"I-40, EXIT 66",Clinton,OK,3.099,35.51561,-98.96731
1404,ONE9 #339,"I-74, EXIT 4 & SR-63",Covington,IN,3.262,40.1417,-87.39474
1414,SAC SHOP #507,"I-70, EXIT 12/161",Breezewood,PA,4.099,39.99925,-78.23862
1424,GETTYSBURG TRAVEL PLAZA,US-15 & SR-394,Gettysburg,PA,3.899,39.83093,-77.2311
1428,CIRCLE K #4702408,"I-65, EXIT 168 & SR-38/SR-25",Lafayette,IN,3.432,40.4167,-86.87529
1432,KWIK FILL #259,"I-81, EXIT 57",Mechanicsburg,PA,4.049,40.21426,-77.00859
1444,PILOT TRAVEL CENTERS #346,"I-20, EXIT 92 & US-601",Lugoff,SC,3.432,34.22737,-80.68925
1445,PILOT TRAVEL CENTERS #402,"I-80, EXIT 367",Cheyenne,WY,3.709,41.13998,-104.82025
1447,HOT SPOT #3005,US-221,Chesnee,SC,3.199,35.14845,-81.86094
1453,EXPRESS STOP,US-278/SR-101/SR-6 & SR-113,Rockmart,GA,3.319,34.0026,-85.04161
1455,PETRO FLORENCE,"I-95, EXIT 169",Florence,SC,3.326,34.19543,-79.76256
1461,CIRCLE K #2705370,"I-26, EXIT 15 & US-176",Inman,SC,3.099,35.04706,-82.09011
1464,CIRCLE K #2723254,"I-20, EXIT 55 & SR-6",Lexington,SC,3.199,33.98154,-81.23621
1470,CIRCLE K #2705348,US-1,Beech Island,SC,3.159,33.42736,-81.89095
1479,TA SPARTANBURG TRAVEL CENTER,"I-85, EXIT 63 & SR-290",Duncan,SC,3.432,34.9379,-82.14511
1487,ROADRUNNER MARKET #6019,"I-81, EXIT 36 NORTH",Greeneville,TN,3.499,36.16316,-82.83099
1492,MAPCO #3538,"I-24, EXIT 174",Chattanooga,TN,2.899,35.04563,-85.30968
1507,CIRCLE K #4703941,"I-55, EXIT 5A",Memphis,TN,3.189,35.14953,-90.04898
1516,LOVES TRAVEL STOP #261,I-27 EXIT 116,Amarillo,TX,3.232,35.222,-101.8313
1531,CircleK #4702365,"I-74, EXIT 112 & SR-9",Shelbyville,IN,3.509,39.52144,-85.77692
1533,YESWAY #1157,US-62,Brownfield,TX,2.992,33.1812,-102.27435
1546,SHELL,"I-35, EXIT 86 & SR-85",Dilley,TX,3.099,28.66748,-99.17059
1548,TOOT N TOTUM #107,US-287,Dumas,TX,3.032,35.86559,-101.97324
1552,STRIPES #40911,US-59 & SR-16,Freer,TX,3.099,27.8828,-98.61779
1555,SEIBERT TRAVEL PLAZA,"I-70, EXIT 405 & SR-59",Seibert,CO,3.499,39.29916,-102.8691
1560,CATTREZ,US-20 & SR-5,Irving,NY,2.899,42.56756,-79.11282
1562,I MART #108,"I-40, EXIT 108",Wildersville,TN,3.099,35.78145,-88.36032
1567,KUM & GO #4110,"I-235, EXIT 11",Des Moines,IA,3.027,41.60054,-93.60911
1579,FLYING J TRAVEL PLAZA #924- TOWN PUMP,"I-15, EXIT 122 & I-90 MM220",Butte,MT,3.566,46.00382,-112.53474
1582,LOVES TRAVEL STOP #250,I-40 EXIT 60,Amarillo,TX,3.314,35.222,-101.8313
1585,Stripes 7Fleet #42498,US-385 & CR-1910,Andrews,TX,3.369,32.31872,-102.54572
1590,ROAD RANGER #240,"I-80 & I-94, EXIT 15-A",Lake Station,IN,3.559,41.57504,-87.23892
1596,FLYING J #305,"I-40, EXIT 39",Jamestown,NM,3.442,35.4708,-108.44206
1597,7-ELEVEN #36156,"I-70 & SR-519, EXIT 25/333",Eighty Four,PA,4.999,40.18174,-80.13311
1599,ONVO TRAVEL PLAZA,"I-81, EXIT 10",Mc Graw,NY,3.439,42.59618,-76.09326
1602,CIRCLE K #2723387,US-98,Beaumont,MS,3.566,31.16935,-88.92004
1606,DONNAS TRAVEL PLAZA,"I-5, EXIT 202",Marysville,WA,4.559,48.05176,-122.17708
1610,TA BALTIMORE TRAVEL CENTER,"I-95, EXIT 57",Baltimore,MD,4.759,39.29038,-76.61219
1618,GO MART FOOD STORE #33,US-33,Ripley,WV,3.499,38.8187,-81.71069
1621,CIRCLE K #2709337,"I-65, EXIT 262B",Birmingham,AL,3.489,33.52066,-86.80249
1622,RACEWAY #6973,US-380 & SR-114/SR-101,Bridgeport,TX,2.782,33.21012,-97.75476
1623,SAPP BROS TRAVEL CENTER,"I-70 & I-270, EXIT 278",Commerce City,CO,3.389,39.80832,-104.93387
1625,PILOT TRAVEL CENTERS #60,"I-26, EXIT 159",Bowman,SC,3.432,33.34877,-80.68287
1632,PILOT TRAVEL CENTERS #266,"I-10, EXIT 139 & SR-292",Las Cruces,NM,3.191,32.31232,-106.77834
1633,7-ELEVEN #36302,"I-35, EXIT 144",Von Ormy,TX,3.109,29.28913,-98.64446
1634,PILOT TRAVEL CENTERS #40,"I-94, EXIT 322",Oak Creek,WI,3.889,42.88585,-87.86314
1644,ALLSUPS CONVENIENCE STORE #2414,"I-20, EXIT 235",Roscoe,TX,2.929,32.44595,-100.53872
1646,SPEEDWAY #8310,US-6  & US-31,Plymouth,IN,3.609,41.34366,-86.30973
1647,SPEEDWAY #8305,US-41 & SR-312,Hammond,IN,3.766,41.58337,-87.50004
1653,ROAD RANGER #187,"I-55, EXIT 289",Chicago,IL,3.569,41.85003,-87.65005
1654,CEFCO #3,US-77/US190/SR-36,Cameron,TX,2.989,30.85325,-96.97693
1661,CHEVRON,"I-20, EXIT 101 & SR-151",Calhoun,LA,3.159,32.51265,-92.35847
1669,BETTY BEAVERS TRUCKSTOP,"I-90, EXIT 28",Fultonville,NY,3.149,42.94785,-74.37041
1670,Petro Stopping Center #54,"I-44, EXIT 4 & SR-3",Joplin,MO,3.449,37.08423,-94.51328
1671,LOVES TRAVEL STOP #412,"I-95, EXIT 77",Dunn,NC,3.699,35.30627,-78.6089
1672,HANA TRAVEL PLAZA,"I-40,  EXIT 77",Amarillo,TX,2.899,35.222,-101.8313
1699,ALLENS FOOD MART280,US-280/US-231/SR-53/SR-38 & CR-8/CR-34,Sylacauga,AL,3.799,33.17317,-86.25164
1700,TOPPS FUEL STOPS,US-259/SR-49,Daingerfield,TX,3.109,33.03179,-94.72187
1720,TOOT N TOTUM #120,US-54 & S WESTERN AVE,Liberal,KS,3.016,37.04308,-100.921
1749,HIGHWAY 96 FUEL STOP,US-96 & SR-62/FM-1004,Buna,TX,3.149,30.43298,-93.9624
1753,PWI #169,"I-35/US-77, EXIT 359 & CR-1304",Abbott,TX,2.899,31.88488,-97.07334
1773,M-46 AUTO TRUCK PLAZA,"US-131, EXIT 120 & SR-46",Howard City,MI,3.099,43.39558,-85.46782
1791,PILOT TRAVEL CENTERS #257,"I-20, EXIT 126 & FM-1788",Midland,TX,3.566,31.99735,-102.07791
1807,LOVES TRAVEL STOP #229,I-40 EXIT 96 & SR-207,Panhandle,TX,3.314,35.3456,-101.38044
1810,KENT KWIK #804,US-83,Perryton,TX,2.999,36.40003,-100.80265
1829,PILOT TRAVEL CENTER #96,"SR- 60 & FL TURNPIKE, EXIT 193",Okeechobee,FL,3.699,27.24393,-80.82978
1832,CORNER FUEL CENTER,US-49,Hattiesburg,MS,3.299,31.32712,-89.29034
1834,PUMP N PANTRY #15,"I-20, EXIT 617 & US-59",Marshall,TX,2.899,32.54487,-94.36742
1849,Stripes #42457,US-67/US-277,San Angelo,TX,3.244,31.46377,-100.43704
1855,EXIT 76 AUTO TRUCK PLAZA,US-131,Byron Center,MI,3.499,42.81225,-85.72281
1858,FLYING J TRAVEL PLAZA #737,"I-10, EXIT 583",San Antonio,TX,3.224,29.42412,-98.49363
1859,GO MART FOOD STORE #44,"I-79, EXIT 67 & US-19/SR-4",Sutton,WV,3.559,38.66454,-80.70982
1860,MR FUEL #278,"I-75/71, EXIT 175 & SR-338",Walton,KY,3.019,38.87562,-84.61022
1861,PETRO STOPPING CENTER #315,"I-40, EXIT 66",Kingman,AZ,3.899,35.18944,-114.05301
1866,PRI MART FUEL CENTER,"I-94, EXIT 29",Benton Harbor,MI,3.499,42.11671,-86.45419
1873,JDS TRUCKSTOP,"US-12 & US-31, EXIT 3",Niles,MI,3.749,41.82977,-86.25418
1874,CIRCLE K #2744529,US-175,Seagoville,TX,2.951,32.63958,-96.53832
1879,HOLIDAY STATIONSTORE #3552,"I-35, EXIT 81 & SR-70",Lakeville,MN,3.549,44.64969,-93.24272
1888,STRIPES 7FLEET #42449,US-87,Sterling City,TX,3.281,31.83625,-100.98483
1889,TOOT N TOTUM #105,US-54 & US-287,Stratford,TX,2.966,36.33614,-102.07212
1893,MIKE MCDONALD TRUCK STOP,"I-20, EXIT 509",Terrell,TX,2.871,32.73596,-96.27526
1894,CIRCLE K #2741544,"I-37 & SR-72, EXIT 69",Three Rivers,TX,3.066,28.46027,-98.18251
1897,YESWAY #1077,"I-20/US-84, EXIT 278",Tye,TX,2.876,32.45762,-99.87148
1905,LUCKY TRUCK STOP,US-82,Whitesboro,TX,2.886,33.65622,-96.90695
1909,RALLYSTOP #1,"I-15, EXIT 62",Cedar City,UT,3.459,37.67748,-113.06189
1914,LOVES TRAVEL STOP #792,"I-70, EXIT 160",Green River,UT,3.709,38.99525,-110.1618
1921,BELL TRUCK STOP,"I-80, EXIT 146",Park City,UT,3.452,40.64606,-111.49797
1923,SCENIC QUIK STOP,"I-70, EXIT 54 & US-89",Salina,UT,3.459,38.95774,-111.85993
1930,CASEYS #3058,"I-35, EXIT 19 & US-160 E",Wellington,KS,3.299,37.2653,-97.37171
1931,RBS ONE STOP,"I-15, EXIT 320",Woods Cross,UT,3.459,40.87161,-111.89216
1934,CIRCLE K #2723710,"I-77, EXIT 24",Austinville,VA,3.241,36.85123,-80.91202
1936,QUICK STOP MARKET #36,"I-81, EXIT 10 & US-11",Bristol,VA,3.399,36.59649,-82.18847
1940,7-ELEVEN #40063,"I-81, EXIT 98 & SR-100",Dublin,VA,3.199,37.10568,-80.68534
1944,LOVES TRAVEL STOPS #399,"I-77, EXIT 1 & SR-620",Lambsburg,VA,3.589,36.58541,-80.76118
1950,7-ELEVEN #34515,"I-81, EXIT 205",King George,VA,3.399,38.26818,-77.18442
1951,CIRCLE K #2723713,"I-81, EXIT 205",Staunton,VA,3.386,38.14991,-79.0732
1953,FAS MART #3555,"I-64, EXIT 136 & US-15",Gordonsville,VA,3.699,38.13736,-78.18778
1954,Joe's Kwik Mart #8409,US-58 & CR-645,Suffolk,VA,3.032,36.72836,-76.58496
1956,PILOT TRAVEL CENTER #4642,"I-81, EXIT 291",Toms Brook,VA,3.659,38.9465,-78.43917
1958,SPEEDWAY #4618,"I-81 & I-77, EXIT 77",Wytheville,VA,3.412,36.94845,-81.08481
1960,MAPLEWOOD IRVING,"I-89, EXIT 7",Montpelier,VT,3.699,44.26006,-72.57539
1962,SUPER QUIK,"I-64, EXIT 172 & SR-1/SR-7",Grayson,KY,3.799,38.33258,-82.9485
1976,One9 #963,"I-90, EXIT 276",Spokane,WA,3.959,47.65966,-117.42908
1977,GEE CEES TRUCK STOP,"I-5, EXIT 57",Toledo,WA,3.839,46.43983,-122.84678
1983,KWIK TRIP #427,"US-53, EXIT 110 & SR-40",Bloomer,WI,3.416,45.10024,-91.48877
1985,Camp Douglas BP,"I-90 & I-94, EXIT 55",Camp Douglas,WI,3.154,43.92247,-90.27152
2000,RIVER CITY TRAVEL PLAZA,US-41,Marinette,WI,3.399,45.09998,-87.63066
2002,KWIK TRIP #222,US-53/US-2,Superior,WI,3.339,46.72077,-92.10408
2009,KWIK TRIP #139,"I-43, EXIT 120 & CR-V/CR-OK",Sheboygan,WI,3.291,43.75083,-87.71453
2020,BFS FOODS #72,"I-68, EXIT 23 & SR-26",Bruceton Mills,WV,3.499,39.65869,-79.64116
2021,GO MART FOOD STORE #59,"I-64, EXIT 15 & US-60",Huntington,WV,3.499,38.41925,-82.44515
2022,GO MART FOOD STORE #86,"I-79, EXIT 40 & SR-16",Ivydale,WV,3.599,38.53565,-81.03483
2029,HOMAX SERVICE,"I-25, EXIT 188",Mills,WY,3.169,42.84052,-106.36586
2030,GHOST TOWN FUEL STOP,US-26/US-20,Casper,WY,3.429,42.86663,-106.31308
2034,TA CHEYENNE TRAVEL CENTER,"I-80, EXIT 377 & SR-217/CR-140",Cheyenne,WY,3.699,41.13998,-104.82025
2040,Fast Stop Travel Centers #1133,"I-25, EXIT 126 & US-18/20",Douglas,WY,3.499,42.75969,-105.38221
2041,PINE BLUFFS SINCLAIR,"I-80, EXIT 401 & US-30",Pine Bluffs,WY,3.699,41.18193,-104.06912
2044,One9 #1251,"I-80, EXIT 173",Wamsutter,WY,3.499,41.67301,-107.97925
2074,STRIPES #40522,"I-10, EXIT 550",San Antonio,TX,3.059,29.42412,-98.49363
2076,ALLSUPS CONVENIENCE STORE #2159,US-283 BUS/US-277 BUS & SR-422,Seymour,TX,3.299,33.59426,-99.26035
2078,ALLSUPS CONVENIENCE STORE #2366,US-84 & CR-3300,Slaton,TX,2.969,33.43731,-101.64349
2084,Main Street Market #112,"I-20, EXIT 73",Wickett,TX,2.879,31.57013,-103.00099
2087,LWS TRUCK STOP,SR-30,Logan,UT,3.426,41.73549,-111.83439
2088,FLYING J TRAVEL PLAZA #773,"I-70, EXIT 40",Richfield,UT,3.699,38.77247,-112.08409
2089,FLYING J TRAVEL PLAZA #774,"I-84, EXIT 7",Snowville,UT,3.749,41.96548,-112.7097
2115,KWIK TRIP #838,SR-23/SR-33,Reedsburg,WI,3.194,43.53248,-90.00263
2125,BIG D #44,"I-80, EXIT 311 & SR-130",Laramie,WY,3.249,41.31137,-105.5911
2144,Mountain View Truck Stop,US-15,Thurmont,MD,4.099,39.62371,-77.41082
2152,SPEEDWAY #4709,"I-90, EXIT 102",Fairmont,MN,3.299,43.65218,-94.46108
2167,PILOT TRAVEL CENTERS #134,"I-94, EXIT 171 (CR 75)",Saint Cloud,MN,3.287,45.5608,-94.16249
2182,PILOT TRAVEL CENTER #4649,"I-64 & I-81, EXIT 205",Raphine,VA,3.659,37.93735,-79.23281
2192,GO MART FOOD STORE #51,US-19/SR-129,Mount Nebo,WV,3.599,38.20011,-80.85121
2194,A AND A TRUCKSTOP,US-35 & CR-41,Jackson,OH,3.799,39.05202,-82.63655
2196,Certified Oil #400410,I-76 EXIT 43,Ravenna,OH,3.316,41.15756,-81.24205
2204,NATURAL BRIDGE SHELL,US-278 & SR-5,Lynn,AL,3.682,34.04705,-87.54974
2209,Roadrunner #471,"I-40/US-65, EXIT 142 & SR-365",North Little Rock,AR,3.032,34.76954,-92.26709
2219,PILOT TRAVEL CENTER #66,"I-85, EXIT 129",Braselton,GA,3.272,34.10927,-83.76267
2223,PO JOS GAS N GO,"I-16 SR-404, EXIT 116 & US-301/SR-73",Register,GA,3.232,32.36712,-81.884
2227,SPEEDWAY #7448,SR-59,Naperville,IL,3.299,41.78586,-88.14729
2231,QUIKTRIP #605,"I-270, EXIT 33",Saint Louis,MO,2.899,38.62727,-90.19789
2255,S&G #36,"I-280, EXIT 2 & SR-795",Millbury,OH,3.492,41.56616,-83.42465
2267,Circle K #4703917,"I-65, EXIT 112 & SR-25",Cross Plains,TN,2.949,36.54866,-86.69611
2283,CIRCLE K #2707321,SR-60,Bartow,FL,3.522,27.89641,-81.84314
2287,SAC SHOP #511,"I-76/I-70, EXIT 146 & I-99/US-220 EXIT 1",Bedford,PA,4.099,40.01869,-78.50391
2306,SCOTCHMAN #3894,"I-77, EXIT 73 & SR-901",Rock Hill,SC,3.079,34.92487,-81.02508
2310,MAPCO #3686,"I-24, EXIT 175",Chattanooga,TN,2.889,35.04563,-85.30968
2311,SHELL,"I-24 & EPPS MILL RD, EXIT 89",Christiana,TN,3.132,35.71007,-86.39944
2331,PINNERS POINT,SR-135,Portsmouth,VA,3.499,36.83543,-76.29827
2336,FLYING J TRAVEL PLAZA #754,"I-77 & I-81, EXIT 77",Wytheville,VA,3.549,36.94845,-81.08481
2340,RSTORE #4478,SR-8 & SR-13,Prentice,WI,3.039,45.54607,-90.28654
2557,PWI #106,"I-30, EXIT 77B",Royse City,TX,2.899,32.97512,-96.33248
2602,PILOT TRAVEL CENTERS #9,"I-75, EXIT 36",Franklin,OH,3.352,39.55895,-84.30411
2623,TA JANESVILLE TRAVEL CENTER,"I-90/I-39, EXIT 171B & US-14",Janesville,WI,3.299,42.68279,-89.01872
2626,WEST END SINCLAIR,"I-80, EXIT 211",Rawlins,WY,3.319,41.79107,-107.23866
2629,PILOT TRAVEL CENTERS #253,"I-295 & NJ TRNPK,  EXIT 2B",Penns Grove,NJ,3.989,39.72956,-75.46797
2635,FLYING J #584,"I-5, EXIT 278",Aurora,OR,3.859,45.23095,-122.75593
2638,PIT STOP TRAVEL CENTER,US-789,Riverton,WY,4.399,43.02496,-108.3801
2640,LITTLE NASHVILLE,"I-64, EXIT 50 & SR-127",Nashville,IL,3.299,38.34366,-89.38064
2644,FREDERICKS TRAVEL CENTER,"I-25/US-87, EXIT 235 & SR-52",Erie,CO,3.499,40.05026,-105.04998
2756,PAR MAR FOOD STORE #89,"I-77/SR-2, EXIT 170 & SR-14 E",Mineral Wells,WV,3.499,39.178,-81.51207
2761,PONY EXPRESS SERVICE CENTER,US-36 & SR-148,Hanover,KS,2.956,39.89389,-96.87947
2764,LOVES TRAVEL STOP #046,US-64/54 & SR-94,Hooker,OK,3.562,36.86003,-101.2135
2765,LOVES TRAVEL STOP #023,US-50 & US-287,Lamar,CO,3.462,38.08723,-102.62075
2772,PILOT TRAVEL CENTERS #29,"I- 80, EXIT 144; I-69, EXIT 357",Fremont,IN,3.899,41.73088,-84.93274
2779,Stinker #121,I-84 & EXIT 208,Heyburn,ID,3.561,42.55852,-113.7639
2788,JIFFY MART #451,"I-91, EXIT 17 & SR-302",Wells River,VT,3.569,44.15423,-72.04704
2805,Fast Stop Travel Centers #1145,"I-15,  EXIT 31",Downey,ID,3.799,42.42853,-112.12441
2807,SUDDEN SERVICE #25,"I-24, EXIT 11",Clarksville,TN,3.307,36.52977,-87.35945
2811,KWIK FILL #22,"I-90, EXIT 40 & SR-34/SR-31",Weedsport,NY,3.899,43.04868,-76.56272
2817,Chevron #382354,"I-5/US-12, EXIT 72",Chehalis,WA,4.299,46.66205,-122.96402
2848,TA TONOPAH TRAVEL CENTER,"I-10, EXIT 103",Tonopah,AZ,3.939,33.49365,-112.93712
2851,SPEEDWAY #2958,"I-8, EXIT 12",Yuma,AZ,3.479,32.72532,-114.6244
2862,TA TALLULAH TRAVEL CENTER,"I-20, EXIT 171 & US-65",Tallulah,LA,3.209,32.40848,-91.18678
2864,KUM & GO #0493,I-49 BUS/SR-59,Neosho,MO,3.059,36.86896,-94.368
2875,CIRCLE K #2744138,"I-25, EXIT 101 & US-50/SR-47",Pueblo,CO,3.399,38.25445,-104.60914
2883,PILOT TRAVEL CENTERS #293,"I-75, EXIT 341 & CR-484",Ocala,FL,3.359,29.1872,-82.14009
2885,SP Truckstop & Travel Center,US-84/SR-38,Bainbridge,GA,3.599,30.9038,-84.57547
2889,MOULTON COWBOYS,SR-157,Moulton,AL,3.099,34.48121,-87.29335
2891,PETRO STOPPING CENTER #338,"I-80, EXIT 21",Sparks,NV,3.949,39.53491,-119.75269
2895,EAGLE TRUCK STOP,I-77 EXIT 81,New Philadelphia,OH,3.316,40.48979,-81.44567
2896,NORTH LEWISTON DYNAMART,US-12 & SR 128,Lewiston,ID,3.669,46.41655,-117.01766
2897,GAS N GO #15,"I-80, EXIT 41",Lyman,WY,3.466,41.32745,-110.29293
2910,FLYING J TRAVEL PLAZA #685,"I-29 & I- 94, EXIT 349",Fargo,ND,3.569,46.87719,-96.7898
2913,ONE9#226,"I-40, EXIT 417 & SR-92",Dandridge,TN,3.259,36.01537,-83.41489
2915,TP TRUCK STOP,"I-15, EXIT 80",Fort Hall,ID,3.519,43.03325,-112.43831
2917,GOLDYS TRUCK PLAZA,US-29,Rustburg,VA,3.519,37.27681,-79.10085
2922,LOVES TRAVEL STOP #210,"I-40, EXIT 158",Albuquerque,NM,3.521,35.08449,-106.65114
2923,LOVES TRAVEL STOPS #435,"I-95, EXIT 104 & SR-207",Ruther Glen,VA,3.589,37.92875,-77.45582
2924,HWY 190 FUEL STOP,US-190,Jasper,TX,3.132,30.9202,-93.99658
2926,EXIT 77 TRAVEL PLAZA,"I-81, EXIT 77 & SR-39",Harrisburg,PA,3.499,40.2737,-76.88442
2929,TA EXPRESS STEELE,"I-94, EXIT 200 & SR- 3",Steele,ND,3.599,46.85471,-99.91594
2935,CIRCLE K #2726163,"I-295, EXIT 22",Jacksonville,FL,3.299,30.33218,-81.65565
2937,FLYING J TRAVEL PLAZA #664,"I-75, EXIT 171",Walton,KY,3.086,38.87562,-84.61022
2956,PILOT TRAVEL CENTERS #275,"I-85, EXIT 39 I-77, EXIT 13",Charlotte,NC,3.552,35.22709,-80.84313
2963,SUPERPUMPER #26,"I-94, EXIT 258 & US-281",Jamestown,ND,3.629,46.91054,-98.70844
2967,PETRO STOPPING CENTER #317,"I-57, EXIT 71",Perrysburg,OH,3.786,41.557,-83.62716
2968,E-Z MART #4460,"I-20,  EXIT 124",Monroe,LA,3.129,32.50931,-92.1193
2977,DISCOUNT FUEL,"I-90, EXIT 150 & SR-73",Kadoka,SD,3.229,43.83388,-101.50987
2982,CIRCLE K #2723726,"I-59/I-20, EXIT 52 & US-11/US-43/SR-7",Knoxville,AL,3.089,33.59177,-85.89719
3003,CHEVRON,"I-20, EXIT 186",Delta,LA,2.994,32.3257,-90.92705
3008,BUSY BEE,"I-10, EXIT 283 & US-129",Live Oak,FL,3.779,30.29495,-82.98402
3022,TA GREENCASTLE TRAVEL CENTER,"I-81, EXIT 5",Greencastle,PA,3.959,39.79037,-77.72777
3030,Mr Ts Riverside,US-412,Cardwell,MO,3.199,36.04701,-90.29288
3064,PORTS TO PLAINS TRAVEL PLAZA,US-50 & US-287,Lamar,CO,3.399,38.08723,-102.62075
3086,SPEEDWAY #4638,US-29,Madison Heights,VA,3.496,37.43098,-79.12308
3093,RSTORE #4488,US-51,Merrill,WI,3.241,45.18052,-89.68346
3096,HOBO PANTRY #6,US-431/SR-210,Dothan,AL,3.959,31.22323,-85.39049
3118,MOBIL,"I-87, EXIT 42 & US-11",Champlain,NY,3.799,44.98643,-73.44653
3128,TA ATLANTA SOUTH TRAVEL CENTER,"I-75, EXIT 201 & SR-36",Jackson,GA,3.334,33.29457,-83.96602
3138,TA EXPRESS #6264,"I-70, EXIT 26 & US-50",Grand Junction,CO,4.049,39.06387,-108.55065
3139,CHEROKEE TRAVEL MART,"I-40,  EXIT 108",Calumet,OK,3.106,35.60116,-98.11867
3148,YESWAY #1038,US-60 & SR-86,Neosho,MO,3.059,36.86896,-94.368
3155,QUIK MART #18,US-72/SR-157,Tuscumbia,AL,3.007,34.7312,-87.70253
3163,QUIKTRIP #71,"I-44, EXIT 238",Tulsa,OK,3.039,36.15398,-95.99277
3164,QUIKTRIP #102,"I-44, EXIT 222A",Tulsa,OK,3.039,36.15398,-95.99277
3165,LOVES TRAVEL STOP #213,"I-35, EXIT 211",Tonkawa,OK,3.584,36.67837,-97.31004
3167,JASPER FOOD MART,US-78,Jasper,AL,3.229,33.83122,-87.27751
3171,One9 #265,"I-40, EXIT 287 & SR-136",Cookeville,TN,3.084,36.16284,-85.50164
3176,BP,US-6 & SR-15,New Paris,IN,3.657,41.50033,-85.82805
3178,ERNIES FUEL STOP #1605,SR-167,Kent,WA,4.599,47.38093,-122.23484
3179,MR FUEL #1020,"I-80 & I-94, EXIT 15B",Lake Station,IN,3.566,41.57504,-87.23892
3191,BUSY CORNER TRUCK STOP AND MARKET,"I-24, EXIT 105 & US-41/SR-2",Manchester,TN,3.049,35.48174,-86.0886
3205,CROSSROADS TRUCK STOP STATION,"I-29 & SR 34, MM 109",Colman,SD,3.159,43.98247,-96.8145
3206,PERHAM OASIS,US-10 & SR-78,Perham,MN,3.499,46.5944,-95.57254
3215,SHELL TRUCKSTOP,"I-4, EXIT 44",Polk City,FL,3.449,28.18251,-81.82397
3216,MAXS #124,"I-24, EXIT 86 & US-41",Oak Grove,KY,3.042,37.34421,-86.75471
3221,Southern Travel Plaza,"US-67, EXIT 55 & US-64/US-167 & SR-367",Bald Knob,AR,3.391,35.30981,-91.56791
3222,POMPANO TRUCK STOP,"I-95, EXIT 36B",Pompano Beach,FL,3.759,26.23786,-80.12477
3226,ONE9 #245,"I-81, EXIT 77 & SR-39",Harrisburg,PA,3.609,40.2737,-76.88442
3227,ONE9 MR FUEL #64,"I-26 & US-17, EXIT 199",Summerville,SC,3.219,33.0185,-80.17565
3230,STRIPES #40815,US-281 & US-285,Falfurrias,TX,3.299,27.22699,-98.14417
3264,TA WEST MEMPHIS TRAVEL CENTER,"I-40/US-63, EXIT 260 & SR-149",Earle,AR,3.367,35.27509,-90.46677
3280,OUTPOST TRUCK STOP,US-85 & US-18/US-20,Lusk,WY,3.689,42.76247,-104.45217
3281,AMERICAN TRUCK PLAZA,I-80 EXIT 215 & SR-254,Milton,PA,3.799,41.01203,-76.84774
3284,CASEYS #4390,"I-49/US-71, EXIT 77 & US-160",Lamar,MO,3.199,37.49505,-94.27661
3297,SAPP BROS TRAVEL CENTER,"I-80, EXIT 370",Cheyenne,WY,3.701,41.13998,-104.82025
3316,TRUCKOMAT OF N LITTLE ROCK,"I-40, EXIT 161 & SR-391",North Little Rock,AR,3.249,34.76954,-92.26709
3326,MIRABITO #61,"I-81, EXIT 32",Central Square,NY,4.299,43.28674,-76.14604
3330,TA # 211 GREENLAND TRAVEL CENTER,"I-95, EXIT 3A & US-101",Greenland,NH,3.759,43.0362,-70.83283
3349,QUEEN CITY TRUCK STOP,"I-20 & I-59, EXIT150",Meridian,MS,2.939,32.36431,-88.70366
3383,E-Express at Central Truck Stop,"I-35, EXIT 137",Oklahoma City,OK,2.879,35.46756,-97.51643
3386,LONGMONT TRUCK STOP,"I-25/US-87, EXIT 240 & SR-119",Longmont,CO,3.239,40.16721,-105.10193
3401,POPS Mart #333,"I-77, EXIT 48 & SR-200",Winnsboro,SC,3.091,34.3807,-81.08648
3413,COUNTRY GIRL TRUCK STOP,US-167 & SR-156,Winnfield,LA,3.319,31.92558,-92.64131
3415,JAYS EL CHEAPO FUEL STOP,"I-16, EXIT 104",Metter,GA,3.249,32.39712,-82.06012
3418,Par Mar Store #164,"I-79, EXIT 105 & CR-7",Jane Lew,WV,3.999,39.10982,-80.40676
3421,ERNIES TRUCK STOP,"I-5, EXIT 142",Federal Way,WA,4.599,47.32232,-122.31262
3422,PWI #167,"I-10, EXIT 601",Seguin,TX,2.889,29.56884,-97.96473
3427,JOHNNYS MARKET,"I-69, EXIT 357",Fremont,IN,3.699,41.73088,-84.93274
3432,PILOT TRAVEL CENTERS #34,"I-65, EXIT 201 & US-231",Remington,IN,3.659,40.76087,-87.15085
3435,PWI #168,"I-35, EXIT 266 & SR-195",Georgetown,TX,2.799,30.63269,-97.67723
3444,Acme Truck Stop,US-441/SR-500,Orlando,FL,3.449,28.53834,-81.37924
3460,CHROME TRUCK STOP,US-18 & US-169,Algona,IA,3.499,43.06997,-94.23302
3464,BOISE PETROLEUM LLC,"I-84,  EXIT 71",Boise,ID,3.379,43.6135,-116.20345
3471,ONE9 MR FUEL #72,"I-16, EXIT 160",Savannah,GA,3.119,32.08354,-81.09983
3475,PILOT TRAVEL CENTERS #56,"I-85, EXIT 63",Kannapolis,NC,3.499,35.48736,-80.62173
3477,CIRCLE K #4707404,"I-91, EXIT 7",Springfield,VT,3.699,43.29841,-72.48231
3479,FAST MARKET #4550,"I-75/SR-401, EXIT 136 & US-341",Perry,GA,3.099,32.45821,-83.73157
3493,CIRCLE K #2723675,"I-75, EXIT 290 & SR-20",Cartersville,GA,3.086,34.16533,-84.80231
3519,PILOT TRAVEL CENTERS #431,"I-10, EXIT 873",Orange,TX,3.309,30.09299,-93.73655
3522,SUNMART #308,US-59,Livingston,TX,2.859,30.71103,-94.93299
3526,JOE STOP 99,"I-75, EXIT 99 & SR-119",Anna,OH,3.064,40.39449,-84.17272
3530,SPARKYS ONE STOP #22,"I-35, EXIT 111B & US-30",Jefferson,IA,3.232,42.01526,-94.37747
3536,PETRO STOPPING CENTER #307,I-40 EAST & S LAKESIDE Dr,Amarillo,TX,3.279,35.222,-101.8313
3539,Bigs 211,"I-10, EXIT 620 & SR-123",Seguin,TX,3.099,29.56884,-97.96473
3545,STOCKMENS TRUCK PLAZA,"I-494, EXIT 64A",South Saint Paul,MN,3.499,44.89274,-93.03494
3580,STINKER I 80 TRAVEL PLAZA,"I-80, EXIT 221 & SR-76",Sinclair,WY,3.759,41.77496,-107.1131
3585,CHEVRON,"I-80, EXIT 129",Lovelock,NV,3.499,40.17935,-118.47348
3588,BINGO TRUCK STOP,"I-10, EXIT 829 & SR-124",Winnie,TX,2.999,29.82022,-94.38408
3592,TA BRIDGER TRAVEL CENTER #188,"I-80, EXIT 30 & CR-202",Fort Bridger,WY,3.716,41.31662,-110.38433
3593,TA Parowan Travel Center,"I-15, EXIT 78",Parowan,UT,3.706,37.8422,-112.828
3605,SPEEDYS #6,"I-35, EXIT 33",Saint Joseph,MO,3.169,39.76861,-94.84663
3608,FUEL MART #787,"I-57, EXIT 212 & US-36",Tuscola,IL,3.199,39.7992,-88.2831
3614,PILOT TRAVEL CENTERS #35,"I-80/90, EXIT 72 & US-31",South Bend,IN,3.799,41.68338,-86.25001
3616,PILOT TRAVEL CENTERS #15,"I-75, EXIT 210",Toledo,OH,3.772,41.66394,-83.55521
3619,ROAD RANGER #141,"I-70, EXIT 23",Brazil,IN,3.659,39.52365,-87.12502
3620,One9 #16,"I-71 & US-68, EXIT 50",Wilmington,OH,3.142,39.44534,-83.82854
3645,SNOW SHOE TRAVEL PLAZA,"I-80, EXIT 147 & SR-144",Snow Shoe,PA,3.469,41.03089,-77.94945
3678,TIMES MARKET #299,US-281 BUS,Alice,TX,3.099,27.75225,-98.06972
3688,SPEEDWAY #2314,"I-94, EXIT 243 & SR-29",New Baltimore,MI,3.559,42.68114,-82.73686
3692,CHARLOTTE TRAVEL PLAZA,"I-77,  EXIT 16B",Charlotte,NC,3.532,35.22709,-80.84313
3699,WARREN TRAVEL PLAZA,"I-69, EXIT 278 & SR-5",Warren,IN,3.399,40.68282,-85.4272
3702,BEARS DEN TRADING POST #101,ST 37 11 MI E OF MASSENA,Hogansburg,NY,3.649,44.97394,-74.66324
3707,SPEEDWAY #4704,"I-90, EXIT 154",Albert Lea,MN,3.299,43.64801,-93.36827
3718,SPEEDWAY #4706,"I-90, EXIT 265",Chamberlain,SD,3.299,43.81083,-99.33066
3719,KEYSTONE TRUCK STOP,US-22 & SR-164,Loretto,PA,3.999,40.50313,-78.6303
3725,GENEVA TRUCK STOP,"I-79, EXIT 35/141",Cochranton,PA,3.816,41.52005,-80.04839
3728,PLAZA 23 TRUCK STOP,"I-787, EXIT 2",Albany,NY,3.799,42.65258,-73.75623
3737,JORDAN'S KWIK STOP #70,US-49,West Helena,AR,3.399,34.55066,-90.64177
3745,PILOT TRAVEL CENTER #906-TOWN PUMP,"I-90, EXIT 408 & SR-78",Columbus,MT,3.581,45.63661,-109.25211
3759,EXXON,US-67 & SR-18,Newport,AR,4.132,35.6048,-91.2818
3767,SIMMONS TRAVEL CENTER,"I-95, EXIT 8 & US-301",Emporia,VA,3.099,36.68598,-77.54248
3772,Brake Time Corner Market,"I-25, EXIT 240",Burlington,CO,3.499,39.30611,-102.26936
3774,SINCLAIR,"I-70, EXIT 438",Burlington,CO,3.889,39.30611,-102.26936
3781,REATTA TRAVEL STOP,"I-76, EXIT 149 & SR-55/CR-81",Crook,CO,3.382,40.85888,-102.80103
3783,CIRCLE K #2744095,"I-25, EXIT 215",Denver,CO,3.299,39.73915,-104.9847
3794,SPEEDWAY #4701,"I-90, EXIT 73",Jackson,MN,3.299,43.62079,-94.9886
3817,FAST MARKET,"I-25, EXIT 158",Colorado Springs,CO,3.159,38.83388,-104.82136
3843,ONCUE EXPRESS #61,"I-35, EXIT 185 & US-77",Perry,OK,3.216,36.28949,-97.2881
3868,SHORE STOP #279,US-13,Greenwood,DE,3.239,38.80706,-75.59132
3888,Fics Plaza,"I-90, EXIT 184",Deer Lodge,MT,3.519,46.39576,-112.73004
3889,CIRCLE K #2701686,"I-75, EXIT 220",Bradenton,FL,3.439,27.49893,-82.57482
3907,SUNOCO,US-46 & SR-93,Palisades Park,NJ,3.279,40.84816,-73.99764
3908,SEMINOLE TRUCK STOP,"I-75, EXIT 354",Fort Lauderdale,FL,3.699,26.12231,-80.14338
3927,MICCOSUKEE SERVICE PLAZA,"I-75, EXIT 49 & SR-84",Fort Lauderdale,FL,3.666,26.12231,-80.14338
3936,Uncle Petes Truck  Stop,"I-40, EXIT 239 & US-70/SR-26",Lebanon,TN,2.989,36.20811,-86.2911
3946,Fast Lane,US-24 & US-63,Moberly,MO,3.469,39.41837,-92.43824
3949,SUNSTOP #337,"I-10/SR-8, EXIT 303 & US-441",Lake City,FL,3.699,30.18968,-82.63929
3956,CIRCLE K #2707451,US-27/SR-25 & SR-70,Lake Placid,FL,3.399,27.29834,-81.37124
3964,SPEEDWAY #6604,"I-94, EXIT 66",Mattawan,MI,3.489,42.20948,-85.78445
3970,EXXON - Pilot #1293,"I-30, EXIT 61",Garland,TX,2.842,32.91262,-96.63888
3973,LOVES TRAVEL STOP #205,"I-35 & I-44, EXIT 137",Oklahoma City,OK,3.319,35.46756,-97.51643
3974,LOVES TRAVEL STOP #201,I-40 EXIT 41,Elk City,OK,3.126,35.41199,-99.40426
3975,SUNSTOP #334,"I-10, EXIT 335 & SR-121",Macclenny,FL,3.459,30.28218,-82.12206
3979,PETRO GARY 369,"I-80 & I-94, EXIT 9",Gary,IN,3.831,41.59337,-87.34643
4006,MISSILE MART #1,US-167 & SR-7,El Dorado,AR,3.499,33.20763,-92.66627
4008,BALDWIN TRAVEL PLAZA,"I-94, EXIT 19 & US HWY 63",Baldwin,WI,3.503,44.96663,-92.37436
4025,BP,"I-85, EXIT 21  & US-178",Anderson,SC,2.909,34.50344,-82.65013
4035,PILOT TRAVEL CENTER #430,"I-40,  EXIT 84",Russellville,AR,3.375,35.27842,-93.13379
4062,DUDLEYS TRUCK STOP RESTAURANT,US-220,Rocky Mount,VA,3.299,36.99764,-79.89198
4063,STUCKEY'S,"I-59, EXIT 67 & US-49",Hattiesburg,MS,2.999,31.32712,-89.29034
4080,SHELL DBA PILOT DEALER #874,US-41,Miami,FL,3.699,25.77427,-80.19366
4101,E-Z MART #4411,HIGHWAY 69 & COBBLESTONE DR,Pryor,OK,3.099,36.30843,-95.31691
4113,ASAP GENERAL STORE #330,US-412/SR-15,Enid,OK,3.082,36.39559,-97.87839
4115,QUIKTRIP #707,"I-85 , EXIT 96",Atlanta,GA,3.341,33.749,-84.38798
4119,JET FOOD STORE #82,US-441 & CR-13,Douglas,GA,3.441,31.50881,-82.84987
4156,PETRO STOPPING CENTER #305,"I-10, EXIT 582",San Antonio,TX,3.207,29.42412,-98.49363
4161,EL CHEAPO,I-95 & EXIT 76,Midway,GA,3.526,31.80577,-81.43066
4164,CIRCLE K #2723897,"I-75, EXIT 138",Thomasville,GA,3.236,30.83658,-83.97878
4169,TA KINGMAN TRAVEL CENTER,"I-40, EXIT 48 & US-93",Kingman,AZ,3.899,35.18944,-114.05301
4171,PETRO SERVE USA #11,US-2 & US-71,Bemidji,MN,3.499,47.47356,-94.88028
4172,FLYING J TRAVEL PLAZA #639,"I-90, EXIT 2",Post Falls,ID,3.762,47.71796,-116.95159
4179,CIRCLE K #2705352,"I-95/SR-405, EXIT 109 & SR-30/SR-21",Port Wentworth,GA,3.099,32.14909,-81.16317
4187,FLYING J TRAVEL PLAZA #632,"I-75, EXIT 320",Resaca,GA,3.296,34.58036,-84.94328
4193,TIGER MART #63,"I-20, EXIT 454",Grand Prairie,TX,3.599,32.74596,-96.99778
4199,PWI #574,"I-70, EXIT 193/US-40",Bunker Hill,KS,2.959,38.87584,-98.70397
4204,PILOT TRAVEL CENTER #415,"I-59, EXIT 4",Rising Fawn,GA,3.819,34.76008,-85.53108
4211,FLYING J #513,"I-15, EXIT 1",Jean,NV,3.732,35.77887,-115.32388
4220,KENNETT TRUCK STOP,"I-275, EXIT 16",Lawrenceburg,IN,3.424,39.09089,-84.84995
4222,Circle K #4703906,"I-24, EXIT 24 & SR-49",Pleasant View,TN,2.899,36.39422,-87.03667
4223,TA PEMBROKE TRAVEL CENTER,"I-90, EXIT 48A",Corfu,NY,3.829,42.96006,-78.40558
4227,LOVES TRAVEL STOP #203,"I-40, EXIT 140",Oklahoma City,OK,3.356,35.46756,-97.51643
4233,QUIKTRIP #7220,"I-20, EXIT 8",Shreveport,LA,2.892,32.52515,-93.75018
4239,SPEEDWAY #8256,"I-64, EXIT 94 & SR-1958 & US-60",Winchester,KY,2.922,37.99008,-84.17965
4241,EXXON,"I-285, EXIT 53",Conley,GA,3.999,33.64483,-84.32576
4267,CONOCO,US-30 & SR-41,Gap,PA,3.799,39.98732,-76.02051
4292,KUM & GO #0032,"I-80/US-6, EXIT 155 & SR-117",Colfax,IA,3.082,41.67777,-93.2452
4301,TIGER DISCOUNT TRUCKSTOP,"I-94, EXIT 64 & I-94 BUS",Dickinson,ND,3.516,46.87918,-102.78962
4311,Saveway Truck Plaza,"I-65, EXIT 164 & US-31",Hope Hull,AL,3.139,32.26986,-86.35719
4331,KWIK STOP C STORES,US-61/US-151,Dubuque,IA,3.559,42.50056,-90.66457
4332,PILOT TRAVEL CENTER #468,"I-57, EXIT 283 & US-24",Gilman,IL,3.399,40.7667,-87.99226
4335,HIGHWAY 20  AUTO TRUCK PLAZA,US-20,Peosta,IA,3.489,42.45056,-90.85041
4339,ROAD RANGER #273,I-69E/US-77 & SR-107,Combes,TX,3.049,26.24869,-97.73388
4349,ROAD RANGER #144,"I-380, EXIT 68US-20, EXIT 68",Evansdale,IA,3.729,42.46915,-92.28102
4363,EL CHEAPO #4,"I-95, EXIT 87",Richmond Hill,GA,3.096,31.93827,-81.30344
4368,HOODS SERVICE CENTER,"I-44, EXIT 61",Bois D Arc,MO,3.074,37.25644,-93.5077
4372,GRADYS TRUCKSTOP,"I-16, EXIT 111",Pulaski,GA,3.466,32.39018,-81.95678
4373,KUM & GO #0043,"I-35, EXIT 43 & SR-207/CRG76",New Virginia,IA,3.114,41.18222,-93.72883
4389,TAYLOR QUIK-PIK,"I-29, EXIT 75 & US-30",Missouri Valley,IA,3.399,41.55638,-95.88779
4395,BREAK TIME #3147,"I-55, EXIT 67 & US-62",Sikeston,MO,3.499,36.87672,-89.58786
4417,TA MORIARITY TRAVEL CENTER,"I-40, EXIT 194",Moriarty,NM,3.217,34.99005,-106.04919
4419,CASEYS #3081,"I-35, EXIT 92 & US-136",Bethany,MO,3.061,40.26833,-94.02829
4427,CASEYS #2654,"I-80/US-6, EXIT 93 & CR-P28",Stuart,IA,3.099,41.50332,-94.31857
4431,CASEYS #2653,"US-63 & US-30, EXIT 202",Toledo,IA,3.349,41.99555,-92.57686
4437,UNDERWOOD TRUCK STOP I 80,"I-80, EXIT 17",Underwood,IA,3.001,41.38694,-95.67667
4441,PILOT TRAVEL CENTERS #51,"I-81 BAILEYTON RD, EXIT 36",Greeneville,TN,3.562,36.16316,-82.83099
4442,Minuteman Food Mart #58,US-74/US-76,Delco,NC,3.507,34.31572,-78.22472
4445,TA Rogers,"I-94/US-52, EXIT 207 & SR-101",Rogers,MN,3.274,45.18885,-93.55301
4446,LOVES TRAVEL STOP #200,I-40 EXIT 74,Amarillo,TX,3.209,35.222,-101.8313
4451,PRAIRIE JUNCTION TRUCK STOP,"I-29, EXIT 109 & SR-34",Colman,SD,3.099,43.98247,-96.8145
4452,CASEYS #2867,US-63 & US-20,Waterloo,IA,3.499,42.49276,-92.34296
4458,KUM & GO #1443,"I-80, EXIT 216",Williamsburg,IA,3.131,41.66112,-92.00907
4460,EXIT 62 TRUCKSTOP,"I-71, EXIT 62 & US-127",Glencoe,KY,3.166,38.71451,-84.82273
4463,QUIKTRIP #7901,"I-20, EXIT 556 & US-69",Lindale,TX,2.807,32.5157,-95.4094
4482,FLYING J FUEL STOP #777,"I-84, EXIT 54(FEDERAL WAY)",Boise,ID,3.766,43.6135,-116.20345
4492,3 MILE CORNER TRUCK STOP,US-2 & US-95,Bonners Ferry,ID,3.734,48.69133,-116.31631
4525,STINKER #42,US-12/US-95 & SR-128,Lewiston,ID,3.697,46.41655,-117.01766
4528,WENATCHEE VALLEY TRUCK STOP,US-97 ALT,Wenatchee,WA,4.089,47.42346,-120.31035
4533,SPEEDWAY #1449,"I-65, EXIT 262B",Birmingham,AL,2.976,33.52066,-86.80249
4544,BIG CHARLIES TRUCK PLAZA,"I-64, EXIT 282 & US-13",Virginia Beach,VA,3.489,36.85293,-75.97799
4555,PILOT TRAVEL CENTERS #406,"I-65, EXIT 22 & US-31A/SR-11",Cornersville,TN,3.799,35.36146,-86.83972
4560,FAST STOP TRAVEL CENTERS #1109,"I-15, EXIT 392",Plymouth,UT,3.582,41.87548,-112.14412
4563,PILOT TRAVEL CENTERS #299,"I-55/I-74/US-51, EXIT 160 & US-150/SR-9",Bloomington,IL,3.399,40.4842,-88.99369
4568,ONVO TRAVEL PLAZA,"I-90, EXIT 28",Fultonville,NY,3.159,42.94785,-74.37041
4569,METROPOLIS TRUCK STOP,"I-24, EXIT 37 & US-45",Metropolis,IL,3.599,37.15117,-88.732
4574,Circle K #4701432,"I-74, EXIT 174",Mahomet,IL,3.669,40.19531,-88.40422
4582,BIG CHIEF TRUCK STOP,"I-94/US-52, EXIT 61 & US-59/CR-82",Fergus Falls,MN,3.236,46.28302,-96.07756
4605,PILOT DEALER #898 SADLERS TRUCK STOP,"I-95, EXIT 11B & US-58",Emporia,VA,3.799,36.68598,-77.54248
4618,OUTPOST TRAVEL CENTER,"I-20, EXIT 5 & US-80",Greenwood,LA,2.899,32.44293,-93.97296
4620,PILOT TRAVEL CENTERS #95,"I-75, EXIT 329 & SR-44",Wildwood,FL,3.226,28.86542,-82.04058
4622,TA LEE HI TRAVEL PLAZA,"I-81,  EXIT 195",Lexington,VA,3.659,37.78402,-79.44282
4628,QUARLES #4601,US-29/US-17/US-15,Warrenton,VA,3.322,38.71345,-77.79527
4637,THORNTONS #369 DBA PILOT TRAVEL CENTER #514,"I-55, EXIT 126 & SR-10",Lincoln,IL,3.399,40.14838,-89.36482
4642,MARSHAL JUNCTION,"I-70, EXIT 147 & SR-1",Marshall,IL,3.199,39.39143,-87.69364
4644,CIRCLE K #4706703,"I-80, EXIT 145A",Mokena,IL,3.339,41.52614,-87.88922
4654,7-ELEVEN #35087,"I-490, EXIT 2 & SR-33 & SR-19",Bergen,NY,4.029,43.08534,-77.94223
4655,QUICKLEES TRAVEL CENTER,"I-86, EXIT 30 & CR-20",Belmont,NY,3.999,42.22312,-78.03445
4690,PWI #401,"I-20 & I-30, EXIT 1B",Aledo,TX,2.799,32.69596,-97.60225
4700,A C TRUCKSTOP,"I-80, EXIT 290",Laramie,WY,3.079,41.31137,-105.5911
4704,THE RIDGE,"I-68/US-219, EXIT 14 & US-40",Accident,MD,4.199,39.6287,-79.31976
4707,SMITHTON TRUCKSTOP,"I-70, EXIT 39 & SR-3059",Smithton,PA,3.899,40.15396,-79.74115
4729,MINIT MART #600244,"I-70, EXIT 131",Straughn,IN,3.859,39.80894,-85.29136
4742,FLYING J TRAVEL PLAZA #684,"I-94, EXIT 1 & SR-16",Beach,ND,3.966,46.91807,-104.00437
4750,BROOKE TRAVEL PLAZA,"I-80, EXIT 259",West Liberty,IA,2.987,41.57002,-91.26377
4762,TA MONROE TRAVEL CENTER,"I-75, EXIT 15",Monroe,MI,3.249,41.91643,-83.39771
4806,TRACK AND TRAVEL,"I-20, EXIT 406",Weatherford,TX,2.917,32.7593,-97.79725
4818,PILOT TRAVEL CENTERS #350,"I-84 & US-20, EXIT 95",Mountain Home,ID,3.759,43.13295,-115.6912
4819,Alta Convenience #6333,"I-25, EXIT 11",Trinidad,CO,3.399,37.16946,-104.50054
4826,I-20 Truck Stop,"I-20, EXIT 165",Lincoln,AL,2.999,33.61316,-86.11831
4827,PETRO BEAUMONT #304,"I-10, EXIT 848",Beaumont,TX,3.331,30.08605,-94.10185
4837,SHELL,US-10 & SR-210,Motley,MN,3.399,46.33663,-94.64612
4856,PILOT TRAVEL CENTER #910- TOWN PUMP,"I-90, EXIT 274 & US-287",Three Forks,MT,3.597,45.89243,-111.55219
4858,PILOT TRAVEL CENTER #1346,"I-135, EXIT 31",Newton,KS,3.312,38.04668,-97.34504
4860,PILOT TRAVEL CENTER #476,"I-74, EXIT 32 & SR-17",Woodhull,IL,3.899,41.17893,-90.31596
4872,TA COMMERCE TRAVEL CENTER,"I-85, EXIT 149 & US-441",Commerce,GA,3.216,34.204,-83.45711
4874,PWI #110,"I-20, EXIT 112 & FM-1936",Odessa,TX,3.049,31.84568,-102.36764
4878,SHELL DBA ONE9 #1426,"I-84, EXIT 35",Nampa,ID,3.374,43.54072,-116.56346
4881,PETRO STOPPING CENTER #14,"I-295, EXIT 56",Bordentown,NJ,4.029,40.14622,-74.71183
4885,LOVES TRAVEL STOP #384,"I-70, EXIT 45",Greenville,IL,3.689,38.89227,-89.41314
4887,SUNOCO,"I-80 & I-90, EXIT 3",Wauseon,OH,3.699,41.54922,-84.14161
4894,CLOVERDALE TRAVEL PLAZA,"I-70, EXIT 41 & US-231",Cloverdale,IN,3.699,39.51477,-86.7939
4905,HY-MILER #2204,SR-250,Sandusky,OH,3.532,41.44894,-82.70796
4909,CIRCLE K #2723916,US-441/US-301/US/27/SR-500,Ocala,FL,3.459,29.1872,-82.14009
4910,PILOT TRAVEL CENTER #892,"I-70 EXIT 164, & US-50",Green River,UT,3.686,38.99525,-110.1618
4918,PILOT TRAVEL CENTERS #219,"I-40, EXIT 398",Knoxville,TN,3.699,35.96064,-83.92074
4920,TA LAPLACE,"I-10, EXIT 209 & US-5",La Place,LA,3.227,30.06698,-90.48147
4921,PILOT TRAVEL CENTERS #231,"I-75, EXIT 29",Corbin,KY,3.609,36.9487,-84.09688
4927,CIRCLE K #2704886,"I-65, EXIT 205 & US-31/SR-22",Clanton,AL,3.207,32.83874,-86.62943
4933,VILLAGE TRUCK STOP,"I-81, EXIT 18",Rural Retreat,VA,3.299,36.89373,-81.27593
4977,KWIK TRIP #331,SR-54,Wisconsin Rapids,WI,3.262,44.38358,-89.81735
4981,JOHNNYS MARKET,"I-94, EXIT 110 & US-27",Marshall,MI,3.499,42.27226,-84.96331
4983,KWIK TRIP #603,"I-94, EXIT 28 & SR-128",Wilson,WI,3.549,44.95358,-92.17352
4996,ZIP TRIP #54,"I-90, EXIT 452",Billings,MT,3.591,45.78329,-108.50069
5003,TRAILWAY TRUCK STOP,US-301/SR-304,Centreville,MD,3.259,39.04178,-76.06633
5006,SUNOCO,US-1/US-9,Linden,NJ,3.799,40.62205,-74.24459
5024,I 55 MOTOR PLAZA,"I-55,  EXIT 180",Pevely,MO,2.991,38.28339,-90.39512
5030,YESWAY #1030,US-63 & E MARY ST,Ottumwa,IA,3.399,41.02001,-92.4113
5044,TA MOUNT VERNON TRAVEL CENTER,"I-44, EXIT 46 & SR-39/SR265",Mount Vernon,MO,3.409,37.10367,-93.81854
5050,ROCK PORT TRUCK PLAZA,"I-29 & US-136, EXIT 110",Rock Port,MO,3.099,40.41111,-95.51693
5056,TREX MART #16,"I-35, EXIT, 61 & US-69",Winston,MO,3.119,39.87,-94.13995
5057,PHILLIPS 66,"I-35, EXIT 54 & I-35 BUS/US-36",Cameron,MO,3.099,39.74028,-94.24106
5060,CRAZY FREDS TRUCK SHOP,"I-40, EXIT 44 & US-66",Kingman,AZ,3.539,35.18944,-114.05301
5064,CLARK OIL #44,"I-59, EXIT 97",Laurel,MS,2.879,31.69405,-89.13061
5079,FASTLANE TAYLOR 63,US-61 & SR-6,Taylor,MO,3.016,39.9381,-91.52377
5085,K AN T TRUCKSTOP,"I-79, EXIT 137 & SR-310",Fairmont,WV,3.399,39.48508,-80.14258
5111,CIRCLE K #2723385,"I-59, EXIT 67 & US-49/SR-42",Hattiesburg,MS,3.149,31.32712,-89.29034
5117,CIRCLE K #4702361,"I-65, EXIT 130 & SR-334",Whitestown,IN,3.292,39.99726,-86.34583
5128,CASEYS #2769,"I-80, EXIT 220 & SR-149",Williamsburg,IA,3.142,41.66112,-92.00907
5131,TRAILS END TRUCK STOP,"I-29, EXIT 110 & US-136",Rock Port,MO,3.406,40.41111,-95.51693
5132,Travel Centers of America,"I-44, EXIT 208 & SR-19",Cuba,MO,3.266,38.06282,-91.40348
5160,FUEL MART #727,"I-70, EXIT 193",Quaker City,OH,3.166,39.97007,-81.29928
5163,Blue Sky #733,"US-78, EXIT 81 & SR-178",Belden,MS,2.939,34.31038,-88.78839
5165,ONE9 #046,"I-65, EXIT 6 & SR-100",Franklin,KY,3.086,36.72226,-86.57722
5167,SPEEDWAY #7575,"I-65, EXIT 255",Hobart,IN,3.632,41.53226,-87.25504
5170,FLYING J #516,"I-76, EXIT 161 & I-70",Breezewood,PA,5.099,39.99925,-78.23862
5183,PETRO STOPPING CENTER #74,I-95 & EXIT 106,Kenly,NC,3.709,35.59627,-78.12416
5191,NORTH POINT PLAZA,"I-90 & I-94, EXIT 115",Poynette,WI,3.172,43.39026,-89.4029
5202,Chevron #306185,US-30,Montpelier,ID,3.699,42.32215,-111.2977
5203,OASIS TRAVEL CENTER,"I-10, EXIT 53",Robertsdale,AL,3.469,30.5538,-87.71193
5207,JJ TRAVEL PLAZA,"I-70, EXIT 70 & US-83",Oakley,KS,3.616,39.13334,-100.86376
5227,PILOT TRAVEL CENTERS #900,"I-95, EXIT 75",Dunn,NC,3.709,35.30627,-78.6089
5230,ONE9 #496,"I-80, EXIT 265",Atalissa,IA,3.016,41.57114,-91.16599
5232,CM EUNICE,US-190,Eunice,LA,3.399,30.49437,-92.41763
5234,SINCLAIR,SR-37,Monett,MO,3.291,36.92895,-93.92771
5236,FLYING J #875,"I-95,  EXIT 109",Elkton,MD,4.199,39.60678,-75.83327
5245,CASEYS #3842,US-36 & US-283,Norton,KS,3.157,39.83389,-99.89151
5247,EDGERTON TRAVEL PLAZA,"I-90, EXIT 160 & US-51",Edgerton,WI,3.199,42.83528,-89.06761
5249,Taylor's Stateline Travel Center,US-67 & SR-278,Neelyville,MO,2.999,36.56172,-90.50622
5254,TA CANDLER TRAVEL CENTER,"I-40, EXIT 37",Candler,NC,3.799,35.5365,-82.69291
5255,7-ELEVEN #35788,"I-35, EXIT 215",Olathe,KS,3.339,38.8814,-94.81913
5258,PT TRUCK STOP,"I-12, EXIT 42",Hammond,LA,3.249,30.50463,-90.46293
5282,CASEYS #3548,US-54 & US-61,Pratt,KS,3.141,37.64391,-98.73759
5285,TULLO TRUCK STOP,"I-95, EXIT 15E & US-1/US-9",Kearny,NJ,3.799,40.76843,-74.14542
5297,ERNIES TRUCK STOP,"I-90,  EXIT 179 & I-90 BUS/SR-17",Moses Lake,WA,3.949,47.13014,-119.27808
5299,Sudden Service #62,"I-65, EXIT 6 & SR-100",Franklin,KY,3.084,36.72226,-86.57722
5302,ONE9 #258,"I-81, EXIT 150 & US-220 ALT & US-11",Troutville,VA,3.032,37.41819,-79.87476
5306,PILOT TRAVEL CENTERS #11,"I-76, EXIT 232",North Lima,OH,3.799,40.94839,-80.65896
5309,NEWBORN TRUCK STOP,I-20 EXIT 5,Tallapoosa,GA,3.407,33.74455,-85.28801
5310,FLYING J #576,"I-35, EXIT 69",Northfield,MN,3.859,44.4583,-93.1616
5324,HY-MILER #2245,SR-53,Fremont,OH,3.382,41.35033,-83.12186
5341,KWIK STAR #1160,"US-75, EXIT 118 & SR-3",Le Mars,IA,3.299,42.79416,-96.16558
5349,JET FOOD STORE #17,US-1/SR=4/SR-540 & US-220/SR-47,Wrens,GA,3.416,33.20765,-82.39179
5363,SPEEDWAY #6767,"I-75, EXIT 20",Manheim,PA,4.499,40.16343,-76.39496
5389,FLYING J TRAVEL PLAZA #744,"I-15, EXIT 343",Ogden,UT,3.749,41.223,-111.97383
5391,PWI #605,"I-10, EXIT 378",San Simon,AZ,2.959,32.26786,-109.22756
5399,FLYING J TRAVEL PLAZA #750,"I-81 & I-77, EXIT 80",Max Meadows,VA,3.549,36.9704,-80.94953
5407,CASEYS #4535,US 81,Concordia,KS,2.912,39.57084,-97.66254
5414,One9 #1216,"I-10 ,EXIT 200 & SR-84",Eloy,AZ,3.199,32.7559,-111.55484
5419,USA TRAVEL CENTER,"I-40, EXIT 48 & US-93",Kingman,AZ,3.399,35.18944,-114.05301
5422,K AND H TRUCK PLAZA,"I-57, EXIT 283 & US-24",Gilman,IL,3.099,40.7667,-87.99226
5424,WK TRUCK STOP,"US-231 & SR-9001, EXIT 75",Beaver Dam,KY,3.399,37.40199,-86.87583
5435,MEADE AUTO AND TRUCK PLAZA,US-54,Meade,KS,3.799,37.28558,-100.34015
5436,PARKWAY MARATHON,"US-79, EXIT 94",Caneyville,KY,3.732,37.42422,-86.48831
5446,PETRO STOPPING CENTER #308,"I-20, EXIT 8 & SR-526",Shreveport,LA,3.176,32.52515,-93.75018
5462,BOOZER KWIK STOP,"I-15, EXIT 118",Idaho Falls,ID,3.447,43.46658,-112.03414
5464,PILOT TRAVEL CENTERS #48,"I-65, EXIT 86",Glendale,KY,3.609,37.60173,-85.90552
5474,One9 #88,"I-95/SR-9, EXIT 201 & SR-520",Cocoa,FL,3.376,28.38612,-80.742
5477,CHEVRON #383766,"I-5, EXIT 216",Halsey,OR,3.099,44.38401,-123.10981
5479,PILOT TRAVEL CENTERS #94,"I-75, EXIT 161",Punta Gorda,FL,3.799,26.92978,-82.04537
5491,49ER FUEL CENTER,"I-75, EXIT 49",East Bernstadt,KY,2.999,37.18953,-84.11771
5492,BFS FOODS #68,"I-70, EXIT 3",Hancock,MD,4.129,39.69898,-78.17973
5522,ONE9 #301,"I-55,  EXIT 40",Marston,MO,3.109,36.51895,-89.61258
5523,TA LIMON TRAVEL CENTER,"I-70, EXIT 359 & US-24",Limon,CO,3.921,39.26388,-103.69217
5529,FLYING J #549,"I-77, EXIT 100 & 101",Mount Airy,NC,3.599,36.4993,-80.60729
5537,HUCKS TRAVEL CENTER #51 DBA FLYING J #889,"I-57/I-64, EXIT 95 & SR-15",Mount Vernon,IL,3.359,38.31727,-88.90312
5554,Southfork TRUCK STOP,"I-30, EXIT 63 & SR-53",Gurdon,AR,3.459,33.92094,-93.15406
5560,MIDWAY TRAVEL PLAZA,I-70 EXIT 121 & US-40,Columbia,MO,3.539,38.95171,-92.33407
5569,TA EXPRESS NORWOOD #0450,US-60,Norwood,MO,3.449,37.10839,-92.41489
5570,PETRO STOPPING CENTER #310,"I-12, EXIT 40 & US-51 BUS",Hammond,LA,3.249,30.50463,-90.46293
5579,SAPP BROS TRAVEL CENTER,US-30,Columbus,NE,3.219,41.42973,-97.36838
5592,TA COLUMBIA NORTH,"I-20, EXIT 71 & US-21",Columbia,SC,3.439,34.00071,-81.03481
5597,CM LAKE CHARLES FUEL STOP 36,"I-10, EXIT 36 & SR-397",Lake Charles,LA,3.299,30.21309,-93.2044
5601,BP,"I-24, EXIT 16",Paducah,KY,3.429,37.08339,-88.60005
5603,TA NORTH CANTON TRAVEL CENTER,"I-77, EXIT 111",North Canton,OH,3.624,40.87589,-81.40234
5606,FLYING J #511,"I-94, EXIT 147",Mandan,ND,3.952,46.82666,-100.88958
5607,RICE MART,"I-45 & FM 1603, EXIT 238",Rice,TX,3.019,32.24376,-96.4986
5608,SHOP A LOTT  #3,US-84 & US-171,Mansfield,LA,3.136,32.03766,-93.70018
5613,CHEVRON #381108,"I-82, EXIT 36",Yakima,WA,3.999,46.60207,-120.5059
5618,MCCLURE OIL #52,"I-65/US-52, EXIT 140 & SR-32",Lebanon,IN,3.584,40.04837,-86.46917
5649,Fast Stop,"I-10, EXIT 182 & SR-22",Sorrento,LA,3.699,30.18436,-90.85926
5651,LOVES TRAVEL STOP #303,"I-64, EXIT 43 & SR-395",Waddy,KY,3.749,38.13702,-85.0744
5659,TEX-BEST #526,US-59 & US-281,George West,TX,3.299,28.3325,-98.11751
5660,Pride Convenience Store,"I-90, EXIT 51 & I-291",Chicopee,MA,3.509,42.1487,-72.60787
5661,TA Express #287,"I-40, EXIT 288 & SR-111",Cookeville,TN,3.299,36.16284,-85.50164
5667,PILOT TRAVEL CENTERS #393,"I-40, EXIT 24 & SR-209",Waynesville,NC,3.759,35.48871,-82.98875
5669,KWIK TRIP #497,I-90 EXIT 266 & CR-12,Dakota,MN,3.474,43.91358,-91.35986
5670,TA MOUNT VERNON TRAVEL CENTER,"I-57 & I-64, EXIT 95",Mount Vernon,IL,3.449,38.31727,-88.90312
5674,TA MADISON TRAVEL CENTER,"I-20, EXIT 114 & US-441",Madison,GA,3.891,33.59568,-83.46794
5677,YESWAY #1178,CR-13,Kadoka,SD,3.189,43.83388,-101.50987
5691,Pilot Travel Center #666,"I-94, EXIT 30",Benton Harbor,MI,3.059,42.11671,-86.45419
5700,BEACON & BRIDGE #18,US-131 BUS,Big Rapids,MI,3.319,43.69808,-85.48366
5718,TOOT N TOTUM #104,US-287,Dalhart,TX,3.199,36.05948,-102.51325
5721,TA BALTIMORE SOUTH TRAVEL CENTER,"I-95, EXIT 41A & SR-175 & US-1",Jessup,MD,4.599,39.14927,-76.77525
5729,MENOMONIE FARMERS UNION,"I-94, EXIT 45 & CR-B",Menomonie,WI,3.649,44.87552,-91.91934
5730,SCOTTS QUICK STOP,SR-53 & SR-46,Marlette,MI,3.399,43.32697,-83.08022
5739,PILOT TRAVEL CENTERS #284,"I-75, EXIT 18",Monroe,MI,3.249,41.91643,-83.39771
5751,TA LAKE PARK TRAVEL CENTER,"I-75,  EXIT 2",Lake Park,GA,3.316,30.68215,-83.17959
5754,ROAD TRIP OASIS PERRY,"I-69, EXIT 105 & SR-52",Perry,MI,3.699,42.82642,-84.21941
5758,SPEEDY Q MARKET #8206,"I-94, EXIT 274",Port Huron,MI,3.899,42.97086,-82.42491
5770,Kwik Trip # 1281,"I-43, EXIT 107",Belgium,WI,3.256,43.49972,-87.85037
5771,DUNES AUTO TRUCK PLAZA,"I-94, EXIT 12",Sawyer,MI,3.499,41.88532,-86.58947
5774,PJ TRAVEL PLAZA,"I-80, EXIT 192 & SR-880",Loganton,PA,3.479,41.03424,-77.30664
5780,BILLS TRUCKSTOP,"I-85, EXIT 86",Linwood,NC,3.449,35.75069,-80.31783
5799,STAPLES OIL,"I-90, EXIT 146",Alden,MN,3.299,43.67023,-93.57605
5801,TA WYTHEVILLE TRAVEL CENTER,"I-81, EXIT 72 & I-77, EXIT 41",Wytheville,VA,3.519,36.94845,-81.08481
5821,TA PORTLAND TRAVEL CENTER,"I-5,  EXIT 278",Aurora,OR,4.032,45.23095,-122.75593
5823,ENMARKET #863,"I-95, EXIT 8 & SR-88",Hardeeville,SC,3.082,32.28714,-81.08067
5830,115 TRUCKSTOP #5001,"I-94, EXIT 115",Marshall,MI,3.429,42.27226,-84.96331
5842,PETRO STOPPING CENTER #6367,"I-57,  EXIT 335",Monee,IL,3.399,41.42003,-87.74171
5860,SPEEDWAY #4610,"I-35, EXIT 59 & SR-21",Faribault,MN,3.759,44.29496,-93.26883
5873,SOUTHERN VALLEY COOP,ST 14 BYPASS,Mankato,MN,3.499,44.15906,-94.00915
5901,ROTHSAY TRUCK STOP,"I-94, EXIT 38",Rothsay,MN,3.209,46.47496,-96.28062
5903,Circle K #2746447,I-94/US-52 EXIT 127 & US-71/SR-28,Sauk Centre,MN,3.189,45.73747,-94.95252
5907,SPEEDWAY #4035,CR-101,Shakopee,MN,3.599,44.79802,-93.5269
5909,SINCLAIR,"I-90, EXIT 233",Saint Charles,MN,3.529,43.96941,-92.06433
5927,HARRISONBURG TRAVEL CENTER,"I-81,  EXIT 243 & US-11",Harrisonburg,VA,2.899,38.44957,-78.86892
5935,WESTHAMPTON VALERO,I-295 EXIT 47A,Mount Holly,NJ,3.329,39.99289,-74.78766
5942,EXPRESS MART TRUCK STOP,"I-55, EXIT 185 & US-67/US-61",Barnhart,MO,2.997,38.34422,-90.39345
5944,LAKE MILLS TRAVEL PLAZA,"I-94, EXIT 259 & SR- 89/CR-G",Lake Mills,WI,3.361,43.08139,-88.91177
5946,PILOT TRAVEL CENTERS #918,I-90 EXIT 55,Rapid City,SD,3.999,44.08054,-103.23101
5949,EXXON,US-59 & LOOP 151,Texarkana,TX,3.166,33.42513,-94.04769
5951,ROAD RANGER #157,I-64 EXIT 41,Okawville,IL,3.799,38.43422,-89.55037
5963,OZONA ONE STOP,"I-10, EXIT 372",Ozona,TX,2.982,30.71017,-101.20067
5965,TRUCK TOWNE,I-29 EXIT 47 & SR-46,Beresford,SD,3.159,43.08054,-96.77366
5971,WACO TRAVEL CENTER,SR-19,Perry,FL,3.699,30.11766,-83.58274
5979,TA LAFAYETTE TRAVEL CENTER,"I-10 & SR-182, EXIT 101",Lafayette,LA,3.134,30.22409,-92.01984
5980,THRIFT MART TRUCK PLAZA,"I-85/US-460, EXIT 63A & US-1/US-460 BUS",Petersburg,VA,3.199,37.22793,-77.40193
5990,360 TRUCK STOP,US-360,Amelia Court House,VA,3.599,37.34293,-77.98056
5996,Fast Stop Travel Centers #1134,"I-80/US-30, EXIT 99 & US-191/SR-373",Rock Springs,WY,3.499,41.58746,-109.2029
5999,PILOT TRAVEL CENTER #492,"I-30, EXIT 78 & SR-7",Arkadelphia,AR,3.499,34.12093,-93.05378
6001,ALLSUPS #2392,US-70 & US-285,Roswell,NM,3.199,33.39437,-104.52491
6009,CASEYS #2652,US-65 & US-36,Chillicothe,MO,3.289,39.79529,-93.55244
6010,SEGOVIA TRUCK STOP,"I-10, EXIT 465",Junction,TX,2.999,30.48936,-99.77201
6018,TA BLOOMINGTON TRAVEL CENTER,"I-55, I-74 & I-39 , EXIT 160",Bloomington,IL,3.449,40.4842,-88.99369
6033,EMERY'S,US-54,Deerfield,MO,3.349,37.83865,-94.50607
6037,CRYSTAL OIL,"I-129/US-20/US-75,  EXIT 2",South Sioux City,NE,3.549,42.47388,-96.41364
6041,COCKERHAM FUEL CENTER #4,"I-77, EXIT 14 & US-58/US-221",Hillsville,VA,3.282,36.76263,-80.73479
6047,FAST LANE #26,US-61,Eolia,MO,3.099,39.23588,-91.00819
6051,CIRCLE K #2709846,"I-25, EXIT 240",Longmont,CO,3.057,40.16721,-105.10193
6057,PILOT TRAVEL CENTER #903,"I-70/US-40, EXIT 252",Salina,KS,3.759,38.84028,-97.61142
6058,MOTOR INN AUTO TRUCK STOP,I-75 EXIT 110,Mendon,OH,3.199,40.67338,-84.51884
6068,AYERCO #24,US-61 & CR MM,Hannibal,MO,3.099,39.70838,-91.35848
6082,Palmetto Truck Plaza,US-27/SR-25 & SR-826,Hialeah,FL,3.399,25.8576,-80.27811
6083,BP,"I-35, EXIT 33",Holt,MO,3.049,39.45278,-94.34217
6087,BREAK TIME #3173,US-54 & CR-HH,Fulton,MO,3.299,38.84671,-91.94796
6093,ONE9 #901,"I-80 & US-183, EXIT 257",Elm Creek,NE,2.966,40.71945,-99.37204
6096,Waverly Travel Center,US-23,Waverly,OH,3.416,39.12673,-82.98546
6097,SAPP BROS TRAVEL CENTER,"I-80, EXIT 263",Elm Creek,NE,3.187,40.71945,-99.37204
6106,TA HUNTINGTON,"I-84, EXIT 353",Huntington,OR,3.639,44.35127,-117.26657
6111,HAWGS EXXON,US-167/SR-25,Batesville,AR,3.359,35.7698,-91.64097
6150,CIRCLE K #2723707,"I-81,  EXIT 150",Troutville,VA,3.066,37.41819,-79.87476
6154,TA MOBILE TRAVEL CENTER,"I-10,  EXIT 4",Grand Bay,AL,3.136,30.47631,-88.34223
6164,PILOT TRAVEL CENTER #268,"I-80/US-6, EXIT 284",Walcott,IA,3.859,41.58475,-90.77209
6165,TEMP STOP #117,I-70 & GRAIN VALLEY RD EXIT 24,Grain Valley,MO,2.959,39.01501,-94.19856
6167,PILOT TRAVEL CENTERS #167,US-71,Nevada,MO,3.496,37.83921,-94.35467
6172,SPEEDWAY #2319,"I-96, EXIT 77",Portland,MI,3.549,42.8692,-84.90305
6173,PILOT TRAVEL CENTERS #21,"I-94, EXIT 167",Dexter,MI,3.579,42.33834,-83.88954
6175,ONVO TRAVEL PLAZA - MIFFLINTOWN,US-322/US-22 & SR-35,Mifflintown,PA,3.479,40.5698,-77.39693
6179,HENDERSON TRAVEL PLAZA,"I-10, EXIT 115 & SR-347",Breaux Bridge,LA,3.386,30.27353,-91.89928
6180,Circle #4703923,"I-24, EXIT 180B & US-27",Chattanooga,TN,2.786,35.04563,-85.30968
6182,Exxon,"I-20, EXIT 205 & SR-46",Heflin,AL,3.016,33.64899,-85.58746
6188,SIGNAL FOOD STORE #112,US-65 & SR-J,Ozark,MO,2.999,37.02089,-93.20602
6198,DAVIS TRAVEL CENTER #102,"I-95/US-301, EXIT 33 & SR-602",Stony Creek,VA,3.066,36.94793,-77.40081
6200,KWIK FILL #388,"I-80, EXIT 29 & SR-8",Harrisville,PA,3.404,41.13673,-80.00922
6206,PETRO PORTAGE,"I-90 & I-94, EXIT 108-A",Portage,WI,3.807,43.53915,-89.46262
6212,MR FUEL,"I-55, EXIT 180",Pevely,MO,3.016,38.28339,-90.39512
6214,PIONEER Travel Plaza,"I-41, EXIT 60 & SR-145",Richfield,WI,3.216,43.25612,-88.19398
6215,FUEL HUB,"I-87, EXIT 21B",West Coxsackie,NY,3.599,42.36064,-73.81679
6218,LOVES TRAVEL STOP #215,"I-40, EXIT 16 & US-40 BUS/US-66",Gallup,NM,3.437,35.52808,-108.74258
6219,SCHATZ CROSSROADS,US-2 /US-52,Minot,ND,3.549,48.23251,-101.29627
6221,LOVES TRAVEL STOP #214,I-10 EXIT 37,El Paso,TX,3.076,31.75872,-106.48693
6222,QUIKTRIP #236,"I-29/US-71, EXIT 18 & SR-92",Platte City,MO,2.999,39.37028,-94.78246
6227,MARLOWS FUEL CENTER,"I-20, EXIT 479",Dallas,TX,3.241,32.78306,-96.80667
6229,FUEL MART #764,"I-70, EXIT 66 & SR- 54",South Vienna,OH,3.129,39.927,-83.61242
6232,OASIS TRUCK STOP,"I-44 & SR-133, MM 145",Richland,MO,3.324,37.85698,-92.40434
6242,TA FORISTELL TRAVEL CENTER,"I-70, EXIT 203",Foristell,MO,3.019,38.81505,-90.95597
6243,GARDEN INN TRAVEL PLAZA,US-60/US-63,Cabool,MO,3.299,37.12394,-92.10127
6251,BREAUX BRIDGE VALERO #1408,"I-10 & SR-347, EXIT 115",Breaux Bridge,LA,3.499,30.27353,-91.89928
6252,PILOT TRAVEL CENTERS #12,I-80 & I-90 EXIT 71,Perrysburg,OH,3.759,41.557,-83.62716
6258,CASEYS #6342,"I-29, EXIT 144 & US-169",Saint Joseph,MO,3.169,39.76861,-94.84663
6271,TA DENTON TRAVEL CENTER,"I-35, EXIT 471 & US-77",Denton,TX,3.254,33.21484,-97.13307
6275,TA SEATTLE EAST TRAVEL CENTER,"I-90, EXIT 34",North Bend,WA,3.859,47.49566,-121.78678
6284,7-ELEVEN #40513,I-90/80-IN TOLL RD MM 22W,Portage,IN,3.999,41.57587,-87.17615
6286,APPLE MARKET #526,"I-64, EXIT 94",Winchester,KY,2.916,37.99008,-84.17965
6290,FUEL KING NAPOLEON TRAVEL CENTER,"US-6/US-24/SR/CR-3, EXIT 41",Napoleon,OH,3.439,41.39227,-84.12522
6293,PETRO STOPPING CENTER #313,"I-40, EXIT 79",Milan,NM,3.571,35.16976,-107.89089
6296,GRAY TRUCK STOP,US-71/US-136,Maryville,MO,3.266,40.3461,-94.87247
6299,HWY 34 TRUCKSTOP,"US-34, EXIT 258",West Burlington,IA,3.374,40.82504,-91.15654
6305,I-95 Fuel Stop,"I-95, EXIT 126 & US-17/US-1",Fredericksburg,VA,3.264,38.30318,-77.46054
6307,QUIKTRIP #608,"I-70, MID RIVERS MALL",Saint Peters,MO,2.904,38.80033,-90.62651
6308,Pilot Travel Centers #354,"I-64, EXIT 28",Simpsonville,KY,3.759,38.22257,-85.35523
6309,WINNERS CIRCLE #1,"I-30 & US-270, EXIT 98A",Malvern,AR,3.352,34.36231,-92.81295
6310,CIRCLE K #2707515,US-27/SR-25 & US-98/US-700/SR-700/SR-66,Sebring,FL,3.389,27.49559,-81.44091
6315,AYERCO #25,US-24,Taylor,MO,3.016,39.9381,-91.52377
6318,Chisholm Corner #15,"I-35, EXIT 72 & US-19",Pauls Valley,OK,3.387,34.74008,-97.22225
6326,KANZA TRAVEL PLAZA,"I-35, EXIT 231 AND US-177",Braman,OK,3.027,36.92364,-97.33366
6327,PETRO STOPPING CENTER #312,"I-40 & I-75, EXIT 369",Knoxville,TN,3.426,35.96064,-83.92074
6330,TA EDINBURG TRAVEL CENTER,I-69C/US-281 & FM-2812,Edinburg,TX,3.011,26.30174,-98.16334
6334,231 PLAZA AND TRUCK STOP,US-231/SR-75 & SR-20,Youngstown,FL,3.494,30.36436,-85.43826
6341,TA RAWLINS TRAVEL CENTER,"I-80, EXIT 214",Rawlins,WY,3.722,41.79107,-107.23866
6346,SPEEDWAY #4710,US-71/SR-60,Windom,MN,3.299,43.86635,-95.11694
6351,FLYING J TRAVEL PLAZA #608,"I-10, EXIT 1",Ehrenberg,AZ,3.959,33.60419,-114.52523
6356,CIRCLE K #2721536,ST 6 EAST,Batesville,MS,3.241,34.3115,-89.94426
6370,TA ROCKWALL TRAVEL CENTER,"I-30/US-67, EXIT 68 & SR-205",Rockwall,TX,3.137,32.93123,-96.45971
6374,TA ELGIN WEST TRAVEL CENTER,I-90 &  US-20,Hampshire,IL,3.459,42.0978,-88.53036
6387,FLYING J FRANCHISE #966,"I-80, EXIT 229",Battle Mountain,NV,3.792,40.64213,-116.93427
6391,TOOT N TOTUM #106,US-287,Dumas,TX,3.006,35.86559,-101.97324
6393,PILOT TRAVEL CENTER #478,"I-64, EXIT 92",Leavenworth,IN,3.959,38.19979,-86.34414
6401,CIRCLE K #2723457,"I-10, EXIT 34-B",Gulfport,MS,2.989,30.36742,-89.09282
6434,AMPRIDE ALL ROUND TRUCK STOP,US-20,Fort Dodge,IA,3.299,42.49747,-94.16802
6441,GRAND OIL,"I-75, EXIT 41 & SR-80",London,KY,3.499,37.12898,-84.08326
6442,CLARK OIL #49,US-84,Laurel,MS,2.999,31.69405,-89.13061
6448,CIRCLE K #2723392,"I-59, EXIT 97 & US-84",Laurel,MS,2.952,31.69405,-89.13061
6462,ARCO #471770,US-281 & SR-5,Dunseith,ND,3.499,48.81306,-100.06097
6468,TA SAYRE TRAVEL CENTER,"I-40 & CEMETARY RD, EXIT 26",Sayre,OK,3.064,35.29116,-99.6401
6480,FLYING J #934,"I-84, EXIT 265",La Grande,OR,3.536,45.32458,-118.08772
6492,FLICKS,US-49,Richland,MS,2.999,32.23904,-90.15842
6496,SPEEDY EXPRESS #38,"I-35, EXIT 305",Mathis,TX,3.199,28.09446,-97.82805
6502,SQUAW CREEK TRAVEL PLAZA,"I-29, EXIT 79 & US-159",Forest City,MO,3.339,39.9825,-95.19192
6517,HARDYS #5,"I-80, EXIT 4   4",Wendover,UT,3.499,40.73715,-114.03751
6518,TOWN PUMP FOOD STORE #310,"I-15, EXIT 164",Boulder,MT,3.559,46.23659,-112.12083
6526,TULIP CITY TRUCK STOP,"I-196 & SR-40, EXIT 49",Holland,MI,3.739,42.78752,-86.10893
6527,ZIP TRIP #50,"I-90, EXIT 426",Park City,MT,3.584,45.63272,-108.91793
6547,FLYING J TRAVEL PLAZA #762,"I-90, EXIT 126 & SR-59",Gillette,WY,3.899,44.29109,-105.50222
6562,PILOT #1323,"I-29, EXIT 35",Faucett,MO,3.272,39.6,-94.79746
6563,Road Ranger #282,"I-35, EXIT 500",Gainesville,TX,3.176,33.62594,-97.13335
6564,FLYING J FRANCHISE #970,US-395,Pasco,WA,4.599,46.23958,-119.10057
6565,TA Greeneville Travel Center,"I-81,  EXIT 36",Greeneville,TN,3.552,36.16316,-82.83099
6567,YELLOWSTONE TRUCK SHOP,"I-90, EXIT 330",Livingston,MT,3.649,45.66244,-110.56104
6577,AC & T TRAVEL CENTER,"I-81, EXIT 5 W",Hagerstown,MD,3.659,39.64176,-77.71999
6578,PILOT TRAVEL CENTER #909- TOWN PUMP,"I-15 & US-2, EXIT 363",Shelby,MT,3.636,48.50526,-111.85697
6588,TOWN PUMP FOOD STORE #4300,"I-90, EXIT 249",Whitehall,MT,3.659,45.87076,-112.09749
6593,LITTLE AMERICA TRAVEL CENTER,"I-40, EXIT 198",Flagstaff,AZ,3.539,35.19807,-111.65127
6607,TRANSIT TRUCK STOP,"I-97, EXIT 10",Millersville,MD,3.466,39.05955,-76.64802
6608,7-ELEVEN #35560,SR-16,Charlotte,NC,3.999,35.22709,-80.84313
6628,FLYING J TRAVEL PLAZA #682,"I-85, EXIT 150",Haw River,NC,3.942,36.09153,-79.36419
6632,TA SAVANNAH TRAVEL CENTER,"I-95/SR-405,  EXIT 87 & US-17/SR-25",Richmond Hill,GA,3.351,31.93827,-81.30344
6633,BAKER TRUCK CORRAL,"I-84, EXIT 304",Baker City,OR,3.426,44.77487,-117.83438
6640,PETRO STOPPING CENTER JOHNSTOWN,"I-25, EXIT 254",Johnstown,CO,3.427,40.33693,-104.9122
6642,TA VERO BEACH TRAVEL CENTER #197,"I-95/SR-9, EXIT 147 & SR-60",Vero Beach,FL,3.484,27.63864,-80.39727
6646,FAMILY EXPRESS #35 (DISCOUNT AVAILABLE),"I-65, EXIT 215 & SR-114",Rensselaer,IN,3.132,40.9367,-87.15086
6655,BP DBA TA ELKTON TRAVEL CENTER,"I-95,  EXIT 109B",Elkton,MD,4.969,39.60678,-75.83327
6659,GURNEE TRUCK STOP,US-41,Gurnee,IL,3.289,42.3703,-87.90202
6661,TA FRANKLIN TRAVEL CENTER,"I-65, EXIT 61",Franklin,TN,3.839,35.92506,-86.86889
6663,TA of Mocksville,"I-40, EXIT 170 & US-601",Mocksville,NC,3.699,35.89403,-80.56145
6677,ROADWAY TRAVEL CENTER,"I-29, EXIT 73",Sioux Falls,SD,3.199,43.54369,-96.72796
6693,SAPP BROS TRAVEL CENTER,US-77,Fremont,NE,3.346,41.43333,-96.49808
6701,JACKS TRUCK STOP,"I-65, EXIT 304 & SR-69",Cullman,AL,3.999,34.17482,-86.84361
6704,FL Roberts,"I-91, EXIT 24",Whately,MA,3.559,42.43981,-72.63481
6716,MARATHON,"I-29/US-81, EXIT 65 & I-94 BUS/US-10",Fargo,ND,3.449,46.87719,-96.7898
6721,STAMART 1222,"I-29, EXIT 64",Fargo,ND,3.386,46.87719,-96.7898
6725,TA EXPRESS GRAND FORKS #948,"I-29, EXIT 141 & US-2",Grand Forks,ND,3.539,47.92526,-97.03285
6734,TOMAHAWK TRUCK STOP,"I-25, EXIT 128",Fountain,CO,3.299,38.68222,-104.70081
6736,EAGLEVILLE TRAVEL CENTER,"I-35 & ROUTE N, EXIT 106",Eagleville,MO,2.936,40.46917,-93.98717
6742,Holiday #3810,"I-94/US-52, EXIT 178 & SR-24",Clearwater,MN,3.221,45.41941,-94.04887
6744,FLYING J #550,US-2/US-52,Minot,ND,3.936,48.23251,-101.29627
6745,TIGER TRUCK STOP,"I-10, EXIT 139",Grosse Tete,LA,3.059,30.41103,-91.43372
6755,PETRO STOPPING CENTER #326,"I-40, EXIT 161 & SR-391",North Little Rock,AR,3.207,34.76954,-92.26709
6760,BETTY BEAVERS TRUCKSTOP,"I-87, EXIT 32",Lewis,NY,3.619,44.27505,-73.56569
6765,CIRCLE C TRAVEL PLAZA,"I-95, EXIT 68 & SR-61",Walterboro,SC,3.079,32.90517,-80.66677
6806,Onvo Travel Plaza,"I-78/US-22, EXIT 45 & SR-863",Kutztown,PA,3.327,40.51732,-75.77742
6810,TA RICHMOND,"I-95, EXIT 89 & SR-802",Ashland,VA,3.606,37.75903,-77.47998
6811,PUMP & PANTRY #24,US-6/CR-74,Hastings,NE,3.399,40.58612,-98.38839
6823,PETRO STOPPING CENTER #301,"I-10, EXIT 37",El Paso,TX,3.124,31.75872,-106.48693
6840,PETRO DEMING,"I-10, EXIT 68",Deming,NM,3.386,32.2687,-107.75864
6842,FLYNNS TRUCK PLAZA,"US-20, EXIT 11 & SR-140",Shrewsbury,MA,3.616,42.29593,-71.71285
6845,NEBRASKALAND TIRE SHOP,"I-80, EXIT 237 & US-283",Lexington,NE,2.999,40.78084,-99.7415
6850,BROKEN WHEEL TRUCK STOP,"I-25, EXIT 135",Douglas,WY,3.759,42.75969,-105.38221
6857,TA SPARKS TRAVEL CENTER,"I-80, EXIT 19 & SR-659",Sparks,NV,3.899,39.53491,-119.75269
6859,PRIME STOP,US-81,Norfolk,NE,3.229,42.02834,-97.417
6864,JJS TRUCK STOP,"I-30, EXIT 106",Malvern,AR,3.316,34.36231,-92.81295
6869,TA WHEELING TRAVEL CENTER,"I-70, EXIT 11 & CR-41",Valley Grove,WV,3.529,40.08757,-80.57035
6883,PILOT TRAVEL CENTERS #517,US- 22 & SR-322,Duncannon,PA,4.199,40.39814,-77.02303
6885,GO MART FOOD STORE #31,"I-77, EXIT 95 & SR-61",Charleston,WV,3.499,38.34982,-81.63262
6886,PWI #535,"I-70, EXIT 47",Palisade,CO,3.379,39.11026,-108.35092
6897,Speedee Mart #2890,US-20 & US-83,Valentine,NE,3.329,42.87278,-100.55097
6901,PRIME STOP,US-275,Wisner,NE,3.259,41.98722,-96.91421
6915,FLITE LINE SUNOCO,"I-95, EXIT 3",Portsmouth,NH,3.696,43.07704,-70.75766
6927,TORCH 85 TRUCK PLAZA,"I-85, EXIT 42",Tuskegee,AL,3.272,32.42415,-85.69096
6944,CROSSROADS TRUCK STOP,"I-82, EXIT 1 & US-730",Umatilla,OR,3.239,45.91735,-119.34252
6948,PILOT #4563,"I-8I, EXIT 77",Harrisburg,PA,3.869,40.2737,-76.88442
6951,ARROWHEAD TRAVEL PLAZA,"I-84, EXIT 216 & SR 331,",Pendleton,OR,3.259,45.67207,-118.7886
6954,BOLLA MARKET #198,SR-17MAHWA,Mahwah,NJ,3.586,41.08871,-74.14376
6960,FLYING J TRAVEL PLAZA #761,"I-80 & US-189, EXIT 3",Evanston,WY,3.699,41.26828,-110.96324
6961,LITTLE AMERICA,"I-80, EXIT 358 & I-25, EXIT 9 & US-30",Cheyenne,WY,3.709,41.13998,-104.82025
6962,LITTLE AMERICA TRAVEL CENTER,"I-80, EXIT 68 & SR-374",Little America,WY,3.526,41.54357,-109.85903
6963,Atlantis Fresh Market #553,"I-84, EXIT 1",Montague,NJ,3.509,41.30315,-74.7935
6968,R STORE #4513,US-41,Fond Du Lac,WI,3.299,43.775,-88.43883
6970,TA Twin City East Travel Center,I-94  EXIT 4 & US-12,Hudson,WI,3.547,44.97469,-92.75687
6971,KWIK TRIP #1013,"I-41, EXIT 57 & SR-167",Richfield,WI,3.391,43.25612,-88.19398
6975,TRUCKERS INN STOP,"I-90/I-94, EXIT 132 & US-51",De Forest,WI,3.199,43.24777,-89.34373
6976,MOASIS TRUCK CENTER,US-41,Little Chute,WI,3.199,44.27999,-88.31844
6980,TA MADISON TRAVEL CENTER,"I-90/I-94/I-39, EXIT 132 & US-51",De Forest,WI,3.839,43.24777,-89.34373
6981,Kwik Trip #1197,"US-151, EXIT 26",Belmont,WI,3.564,42.73611,-90.33429
6984,TA HURRICANE TRAVEL CENTER,"I-64, EXIT 39 & SR-34",Hurricane,WV,3.632,38.43259,-82.02014
6986,LOVES TRAVEL STOP #448,"I-5, EXIT 136B, SR-509",Tacoma,WA,4.589,47.25288,-122.44429
6987,One9 #965,"I-90, EXIT 109 & US-97",Ellensburg,WA,3.839,46.99651,-120.54785
6992,FLYING J #1169,"I-5, EXIT 99",Tumwater,WA,4.599,47.00732,-122.90931
6994,FLYING J FRANCHISE #967,"I-90, EXIT 286",Spokane,WA,3.929,47.65966,-117.42908
6999,SIMMONS TRAVEL CENTER,"I-85, EXIT 4 & SR-93/SR-903",Bracey,VA,3.099,36.59959,-78.14305
7003,TA ASHLAND TRAVEL CENTER,"I-95, EXIT 92 & SR-54",Ashland,VA,3.642,37.75903,-77.47998
7004,FRANKS TRUCKING CENTER,"I-264, EXIT 13B",Chesapeake,VA,3.449,36.81904,-76.27494
7005,PETRO STOPPING CENTER,"I-81 & I-64, EXIT 205",Raphine,VA,3.659,37.93735,-79.23281
7007,KUM & GO #0201,"I-80, EXIT 242",Coralville,IA,3.294,41.6764,-91.58045
7013,ERNIES TRUCK PLAZA,"I-15, EXIT 112",Beaver,UT,3.399,38.27691,-112.64105
7016,TA SALT LAKE CITY TRAVEL CENTER,"I-80, EXIT 99",Tooele,UT,3.769,40.53078,-112.29828
7018,FLYING J TRAVEL PLAZA #746,"I-15 & I-80 SR 201, EXIT 305",Salt Lake City,UT,3.732,40.76078,-111.89105
7023,TA AMARILLO WEST TRAVEL CENTER,"I-40, EXIT 74",Amarillo,TX,3.279,35.222,-101.8313
7037,SAMS TRUCK STOP,"I-10, EXIT 138",Van Horn,TX,3.999,31.04029,-104.83073
7045,BUBBLE CITY TRUCK STOP,US-64,Farmington,NM,3.706,36.72806,-108.21869
7051,PILOT #887,US-84 & US-180,Snyder,TX,3.246,32.71789,-100.91762
7056,TA SWEETWATER TRAVEL CENTER,"I-20, EXIT 242",Sweetwater,TX,3.152,32.47095,-100.40594
7058,YESWAY #1125,"I-27, EXIT 1C",Lubbock,TX,2.969,33.57786,-101.85517
7059,TA BIG SPRING TRAVEL CENTER,"I-20, EXIT 177 & US-87",Big Spring,TX,3.699,32.2504,-101.47874
7064,SPEEDWAY #9804,"I-10, EXIT 25",El Paso,TX,3.416,31.75872,-106.48693
7066,REFUEL #328,"I-35,  EXIT 204",San Marcos,TX,2.999,29.88327,-97.94139
7072,TA ANTIOCH TRAVEL CENTER,"I-24, EXIT 62",Antioch,TN,3.506,35.78979,-88.97423
7077,THE TENNESSEAN TRUCKSTOP,"I-65, EXIT 22 & US-31 ALT/SR-11",Cornersville,TN,3.799,35.36146,-86.83972
7078,TA DENMARK TRAVEL CENTER,"I-40 & SR-138, EXIT 68",Denmark,TN,3.539,36.33839,-87.72919
7080,ONE9 #1422,"I-40, EXIT 197",Moriarty,NM,3.116,34.99005,-106.04919
7082,Chevron,"I-65, EXIT 6",Ardmore,TN,3.599,34.99203,-86.84667
7084,Holiday StationStore #2746500,US-12 & US-281,Aberdeen,SD,3.114,45.4647,-98.48648
7087,PILOT #599,"I-90, EXIT 192 & I-90 BUS/US-83",Murdo,SD,3.799,43.88832,-100.71291
7088,FLYING J FRANCHISE #931,"I-90, EXIT 61",Rapid City,SD,3.157,44.08054,-103.23101
7092,LOVES TRAVEL STOP #445,I-90 EXIT 399 & SR 115,Sioux Falls,SD,3.889,43.54369,-96.72796
7095,TA MANNING TRAVEL CENTER,"I-95, EXIT 119",Manning,SC,3.517,33.69516,-80.21091
7106,PILOT DEALER #1163,"I-80, EXIT 42",Emlenton,PA,4.036,41.17728,-79.70783
7112,TA HARRISBURG TRAVEL CENTER,"I-81, EXIT 77 & SR-39",Harrisburg,PA,3.816,40.2737,-76.88442
7116,TA MILESBURG TRAVEL CENTER,"I-80, EXIT 158",Milesburg,PA,4.049,40.94173,-77.785
7121,TA BLOOMSBURG TRAVEL CENTER,"I-80, EXIT 232",Bloomsburg,PA,3.957,41.0037,-76.45495
7126,SAPP BROS TRAVEL CENTER,"I-80, EXIT 120",Clearfield,PA,3.899,41.02728,-78.43919
7128,FLYING J #518,"I-78, EXIT 10 (PA 645)",Myerstown,PA,3.869,40.37454,-76.30273
7129,TA BROOKVILLE TRAVEL CENTER,"I-80 EXIT 78, & SR-36",Brookville,PA,4.029,41.16117,-79.08309
7131,TA BREEZEWOOD TRAVEL CENTER,"I-76 & US30, EXIT 161",Breezewood,PA,4.299,39.99925,-78.23862
7132,Terrible Herbst dba/One9 #1395,"I-15, EXIT 12",Jean,NV,3.459,35.77887,-115.32388
7135,PETRO STOPPING CENTER #336,"I-81, EXIT 52 & I-76, EXIT 226",Carlisle,PA,4.149,40.20148,-77.18887
7136,TA LAMAR TRAVEL CENTER,"I-80, EXIT 173 & SR-64",Lamar,PA,4.036,41.01618,-77.5311
7137,TA BARKEYVILLE TRAVEL CENTER,"I-80, EXIT 29 & SR-8",Harrisville,PA,4.044,41.13673,-80.00922
7147,JUBITZ TRAVEL PLAZA,"I-5, EXIT 307",Portland,OR,3.859,45.52345,-122.67621
7148,TA TROUTDALE TRAVEL CENTER,"I-84, EXIT 17",Troutdale,OR,3.932,45.53929,-122.38731
7154,TA OKLAHOMA CITY WEST TRAVEL CENTER,"I-40, EXIT 140",Oklahoma City,OK,3.302,35.46756,-97.51643
7156,TA OKLAHOMA CITY EAST TRAVEL CENTER,"I-40, EXIT 142",Oklahoma City,OK,3.301,35.46756,-97.51643
7166,TA London Travel Center,"I-70 & US-42, EXIT 79",London,OH,3.492,39.88645,-83.44825
7169,TA YOUNGSTOWN TRAVEL CENTER,"I-80 & SR 46, EXIT 223",Youngstown,OH,3.444,41.09978,-80.64952
7170,TRUCK WORLD TRUCKSTOP,"I-80, EXIT 234",Hubbard,OH,3.259,41.15645,-80.56924
7172,TA TOLEDO EAST TRAVEL CENTER,"I-80 & I-280, EXIT 71",Perrysburg,OH,3.781,41.557,-83.62716
7173,SPEEDWAY #9954,"SR-17, EXIT 66",Apalachin,NY,3.999,42.06952,-76.15465
7176,TA DAYTON TRAVEL CENTER,"I-70,  EXIT 10 & US-127",Eaton,OH,3.401,39.74394,-84.63662
7179,JIMS TRUCK PLAZA,"I-90, EXIT 52E",Buffalo,NY,3.659,42.88645,-78.87837
7180,TA HebronTravel Center,"I-70, EXIT 126 & SR-37",Hebron,OH,3.382,39.96173,-82.49127
7183,TA KINGSVILLE TRAVEL CENTER,"I-90, EXIT 235 & SR-193",Kingsville,OH,3.882,41.89089,-80.67619
7184,TA JEFFERSONVILLE EAST TRAVEL CENTER,"I-71, EXIT 65 & SR-435 & US-35",Jeffersonville,OH,3.327,39.65367,-83.56381
7189,S and R Truck Plaza,"I-94, EXIT 260",Jamestown,ND,3.586,46.91054,-98.70844
7190,Tower Travel Center,"I-94, EXIT 307",Tower City,ND,3.516,46.92275,-97.67399
7196,SALUDA TRUCK PLAZA,"I-26, EXIT 28",Saluda,NC,3.099,35.23623,-82.34928
7197,7-ELEVEN #35115,"I-90, EXIT 42",Phelps,NY,4.019,42.95756,-77.05747
7198,LOVES TRAVEL STOP #507,"I-85, EXIT 71",Salisbury,NC,3.511,35.67097,-80.47423
7212,ONVO TRAVEL PLAZA,"I-90 & RTE 22, EXIT B-3",Canaan,NY,3.399,42.41203,-73.44706
7213,SENECA ONE STOP,"I-90, EXIT 58",Irving,NY,2.899,42.56756,-79.11282
7215,TA FULTONVILLE TRAVEL CENTER,"I-90, EXIT 28",Fultonville,NY,4.039,42.94785,-74.37041
7216,ONVO TRAVEL PLAZA - LOUNSBERRY,"SR-17, EXIT 63",Nichols,NY,3.399,42.02174,-76.36688
7220,CUMBERLAND FARMS #001662,US-9W/SR-32,Glenmont,NY,3.749,42.6048,-73.76957
7222,TA SANTA ROSA TRAVEL CENTER,"I-40/US-54, EXIT 277 & US-84",Santa Rosa,NM,3.452,34.93867,-104.68249
7225,LOVES TRAVEL STOP #329,US-60,Clovis,NM,4.089,34.4048,-103.20523
7226,TA LAS CRUCES TRAVEL CENTER,"I-10, EXIT 139",Las Cruces,NM,3.141,32.31232,-106.77834
7227,NATIONAL TRUCK STOP,"I-10, VADO EXIT 155",Vado,NM,2.999,32.11176,-106.6625
7228,MAVERIK COUNTRY STORE #638,"I-40, EXIT 159D & I-25/US-85, EXIT 227",Albuquerque,NM,3.207,35.08449,-106.65114
7229,TA GALLUP TRAVEL CENTER,"I-40, EXIT 16 & HWY 66",Gallup,NM,3.432,35.52808,-108.74258
7230,DEMING TRUCK STOP,"I-10, EXIT 81",Deming,NM,2.899,32.2687,-107.75864
7231,TA ALBUQUERQUE TRAVEL CENTER,"I-25, EXIT 227 OR 225",Albuquerque,NM,3.587,35.08449,-106.65114
7234,TA BLOOMSBURY TRAVEL CENTER,"I-78/US-22, EXIT 7 & SR-173",Bloomsbury,NJ,3.791,40.65399,-75.08656
7237,TA COLUMBIA TRAVEL CENTER,"I-80, EXIT 4 & SR-94",Columbia,NJ,4.099,40.92621,-75.09268
7239,TA PAULSBORO TRAVELCENTER,"I-295, EXIT 18A",Paulsboro,NJ,3.999,39.83039,-75.24046
7240,Pilot Travel Centers #190,"I-78, EXIT 12 & US-22",Hampton,NJ,3.809,40.70704,-74.956
7244,TA LAS VEGAS TRAVEL CENTER,"I-15, EXIT 33",Las Vegas,NV,3.736,36.17497,-115.13722
7248,WILD WILD WEST TRAVEL PLAZA,"I-15, EXIT 37",Las Vegas,NV,3.767,36.17497,-115.13722
7263,FLYING J #904,"I-80, EXIT 107",Big Springs,NE,3.482,41.06138,-102.07435
7264,TA GRAND ISLAND WEST TRAVEL CENTER,"I-80, EXIT 305",Alda,NE,3.169,40.87112,-98.46812
7265,Fast Stop Travel Centers #1151,"I-80, EXIT 164 & CR-56C",Hershey,NE,3.499,41.15861,-101.00265
7267,TA OGALLALA TRAVEL CENTER,"I-80, EXIT 126",Ogallala,NE,3.466,41.12805,-101.71962
7268,SAPP BROS TRAVEL CENTER,"I-80, EXIT 440 & SR-50, EXIT 440",Omaha,NE,3.281,41.25626,-95.94043
7269,GRAND ISLAND TRAVEL CENTER,"I-80, EXIT 312 & US-281/US-34",Grand Island,NE,3.266,40.92501,-98.34201
7282,ALLTOWN FRESH,"I-87, EXIT 17N & US-9",Fort Edward,NY,3.759,43.26702,-73.58456
7284,MURALTS TRUCK PLAZA,"I-90, EXIT 96 & US-93/SR-200",Missoula,MT,3.609,46.87215,-113.994
7285,SENECA ONE STOP,"SR-17, EXIT 20",Salamanca,NY,3.309,42.15784,-78.71503
7286,TA MISSOULA,"I-90, EXIT 96 & US-93",Missoula,MT,3.699,46.87215,-113.994
7288,TA LAUREL,"I-90, EXIT 437",Laurel,MT,3.612,45.66912,-108.77153
7289,TA STRAFFORD,"I-44, EXIT 88 & SR-125",Strafford,MO,3.366,37.26838,-93.11713
7291,TA OAK GROVE TRAVEL CENTER,"I-70, EXIT 28",Oak Grove,MO,3.222,39.00501,-94.12939
7293,TA Matthews Travel Center,"I-55, EXIT 58 & SR-80",Matthews,MO,3.206,36.75922,-89.58675
7299,GASPERS - FAST LANE,"I-70, EXIT 148 & US-54",Kingdom City,MO,2.959,38.95282,-91.93907
7300,B AND D AUTO TRUCK PLAZA,"I-44, EXIT 127",Lebanon,MO,3.099,37.6806,-92.66379
7310,AAA HOSPITALITY,"I-55, EXIT 220",Tillatoba,MS,2.784,33.98484,-89.89676
7312,208 FUEL PLAZA,"I-70, EXIT 208",Belmont,OH,3.419,39.7295,-84.13966
7314,TA MERIDIAN TRAVEL CENTER,"I-20 & I-59, EXIT 160",Meridian,MS,2.912,32.36431,-88.70366
7323,TRUCKERS INN,"I-94/US-52, EXIT 127 & US-71",Sauk Centre,MN,3.226,45.73747,-94.95252
7326,PETRO STOP #398,"I-35 & I-90, EXIT 11",Albert Lea,MN,4.099,43.64801,-93.36827
7327,TA TEKONSHA,"I-69,EXIT 25 & SR-60",Tekonsha,MI,3.589,42.09338,-84.98581
7331,SPEEDWAY #9266,US-52 & SR-234,Ironton,OH,3.699,38.53675,-82.68294
7332,FLYING J #895,"I-75, EXIT 32A",Trenton,MI,3.249,42.13949,-83.17826
7335,TA SAWYER TRAVEL CENTER,"I-94, EXIT 12",Sawyer,MI,3.689,41.88532,-86.58947
7337,TA BATTLE CREEK,"I-94, EXIT 104",Battle Creek,MI,3.979,42.3173,-85.17816
7341,INTERSTATE TRAVEL PLAZA,"I-495, EXIT 14A & US-1",Wrentham,MA,3.699,42.06677,-71.32811
7344,BEST QUICK STOP,US-1,Peabody,MA,3.616,42.52787,-70.92866
7353,DYSARTS SERVICE,"I-95, EXIT 44",Bangor,ME,3.799,44.79884,-68.77265
7354,CIRCLE K #4707065,"I-95, EXIT 2",Kittery,ME,3.899,43.08814,-70.73616
7357,TA SLIDELL TRAVEL CENTER,"I-10, EXIT 266 & US-190",Slidell,LA,3.154,30.27519,-89.78117
7360,KINGS TRUCK STOP,ST 103,Port Barre,LA,3.189,30.5602,-91.95401
7364,Petro Stopping Center,"I-80, EXIT 226",Girard,OH,3.452,41.15395,-80.70147
7370,TA SMITHS GROVE,"I-65, EXIT 38 & SR-101",Smiths Grove,KY,3.432,37.05255,-86.20776
7371,One9 #392,"I-65, EXIT 81 & SR-84",Sonora,KY,3.196,37.52423,-85.89302
7372,TA WALTON #28,"I-75/I-71, EXIT 175 & SR-338",Walton,KY,3.002,38.87562,-84.61022
7379,KEYSTOP TRAVEL CENTER,"I-65, EXIT 2 & US-31W",Franklin,KY,2.899,36.72226,-86.57722
7382,TA FLORENCE TRAVEL CENTER,"I-75, EXIT 181",Florence,KY,3.071,38.99895,-84.62661
7385,WAKEENEY 24 7 STORE #3,"I-70/US-40, EXIT 127 & US-283",Wakeeney,KS,3.091,39.02501,-99.87957
7387,TA Oakley,"I-70, EXIT 76 & US-40/US-83",Oakley,KS,3.649,39.13334,-100.86376
7389,GO MART FOOD STORE #58,"I-77, EXIT 1 & SR-7",Marietta,OH,3.799,39.41535,-81.45484
7396,7-ELEVEN #36180,US-20/SR-18,Monroeville,OH,3.614,41.24422,-82.69629
7398,FLYING J TRAVEL PLAZA #913,"I-80, EXIT 142 & US-65",Altoona,IA,3.342,41.64416,-93.46466
7403,FUEL MART #714,"I-75, EXIT 168",North Baltimore,OH,3.112,41.18283,-83.67827
7406,PILOT TRAVEL CENTER #594,"I-29, EXIT 143",Sioux City,IA,3.606,42.49999,-96.40031
7407,TA IOWA 80 TRAVEL PLAZA,"I-80, EXIT 284",Walcott,IA,3.902,41.58475,-90.77209
7408,FRIENDSHIP FOOD MART #99,US-224 & SR-61/SR-598,Willard,OH,3.632,41.05311,-82.72629
7410,PILOT TRAVEL CENTER #373,"I-35 & I-80, EXIT 126",Urbandale,IA,3.342,41.62666,-93.71217
7412,PETRO STOPPING CENTER #374,"I-69, EXIT 245 & SR-28",Gaston,IN,3.536,40.31393,-85.50053
7416,GOOD TO GO #40,"I-65, EXIT 215 & SR-114",Rensselaer,IN,3.201,40.9367,-87.15086
7417,SKY CITGO,US-30 & SR-23,Grovertown,IN,3.499,41.37504,-86.50473
7418,JJS TRAVEL PLAZA,US-31 & US-24,Peru,IN,3.444,40.75365,-86.06888
7421,MIDLAND #1901,"I-70, EXIT 137 AT MILE 137",Cambridge City,IN,3.432,39.81255,-85.17163
7425,Petro Brazil,"I-70,  EXIT 23",Brazil,IN,3.989,39.52365,-87.12502
7429,TA CLAYTON,"I-70, EXIT 59 & SR-39",Clayton,IN,3.939,39.68921,-86.5225
7435,PETRO STOPPING CENTER #375,"I-65, EXIT 201 & US-231/US-24",Remington,IN,3.699,40.76087,-87.15085
7436,TA WHITESTOWN,"I-65/US-52, EXIT 130",Whitestown,IN,3.571,39.99726,-86.34583
7437,PETRO STOPPING CENTER #379,"I-74,  EXIT 143",Greensburg,IN,3.999,39.33727,-85.48358
7457,TA EFFINGHAM TRAVEL CENTER,"I-57 & I-70, EXIT 160",Effingham,IL,3.349,39.12004,-88.54338
7459,TA Morris Travel Center,"I-80, EXIT 112 & SR-47",Morris,IL,3.849,41.35725,-88.42118
7466,PILOT #595,"I-57, EXIT 54B & SR-13",Marion,IL,3.759,37.73061,-88.93313
7469,PILOT TRAVEL CENTER #313,"I-70/I-55, EXIT 4 & SR-203",East Saint Louis,IL,3.379,38.6245,-90.15094
7471,ROAD RANGER #185,"I-55, EXIT 145 & US-136",Mc Lean,IL,3.349,40.31448,-89.16981
7482,TA BOISE TRAVEL CENTER,"I-84, EXIT 54",Boise,ID,3.771,43.6135,-116.20345
7492,Mobil dba One9 #1365,"I-85, EXIT 70",Cusseta,AL,2.999,32.78485,-85.30578
7495,RACETRAC #2574,"I-75, EXIT 237, SR-331 & US-41",Forest Park,GA,3.109,33.62205,-84.36909
7504,TEXACO,"I-75, EXIT 306 & SR-140",Adairsville,GA,3.106,34.3687,-84.93411
7506,CHAPMANS TRUCK STOP,"I-85 & SR-219, EXIT 13",Lagrange,GA,3.916,33.03929,-85.03133
7523,EXPRESS STOP FOOD STORE #4644,"I-75, EXIT 181",Pinconning,MI,3.639,43.85363,-83.96499
7533,TA WILDWOOD TRAVEL CENTER,"I-75, EXIT 329 & SR-44",Wildwood,FL,3.214,28.86542,-82.04058
7534,TA BALDWIN TRAVEL CENTER,"I-10, EXIT 343 & US-301",Jacksonville,FL,3.899,30.33218,-81.65565
7535,GIANT #198,"I-4/SR-400, EXIT 7 & US-301/SR-41",Tampa,FL,3.257,27.94752,-82.45843
7543,TA NEW HAVEN TRAVEL CENTER,"I-95, EXIT 56",Branford,CT,5.069,41.27954,-72.8151
7545,CITGO,"I-95, EXIT 40",Milford,CT,3.399,41.22232,-73.0565
7546,SHELL DBA PILOT DEALER #882,"I-95, EXIT 93 & SR-216",North Stonington,CT,4.299,41.44093,-71.88118
7551,PWI #525,"I-70, EXIT 295",Watkins,CO,3.139,39.74526,-104.60747
7552,TA DENVER WEST TRAVEL CENTER,"I-70, EXIT 266",Wheat Ridge,CO,3.416,39.7661,-105.07721
7553,BRUSH TRAVEL PLAZA,"I-76, EXIT 90B & SR-71",Brush,CO,3.699,40.25887,-103.62384
7574,108 FOOD AND FUEL,"I-40, EXIT 108 & US-66/US-281 BUS",Calumet,OK,3.136,35.60116,-98.11867
7611,LOVES TRAVEL STOP #167,"I-44, EXIT 83",Chickasha,OK,3.166,35.05257,-97.93643
7615,HOPI TRAVEL PLAZA CONOCO DBA ONE9 #1270,"I-40, EXIT 292",Holbrook,AZ,3.139,34.90225,-110.15818
7617,TUCSON TRUCK TERMINAL,"I-10, EXIT 268",Tucson,AZ,3.222,32.22174,-110.92648
7622,COPAN TRUCK STOP,US-75,Copan,OK,3.119,36.89758,-95.92609
7624,WILLCOX TRUCK PLAZA,"I-10, EXIT 340",Willcox,AZ,3.341,32.25285,-109.83201
7625,LOVES TRAVEL STOP #248,"I-40, EXIT 71",Clinton,OK,3.172,35.51561,-98.96731
7627,DAVIS TRADING POST,"I-35, EXIT 55",Davis,OK,2.979,34.50453,-97.11946
7629,ARNOLDS TRUCK STOP,US-72/SR-20/SR-157 & CR-59,Tuscumbia,AL,3.169,34.7312,-87.70253
7635,TA MONTGOMERY TRAVEL CENTER,"I-65, EXIT 168 & US-80/US-82/SR-6/SR-8",Montgomery,AL,3.252,32.36681,-86.29997
7636,PILOT TRAVEL CENTER #76,"I-20 & I-59, EXIT 76",Tuscaloosa,AL,2.999,33.20984,-87.56917
7655,LOVES TRAVEL STOP #253,I-40 EXIT 7 & SR 30,Erick,OK,3.206,35.21533,-99.86649
7705,FLYING J TRAVEL PLAZA #610,"I-40, EXIT 53",Kingman,AZ,3.882,35.18944,-114.05301
7708,PILOT TRAVEL CENTER #352,"I-75, EXIT 139",Fort Myers,FL,3.799,26.62168,-81.84059
7715,LONDON AUTO TRUCK CENTER,"I-75, EXIT 41 & SR-80",London,KY,3.399,37.12898,-84.08326
7718,MR FUEL #717,"I-44, EXIT 251",Villa Ridge,MO,3.016,38.47255,-90.8868
7719,FLYING J TRAVEL PLAZA #674,"I-70, EXIT 188",Warrenton,MO,3.116,38.81144,-91.14154
7721,TRAIL STAR TRUCK STOP,"ST 16, EXIT 213",Glendive,MT,3.459,47.10529,-104.71246
7722,SAPP BROS TRAVEL CENTER,"I-80, EXIT 353 & US-81",York,NE,3.324,40.86807,-97.592
7724,FUEL MART #767,US-6 & US-23,Bradner,OH,3.407,41.32422,-83.43854
7725,BELL STORES #48,US-30 & SR-94,Dalton,OH,3.386,40.79894,-81.69541
7733,FLYING J TRAVEL PLAZA #723,"I-40, EXIT 76",Amarillo,TX,3.266,35.222,-101.8313
7746,PILOT TRAVEL CENTER #888,"I-27, EXIT 74",Tulia,TX,3.341,34.53589,-101.75852
7753,LOVES TRAVEL STOP #166,SR-351,Muskogee,OK,3.337,35.74788,-95.36969
7767,FLYING J TRAVEL PLAZA #759,"I-25, EXIT 7",Cheyenne,WY,3.709,41.13998,-104.82025
7768,BIG D #30,"I-25/US-87, EXIT 9 & I-80, EXIT 359C & I-80 BUS/US-30",Cheyenne,WY,3.204,41.13998,-104.82025
7792,FLYING J TRAVEL PLAZA #630,"I-75/SR-401, EXIT 201 & SR-36",Jackson,GA,3.384,33.29457,-83.96602
7798,CIRCLE K #2745100,"I-95, EXIT 7",Woodbine,GA,3.232,30.96396,-81.72416
7825,PILOT TRAVEL CENTERS #356,"I-65, EXIT 121",Shepherdsville,KY,3.609,37.9884,-85.71579
7838,PILOT #581,"US-52/SR-55, & 117TH ST, MM300",Inver Grove Heights,MN,3.579,44.84802,-93.04272
7871,STRIPES 7FLEET #42454,"US-60, US-70 & US-84",Texico,NM,3.829,34.38869,-103.05134
7873,One9 #387,"I-80, EXIT 280 & SR- 278",Carlin,NV,3.439,40.71381,-116.10397
7886,PETRO STOPPING CENTER #357,"I-70, EXIT 156B & US-40",New Paris,OH,3.487,39.85699,-84.79329
7930,I 24 TRUCK PLAZA,"I-24, EXIT 114 & US-41",Manchester,TN,3.099,35.48174,-86.0886
7946,PILOT TRAVEL CENTERS #289,"I-90/I-39, EXIT 158 & I-43/SR-81, EXIT 1",Beloit,WI,3.799,42.50835,-89.03178
7959,SPF #45,"I-25/US-87, EXIT 7 & US-212",Cheyenne,WY,3.226,41.13998,-104.82025
8840,LOVES TRAVEL STOP #211,"I-35, EXIT 120",Oklahoma City,OK,3.256,35.46756,-97.51643
8895,PAULS VALLEY TRAVEL CENTER,"I-35, EXIT 72  & SR-19",Pauls Valley,OK,2.999,34.74008,-97.22225
8927,LOVES TRAVEL STOP #219,"I-40, EXIT 200",Seminole,OK,3.362,35.22452,-96.67057
8936,CIRCLE K #107,US-220 & CR-902,Ridgeway,VA,3.399,36.98931,-79.48253
8948,PARK N PUMP CIRCLE C,"I-15, EXIT 222",Nephi,UT,3.449,39.71023,-111.83632
8961,FLYING J TRAVEL PLAZA #736,"I-20, EXIT 42 & US-285",Pecos,TX,3.466,31.42291,-103.49323
8977,LOVES TRAVEL STOP #168,"I-44, EXIT 20",Walters,OK,3.194,34.35981,-98.30783
8987,LOVES TRAVEL STOP #255,"I-40, EXIT 287 & SR-100",Webbers Falls,OK,3.789,35.51093,-95.12996
9160,PILOT TRAVEL CENTERS #912,"I-80, EXIT 300 & SR-40D",Wood River,NE,3.282,40.82057,-98.60007
9161,TREXLER PLAZA TRUCK STOP,I-78/US-22,Allentown,PA,3.632,40.60843,-75.49018
9206,CIRCLE K #4707005,US-2 & SR-4,Farmington,ME,3.899,44.67062,-70.15117
9216,309 TRUCK STOP,SR-309,Coopersburg,PA,3.759,40.51149,-75.39046
9241,7-ELEVEN #40286,"I-76,  EXIT 23/312",Elverson,PA,3.889,40.15676,-75.83271
9280,ONVO TRAVEL PLAZA - LAKEWOOD,"I-84, EXIT 20 & SR-507",Greentown,PA,3.546,41.32176,-75.30546
9289,ONVO EXPRESS,"I-81, EXIT 217 & SR-547",Harford,PA,3.609,41.7823,-75.70158
9340,LANCASTER TRAVEL PLAZA,US-30,Ronks,PA,3.899,40.02621,-76.16857
9354,BFS FOODS TRUCK PLAZA,"I-79, EXIT 1",Mount Morris,PA,4.499,39.73313,-80.06784
9365,FLYING J TRAVEL PLAZA #713,"I-95, EXIT 181",Latta,SC,3.349,34.3371,-79.43116
9381,SCOTT FUEL TRAVEL PLAZA,"I-81, EXIT 199",Dalton,PA,3.599,41.53424,-75.73603
9382,PILOT TRAVEL CENTERS #286,"I-70, EXIT 10 & SR-127",Eaton,OH,3.462,39.74394,-84.63662
9383,PILOT TRAVEL CENTERS #285,"I-70, EXIT 126 & SR-37",Hebron,OH,3.446,39.96173,-82.49127
9386,PETRO STOPPING CENTER #325,"I-75,  EXIT 167",North Baltimore,OH,3.271,41.18283,-83.67827
9403,PILOT TRAVEL CENTERS #280,"I-78, EXIT 7 & SR-173",Bloomsbury,NJ,3.809,40.65399,-75.08656
9415,7-ELEVEN #40287,"I-76, EXIT 24A/326",Wayne,PA,3.889,40.044,-75.38769
9423,PETRO STOPPING CENTER #318,"I-70, EXIT 148",Kingdom City,MO,3.057,38.95282,-91.93907
9449,CORNER PANTRY #127,"I-26, EXIT 115 & US-321",West Columbia,SC,3.412,33.99349,-81.07398
9451,TA BETO JUNCTION TRAVEL CENTER,"I-35, EXIT 155 & US-75",Lebo,KS,3.231,38.41668,-95.85304
9467,TA PORTER TRAVEL CENTERS,"I-94, EXIT 22B & US-20",Chesterton,IN,3.849,41.61059,-87.0642
9468,TA LAKE STATION,"I-80 & I-94, EXIT 15B",Lake Station,IN,3.849,41.57504,-87.23892
9469,TA EXPRESS COWPENS #477,"I-85, EXIT 83 & SR-110",Cowpens,SC,3.399,35.01679,-81.80399
9485,PILOT TRAVEL CENTER #4559,"I-20, EXIT 26",Villa Rica,GA,3.389,33.73205,-84.91911
9513,CIRCLE K #2705350,"I-20, EXIT 5 & US-25",North Augusta,SC,3.159,33.5018,-81.96512
9525,SCOTCHMAN #3891,"I-77, EXIT 65 & SR-9",Richburg,SC,3.109,34.71597,-81.01953
9528,GO MART FOOD STORE #43,"I-64, EXIT 39 & SR-34",Teays,WV,3.499,38.44176,-81.95291
9542,SPINX #266,"I-26, EXIT 104",Columbia,SC,3.132,34.00071,-81.03481
9550,Mauston Interstate BP,"I-90/I-94, EXIT 69 & SR-82",Mauston,WI,3.227,43.79719,-90.07735
9553,LYNDON STATION BP,I-90 & 94 EXIT 79,Lyndon Station,WI,3.177,43.7122,-89.89957
9554,BIG D OIL #2,US-85 & US-34,Belle Fourche,SD,3.227,44.67137,-103.85215
9614,DITTYS,"I-90, EXIT 284 & SR-45",Kimball,SD,3.089,43.74667,-98.95843
9618,FLYING J #477,US-75,Anna,TX,3.239,33.349,-96.5486
9638,PILOT TRAVEL CENTERS #62,"I-95, EXIT 170 & SR-327",Florence,SC,3.349,34.19543,-79.76256
9668,COFFEE CUP FUEL STOP #4,"I-90, EXIT 310 & SR-281",Plankinton,SD,3.027,43.71555,-98.48509
9675,FLYING J TRAVEL PLAZA #722,"I-75 & I-40, EXIT 369",Knoxville,TN,3.439,35.96064,-83.92074
9699,SPEEDWAY #9400,US-30/US-62 & SR-297,Canton,OH,3.369,40.79895,-81.37845
9703,PILOT TRAVEL CENTERS #2,"I-90, EXIT 223 & SR-45",Austinburg,OH,3.859,41.772,-80.85453
9712,TA GREENSBORO TRAVEL CENTER,"I-40 & I-85, EXIT 138 & SR-61",Whitsett,NC,3.997,36.07125,-79.56447
9713,TA Express Vermillion #275,"I-29, EXIT 26 & SR-50",Burbank,SD,3.099,42.74528,-96.82921
9717,COFFEE CUP FUEL STOP #8,"I-90, EXIT 212 & SR-83",Vivian,SD,3.097,43.92693,-100.29208
9724,One9 #1339,"I-81,  EXIT 34",Parish,NY,3.799,43.40618,-76.12576
9746,TA MILL CITY TRAVEL CENTER,"I-80, EXIT 151",Imlay,NV,3.794,40.66074,-118.15042
9747,GOOD TO GO TRAVEL CENTER,"I-80, EXIT 353 & US-81",York,NE,3.317,40.86807,-97.592
9763,DELUXE TRUCK STOP,SR-759,Saint Joseph,MO,3.149,39.76861,-94.84663
9783,KANGAROO CROSSING #1101,"I-55, EXIT 144",Pickens,MS,3.099,32.88374,-89.97147
9803,TA KNOXVILLE WEST TRAVEL CENTER,"I-40 & I-75, EXIT 369",Knoxville,TN,3.426,35.96064,-83.92074
9808,TA ANN ARBOR TRAVEL CENTER,"I-94, EXIT 167",Dexter,MI,3.499,42.33834,-83.88954
9812,LEES FOOD MART #1398,"I-40, EXIT 398",Knoxville,TN,3.299,35.96064,-83.92074
9818,CIRCLE K #4707002,"I-95, EXIT 157",Newport,ME,3.899,44.83534,-69.27394
9821,PILOT TRAVEL CENTERS #52,"I-24, EXIT 64",La Vergne,TN,3.472,36.01562,-86.58194
9842,Petes #03,US-59 & US-54,Moran,KS,3.266,37.91615,-95.17025
9843,MAPLE HILL TRUCK STOP,"I-70, EXIT 341",Maple Hill,KS,3.052,39.08472,-96.02805
9851,KWIK STOP #86,US-151/US-52/US-61,Dubuque,IA,3.489,42.50056,-90.66457
9855,PILOT TRAVEL CENTER #37,"I-65, EXIT 95",Whiteland,IN,3.959,39.55005,-86.07971
9860,PARADISE AUTO TRUCK PLAZA,US-31,Rochester,IN,3.406,41.06476,-86.21583
9862,PILOT TRAVEL CENTERS #271,"I-80, EXIT 6",Gary,IN,3.799,41.59337,-87.34643
9887,7-ELEVEN #40354,"I-95, EXIT 173",Palm Bay,FL,3.216,28.03446,-80.58866
9941,FLYING J TRAVEL PLAZA #609,"I-10, EXIT 208-A",Eloy,AZ,3.452,32.7559,-111.55484
9945,CIRCLE K #2706690,"I-85/US-29, EXIT 62 & US-280/US-431/SR-38/SR-1",Opelika,AL,2.999,32.64541,-85.37828
9959,FLYING J #876,"I-95, EXIT 104",Ruther Glen,VA,3.619,37.92875,-77.45582
9962,STRIPES #40673,"I-45, EXIT 179",Mcallen,TX,3.289,26.20341,-98.23001
9971,TA DANSVILLE TRAVEL CENTER,"I-390 & COMMERCE, EXIT 5",Dansville,NY,4.499,42.5609,-77.69611
9973,BOLLA MARKET,"I-287, EXIT 66",Mahwah,NJ,3.532,41.08871,-74.14376
9990,JIMS  BEST STOP,US-45 & US-64,Selmer,TN,3.174,35.17008,-88.59227
9995,LOVES TRAVEL STOP #411,"I-35 & I-80, EXIT 125 & US-6",Clive,IA,3.341,41.60304,-93.72411
9997,Circle K #2723687,"I-20, EXIT 11 & US-27/SR-1",Bremen,GA,3.087,33.72122,-85.1455
10006,FLINT HILLS FUEL MART,US-50 & US-77,Florence,KS,3.499,38.24446,-96.92808
10007,CIRCLE K #2705346,SR-307,Savannah,GA,3.032,32.08354,-81.09983
10014,Sudden Service #6604,"I-40, EXIT 212",Nashville,TN,3.399,36.16589,-86.78444
10015,Loves Travel Stop #429,"I-65 & I-24, EXIT 87",Nashville,TN,3.462,36.16589,-86.78444
10020,Maplefields,"US-4, EXIT 2 & SR-22A",Fair Haven,VT,3.599,43.59479,-73.26567
10024,MILLERS TRAVEL CENTER,US-6 & US-50,Wellington,UT,3.659,39.54247,-110.73543
10028,GOOD TO GO #10,US-35,Winamac,IN,3.914,41.05143,-86.60306
10030,LOVES TRAVEL STOP #715,I-77 EXIT 58 & SR-666 & US-52,Bastian,VA,3.597,37.15206,-81.15009
10033,SHELL,"I-95, EXIT 133 & US-17 BUS",Fredericksburg,VA,3.256,38.30318,-77.46054
10047,TOWN PUMP FOOD STORE #8929,"I-15, EXIT 339",Conrad,MT,3.599,48.17025,-111.94613
10053,BECKS #27,"I-39/US-51, EXIT 72 & US-34",Mendota,IL,3.269,41.54725,-89.11759
10057,Flying J Travel Plaza #649,"I-465, EXIT 4",Indianapolis,IN,3.899,39.76838,-86.15804
10058,CITGO,US-431/SR-1 & SR-27,Abbeville,AL,3.399,31.57184,-85.25049
10065,ROAD MART,US-71/US-59,Ashdown,AR,3.299,33.67429,-94.13131
10077,FLYING J TRAVEL PLAZA #607,"I-55, EXIT 4 & I-40, EXIT 280",West Memphis,AR,3.151,35.14648,-90.18454
10085,EL CENTRO TRAVEL CENTER,"I-8, EXIT 115 & SR-86",El Centro,CA,4.499,32.792,-115.56305
10101,PILOT TRAVEL CENTERS #65,"I-20, EXIT 194",Augusta,GA,3.859,33.47097,-81.97484
10104,GEO H GREEN OIL,"I-85/SR-403, EXIT 41 & US-27 ALT",Newnan,GA,3.199,33.38067,-84.79966
10109,GIT N GO CONVENIENCE STORE #34,"US-30, EXIT 185 & SR-14",Marshalltown,IA,3.119,42.04943,-92.90798
10110,JACKSON'S FOODS DBA ONE9 #1427,"I-84, EXIT 36",Nampa,ID,3.371,43.54072,-116.56346
10116,Petro Stopping Center #359,"I-39/US-51, EXIT 99 & SR-38",Rochelle,IL,3.759,41.92392,-89.06871
10122,LOVES TRAVEL STOP #417,"I-80 & I-94, EXIT 9A",Gary,IN,3.809,41.59337,-87.34643
10126,PILOT TRAVEL CENTERS #152,"I-65, EXIT 16 & MEMPHIS RD",Memphis,IN,3.959,38.4834,-85.76163
10128,PETES #20,US-54/SR-7 & US-69,Fort Scott,KS,3.199,37.83976,-94.7083
10135,YESWAY #1116,"I-35, EXIT 60",Mcpherson,KS,3.259,38.37084,-97.66421
10142,PILOT TRAVEL CENTERS #438,"I-65, EXIT 6 & SR-100",Franklin,KY,3.169,36.72226,-86.57722
10144,PILOT TRAVEL CENTERS #358,"I-24 & US-305, EXIT 3",Paducah,KY,3.699,37.08339,-88.60005
10146,PILOT TRAVEL CENTERS #437,"I-75, EXIT 11 & SR-92",Williamsburg,KY,3.609,36.74342,-84.15966
10150,PILOT TRAVEL CENTERS #300,"I-12, EXIT 40",Hammond,LA,3.232,30.50463,-90.46293
10154,I 49 TRUCK STOP,"I-49, EXIT 23 & US-167",Opelousas,LA,3.199,30.53353,-92.08151
10157,J AND  H OIL,"US-131, EXIT 72",Byron Center,MI,3.499,42.81225,-85.72281
10161,SPEEDWAY #8740,"I-69, EXIT 87",Dewitt,MI,3.599,42.84226,-84.56915
10168,Express Stop,"I-94, EXIT 145",Jackson,MI,3.589,42.24587,-84.40135
10172,EXPRESS STOP FOOD STORE #4647,"I-75, EXIT 151 & SR- 81",Saginaw,MI,3.399,43.41947,-83.95081
10181,QUIKTRIP #611,I-55 EXIT 178,Herculaneum,MO,2.991,38.26839,-90.38012
10184,CIRCLE K #2721544,"I-55, EXIT 243 & US-278/SR-6",Batesville,MS,3.309,34.3115,-89.94426
10192,INTERSTATE STATION #8,"I-55, EXIT 78",Natchez,MS,3.399,31.56017,-91.40329
20000,BIG BOYS TRUCK STOP,"I-95, EXIT 105",Kenly,NC,3.299,35.59627,-78.12416
20003,PILOT #7976,"I-77, EXIT 42",Troutman,NC,3.659,35.70069,-80.88813
20006,CENEX C STORE,US-52,Kenmare,ND,3.467,48.67475,-102.08266
20009,BIG SPRINGS TRUCK AND TRAVEL,"I-80, EXIT 107",Big Springs,NE,3.074,41.06138,-102.07435
20011,CUBBYS #111,US-81,Norfolk,NE,3.209,42.02834,-97.417
20012,FLYING J TRAVEL PLAZA #686,"I-80, EXIT 432",Gretna,NE,3.282,41.14083,-96.23974
20014,SIMONS EXIT 16,"I-89, EXIT 16",Enfield,NH,3.499,43.64063,-72.14398
20019,SUNOCO,"I-295, EXIT 2C & SR-140",Penns Grove,NJ,3.459,39.72956,-75.46797
20024,LOVES TRAVEL STOP #259,"I-10 & AIRPORT RD, EXIT 132",Las Cruces,NM,3.214,32.31232,-106.77834
20027,LOVES TRAVEL STOP #262,"I-40, EXIT 333",Tucumcari,NM,3.889,35.17191,-103.72686
20028,MORTONS TRUCK STOP,"I-15, EXIT 46",North Las Vegas,NV,3.399,36.19886,-115.1175
20031,FLYING J TRAVEL PLAZA #770,"I-80, EXIT 176",Winnemucca,NV,3.777,40.97296,-117.73568
20033,LOVES TRAVEL STOP #772,"I-86 & SR-17, EXIT 37",Bath,NY,4.489,42.33702,-77.31776
20036,SMOKIN JOES,I-90 EXIT 24,Sanborn,NY,3.699,43.13672,-78.88476
20042,FLYING J TRAVEL PLAZA #700,I-80 & I-90 EXIT 71,Perrysburg,OH,3.759,41.557,-83.62716
20043,FRIENDSHIP FOOD MART #70,SR-2 & SR-53,Port Clinton,OH,3.939,41.512,-82.93769
20045,PILOT TRAVEL CENTERS #281,"I-80, EXIT 226",Girard,OH,3.452,41.15395,-80.70147
20049,LOVES TRAVEL STOP #263,"I-44, EXIT 45 & SR-49",Lawton,OK,3.217,34.60869,-98.39033
20050,LOVES TRAVEL STOP #260,"I-35, EXIT 106 & SR-9 W",Norman,OK,3.254,35.22257,-97.43948
20054,Jacksons Food Stores,"I-84, EXIT 261",La Grande,OR,3.687,45.32458,-118.08772
20062,PILOT TRAVEL CENTERS #298,"I-80, EXIT 256 & SR-93",Drums,PA,3.976,41.01814,-75.99493
20066,KWIK FILL #228,"I-90, EXIT 45 & US-20",North East,PA,4.089,42.21561,-79.83422
20070,ONVO TRAVEL PLAZA - PROMISED LAND,"I-84, EXIT 26 & SR-390",Tafton,PA,3.546,41.40453,-75.18295
20072,PILOT TRAVEL CENTERS #310,"I-85, EXIT 63 & SR-290",Duncan,SC,3.432,34.9379,-82.14511
20079,PETRO KINGSTON SPRINGS #349,"I-40, EXIT 188",Kingston Springs,TN,3.232,36.102,-87.11501
20082,GOLDEN EXPRESS TRUCK STOP,US-287/US-81 & CR-1595,Alvord,TX,3.049,33.35845,-97.69475
20083,FLYING J TRAVEL PLAZA #724,"I-10, EXIT 0",Anthony,TX,3.459,31.99927,-106.60555
20086,LOVES TRAVEL STOP #609,"I-35, EXIT 471 & US-77",Denton,TX,3.247,33.21484,-97.13307
20105,CEFCO #1050,"I-30, EXIT 146 & US-37",Mount Vernon,TX,2.942,33.18873,-95.22133
20108,TEX-BEST #501,"I-37, EXIT 125",Elmendorf,TX,2.949,29.25607,-98.33279
20109,PILOT TRAVEL CENTERS #306,"I-10, EXIT 582",San Antonio,TX,3.214,29.42412,-98.49363
20114,CROSSROADS,"I-10, EXIT 829 & SR-124",Winnie,TX,4.249,29.82022,-94.38408
20118,KWIK TRIP #648,"I-94, EXIT 116 & SR-54",Black River Falls,WI,3.237,44.29468,-90.85153
20119,FREMONT CITGO,US-10 & SR-110,Fremont,WI,3.399,44.2597,-88.86483
20121,GO MART FOOD STORE #50,"I-77/I-64, EXIT 44 & SR-3",Beckley,WV,3.599,37.77817,-81.18816
44228,I-69 TRUCKSTOP TRAVEL CENTER,"I-69, EXIT 184 & SR-19",Memphis,MI,3.499,42.89642,-82.76881
52040,REBEL TRUCK STOP,"I-5, EXIT 27",Kalama,WA,4.499,46.00767,-122.84436
52048,PILOT TRAVEL CENTER #302,"I-10, EXIT 13 & CR-30",Theodore,AL,3.159,30.54769,-88.17528
52052,EXPRESSWAY MOBIL,US-63 & US-167,El Dorado,AR,3.599,33.20763,-92.66627
52065,76 DBA ONE9 #1415,"I-75, EXIT 49",Lake Panasoffkee,FL,3.172,28.777,-82.12
52067,PETRO STOPPING CENTER #322,"I-285, EXIT 12",Atlanta,GA,3.446,33.749,-84.38798
52070,FRIENDLY EXPRESS #31,US-1 & US-301,Folkston,GA,3.099,30.83095,-82.01131
52081,MCCLURE OIL #9,US-31 & SR-18,Kokomo,IN,3.839,40.48643,-86.1336
52085,RUSSELL 24/7,"I-70, EXIT 184",Russell,KS,3.007,38.89527,-98.86103
52088,CASEYS #4459,"I-64, EXIT 265",Mayfield,KY,3.249,36.74172,-88.63672
52089,SHELL,US-84 & SR-28,Jonesville,LA,3.399,31.62656,-91.81818
52090,SHOP A LOTT #10,"I-49, EXIT 138 & SR-6",Natchitoches,LA,3.126,31.76072,-93.08627
52099,BEACON & BRIDGE #7,"I-75, EXIT 126",Mount Morris,MI,3.379,43.11864,-83.69496
52103,SPRINT MART #27,US-45 & US-72,Corinth,MS,3.056,34.93425,-88.52227
52104,BLUE SKY #734,SR-1,Saltillo,MS,3.082,34.37649,-88.68172
52106,FLYING J TRAVEL PLAZA #923 -TOWN PUMP,"I-90, EXIT 455",Billings,MT,3.581,45.78329,-108.50069
52107,PILOT #7983,"I-85,  EXIT 71",Salisbury,NC,3.499,35.67097,-80.47423
52112,SROKAS SERVICE CENTER,SR-149,Fort Ann,NY,3.799,43.41424,-73.48761
52128,Sudden Service #8087,I-40 EXIT 238,Lebanon,TN,3.199,36.20811,-86.2911
52140,Sinclair,"I-82, EXIT 69",Sunnyside,WA,4.599,46.32374,-120.00865
52142,PILOT TRAVEL CENTERS #296,"I-94 & BAKER RD, EXIT 167",Dexter,MI,3.499,42.33834,-83.88954
52143,One9 #319,"I-75, EXIT 328",Dalton,GA,3.016,34.7698,-84.97022
52145,Pilot Travel Center #318,"I-465/I-74/US-52/US-40/SR-67, EXIT 4 & SR-37",Indianapolis,IN,3.899,39.76838,-86.15804
52146,FLYING J TRAVEL PLAZA #758,"I-25, EXIT 185 & SR-258",Casper,WY,3.999,42.86663,-106.31308
52149,PILOT TRAVEL CENTERS #321,"I-75/71, EXIT 175 & SR-338",Walton,KY,3.086,38.87562,-84.61022
52150,PILOT TRAVEL CENTERS #311,"I-90, EXIT 27 & SR-97",Erie,PA,4.216,42.12922,-80.08506
52152,PILOT TRAVEL CENTERS #308,"I-80 , EXIT 310",Laramie,WY,3.609,41.31137,-105.5911
52153,PILOT TRAVEL CENTER #1412,"I-94 & RUSSELL RD, EXIT 1",Wadsworth,IL,3.769,42.42863,-87.92397
52155,TA SOUTHINGTON TRAVEL CENTER,"I-84, EXIT 28 & US-65",Milldale,CT,5.199,41.56593,-72.89177
52163,PILOT TRAVEL CENTERS #67,"I-75, EXIT 296",Cartersville,GA,3.549,34.16533,-84.80231
52212,FLYING J TRAVEL PLAZA #763,"I-80, EXIT 209",Rawlins,WY,3.749,41.79107,-107.23866
52221,FLYING J TRAVEL PLAZA #726,"I-20, EXIT 472",Dallas,TX,3.182,32.78306,-96.80667
52222,FLYING J TRAVEL PLAZA #735,"I-10, EXIT 873 & SR-62",Orange,TX,3.309,30.09299,-93.73655
52230,ONE9 #294,"I-15 & I-84, EXIT 344 SR-39",Ogden,UT,3.326,41.223,-111.97383
52233,SPEEDWAY #2953,"US-80, EXIT 3",Yuma,AZ,3.466,32.72532,-114.6244
52235,PETRO STOPPING CENTER #303,"I-80, EXIT 310",Laramie,WY,3.576,41.31137,-105.5911
52236,CHEVRON,US-60,Globe,AZ,4.299,33.39422,-110.7865
52239,PILOT TRAVEL CENTERS #192,"I-75, EXIT 60",Tifton,GA,3.599,31.45046,-83.5085
52241,Rocket,"I-25/US-85/US-87, EXIT 161 & SR-105",Monument,CO,3.195,39.09166,-104.87276
52250,PILOT TRAVEL CENTERS #222,I-84 EXIT 1,Sturbridge,MA,4.159,42.10843,-72.07869
52255,GREATER CHICAGO I 55,"I-55, EXIT 267 & SR-53",Bolingbrook,IL,3.319,41.69864,-88.0684
52262,CIRCLE K #2721577,US-84 & SR-21,Monroeville,AL,3.434,31.52794,-87.32471
52278,NEIGHBORS EXPRESS,US-25/SR-121/SR-23/SR-67,Millen,GA,3.382,32.80405,-81.94928
52297,IGA EXPRESS SHELL #874,"I-65, EXIT 20",Bowling Green,KY,2.999,36.99032,-86.4436
52299,415 TRUCK STOP,"I-10, EXIT 151 & SR-415",Port Allen,LA,3.089,30.45214,-91.21011
52302,LONGHORN TRUCK AND CAR PLAZA,"I-10, EXIT 4",Vinton,LA,3.274,30.19076,-93.58127
52304,Fast Stop,"I-10, EXIT 182 & SR-22",Sorrento,LA,3.699,30.18436,-90.85926
52307,CASEYS #3002,SR-60 & SR-30/SR-4,Saint James,MN,3.219,43.98246,-94.62692
52313,CIRCLE K #2723445,"I-20, EXIT 5A & US-61/SR-27",Vicksburg,MS,2.959,32.35265,-90.87788
52322,BOLLA MARKET,"I-95, EXIT 13",Elizabeth,NJ,3.099,40.66399,-74.2107
52323,POWER,"I-78, EXIT 58 & SR-9/SR-1",Newark,NJ,4.299,40.73566,-74.17237
52325,MIRABITO #69,"I-88, EXIT 15 & SR-23",Oneonta,NY,3.999,42.45286,-75.06377
52326,MR FUEL #715,"I-70, EXIT 203",Foristell,MO,2.926,38.81505,-90.95597
52334,KWIK TRIP #775,"I-90, EXIT 69 & SR-82",Mauston,WI,3.287,43.79719,-90.07735
52335,SHELL,"I-295, EXIT 3",Disputanta,VA,3.029,37.12432,-77.22581
52340,KWIK FILL #249,US-22,Duncansville,PA,4.072,40.42341,-78.4339
52344,STAMART 1224,"I-94, EXIT 166",Bismarck,ND,3.616,46.80833,-100.78374
52346,QUARLES #4436,"I-695, EXIT 41 & SR-151",Dundalk,MD,3.699,39.25066,-76.52052
52348,SHELL,"I-75, EXIT47 & SR-85",Detroit,MI,3.699,42.33143,-83.04575
52361,PAYLESS FUEL TRAVEL CENTER,"I-20, EXIT 470",Dallas,TX,2.986,32.78306,-96.80667
52363,SPEEDWAY #2376,US-131 & SR-46,Cedar Springs,MI,3.899,43.22336,-85.55142
52364,PILOT TRAVEL CENTERS #335,"I-20 & SR-137, EXIT 138",Rayville,LA,3.212,32.47736,-91.75485
52365,MOORES SUPER STORE,US-43/US-278/SR-171,Hamilton,AL,3.799,34.14232,-87.98864
52366,ALMA TRAVEL MART,"I-40, EXIT 13 & US-71",Alma,AR,3.332,35.47787,-94.22188
52367,DOSWELL TRUCK STOP,"I-95, EXIT 98 & SR-30",Doswell,VA,2.899,37.86014,-77.46415
52383,FLYING J TRAVEL PLAZA #601,"I-20/I-59, EXIT 104",Mc Calla,AL,3.171,33.34872,-87.01416
52384,PILOT TRAVEL CENTERS #337,"I-95, EXIT 164 & US-52",Florence,SC,3.349,34.19543,-79.76256
52385,Flying J Travel Plaza #696,"I-71, EXIT 131",Sunbury,OH,3.719,40.24256,-82.85907
52387,MARATHON,"I-55, EXIT 265 & SR-4",Senatobia,MS,3.199,34.6176,-89.9687
52388,FLYING J TRAVEL PLAZA #711,"I-85, EXIT 102",Blacksburg,SC,3.429,35.12124,-81.51592
52393,CASEYS #3004,SR-15 & CR-52,Truman,MN,3.299,43.82773,-94.43719
52400,PILOT TRAVEL CENTERS #324,"I-94/US-41, EXIT 329",Franksville,WI,3.889,42.76002,-87.91341
52401,LOVES TRAVEL STOP #267,"I-40, EXIT 107 & SR-95",Morrilton,AR,3.361,35.15092,-92.74405
52402,FLYING J TRAVEL PLAZA #665,"I-20, EXIT 3 & SR-79",Greenwood,LA,3.146,32.44293,-93.97296
52403,FLYING J TRAVEL PLAZA #676,"I-10, EXIT 31",Gulfport,MS,3.146,30.36742,-89.09282
52404,PETRO WELLS,"I-80, EXIT 352",Wells,NV,3.732,41.11159,-114.96449
52405,FLYING J TRAVEL PLAZA #636,"I-80, EXIT 292",Davenport,IA,3.872,41.52364,-90.57764
52411,SAPP BROS TRAVEL CENTER,"I-215, EXIT 21",Salt Lake City,UT,3.399,40.76078,-111.89105
52413,PILOT TRAVEL CENTERS #360,"I-75 & SR-613, EXIT 164",Findlay,OH,3.316,41.04422,-83.64993
52414,Mobil dba ONE9 #1341,"I-5, EXIT 208",Arlington,WA,3.799,48.19871,-122.12514
52421,SHEETZ #194,"I-80, EXIT 97",Falls Creek,PA,3.307,41.14506,-78.80447
52422,KWIK TRIP #674,"I-94, EXIT 45 & US-12/SR-29",Menomonie,WI,3.499,44.87552,-91.91934
52423,PILOT TRAVEL CENTER #908- TOWN PUMP,"I-15 & I-90, EXIT 122",Butte,MT,3.566,46.00382,-112.53474
52426,J MART #322,"I-65, EXIT 322",Falkville,AL,3.199,34.36843,-86.90862
52427,PILOT TRAVEL CENTERS #340,"I-80, EXIT 46",Fernley,NV,3.916,39.60797,-119.25183
52428,PILOT TRAVEL CENTERS #338,"I-26, EXIT 115 & US-321",West Columbia,SC,3.499,33.99349,-81.07398
52430,CHEVRON FOOD MART,"I-75, EXIT 350 & SR-2",Ringgold,GA,2.859,34.91591,-85.10912
52431,WOODBINE TRAVEL CENTER,"I-95, EXIT 14",Woodbine,GA,3.032,30.96396,-81.72416
52435,CM WINNERS CHOICE,"I-10 & SR-108, EXIT 23",Sulphur,LA,3.299,30.23659,-93.37738
52438,NEW MADRID,"I-55, EXIT 52/SR-P",New Madrid,MO,3.269,36.58645,-89.52785
52439,CIRCLE K #2723395,US-11,Hattiesburg,MS,3.199,31.32712,-89.29034
52441,PILOT #6990,"I-95, EXIT 106",Kenly,NC,3.709,35.59627,-78.12416
52450,PILOT #1290,"I-35, EXIT 410 & US-77",Red Oak,TX,3.299,32.51764,-96.80444
52452,PLAINVIEW TRAVEL PLAZA,"US-41, EXIT 113 & SR-26",Oshkosh,WI,3.199,44.02471,-88.54261
52454,PILOT TRAVEL CENTERS #6,"I-70, EXIT 178 & SR-209",Cambridge,OH,3.509,40.03118,-81.58846
52455,LOVES TRAVEL STOP #266,"I-35, EXIT 32",Ardmore,OK,3.649,34.17426,-97.14363
52456,PILOT TRAVEL CENTERS #317,"I-44, EXIT 4 (ST 435)",Joplin,MO,3.412,37.08423,-94.51328
52458,PILOT TRAVEL CENTER #332,"I-40, EXIT 161 & SR-391",North Little Rock,AR,3.237,34.76954,-92.26709
52461,FLORENCE VALERO,US-130,Burlington,NJ,3.136,40.07122,-74.86489
52463,PILOT TRAVEL CENTERS #341,"I-15, EXIT 48",North Las Vegas,NV,3.696,36.19886,-115.1175
52464,7-ELEVEN #40118,ST 220 & I-180,Muncy,PA,4.359,41.20564,-76.78552
52465,FLYING J TRAVEL PLAZA #605,"I-40, EXIT 84",Russellville,AR,3.369,35.27842,-93.13379
52466,FLYING J TRAVEL PLAZA #784,"I-95, EXIT 100 & SR-272",North East,MD,4.199,39.60011,-75.94133
52467,FLYING J TRAVEL PLAZA #712,"I-20, EXIT 70",Columbia,SC,3.432,34.00071,-81.03481
52468,FLYING J TRAVEL PLAZA #703,"I-40, EXIT 140",Oklahoma City,OK,3.309,35.46756,-97.51643
52469,LOVES TRAVEL STOP #269,US-287/US-82/SR-79 & US-281,Wichita Falls,TX,3.123,33.91371,-98.49339
52470,QUIKTRIP #562,"I-80, EXIT 136",Des Moines,IA,3.047,41.60054,-93.60911
52471,FLYING J TRAVEL PLAZA #695,"I-75, EXIT 135",Beaverdam,OH,3.331,40.83339,-83.97661
52472,FLYING J TRAVEL PLAZA #708,"I-81, EXIT 52",Carlisle,PA,4.109,40.20148,-77.18887
52473,FLYING J TRAVEL PLAZA #743,"I-15, EXIT 222",Nephi,UT,3.716,39.71023,-111.83632
52474,PILOT TRAVEL CENTERS #17,"I-94, EXIT 104",Battle Creek,MI,3.959,42.3173,-85.17816
52477,PETRO FARGO #361,"I-94, EXIT 348",Fargo,ND,3.499,46.87719,-96.7898
52478,LOVES TRAVEL STOP #418,"I-64, EXIT 172",Grayson,KY,3.756,38.33258,-82.9485
52479,PETRO CARNESVILLE #377,"I-85, EXIT 160",Carnesville,GA,3.154,34.36983,-83.23516
52480,LOVES TRAVEL STOP #268,US6-9 & US-75,Atoka,OK,3.489,34.38593,-96.12833
52482,KING TRAVEL PLAZA,"I-95, EXIT 6",Kingsland,GA,3.109,30.79996,-81.68983
52483,FLYING J TRAVEL PLAZA #659,"I-70, EXIT 253",Salina,KS,3.772,38.84028,-97.61142
52484,KWIK STAR #303,"I-80, EXIT 201 & US-21",Brooklyn,IA,3.129,41.73361,-92.44546
52510,Valero,SR-9,Maysville,KY,3.599,38.64119,-83.74437
52511,JOES JUNCTION #9,"I-65, RAYMOND EXIT",Indianapolis,IN,3.459,39.76838,-86.15804
52512,LOVES TRAVEL STOPS #270,"I-20, EXIT 349",Ranger,TX,3.189,32.46985,-98.67895
52513,FLYING J TRAVEL PLAZA #678,"I-20 & I-55, EXIT 47",Pearl,MS,3.149,32.27459,-90.13203
52514,FLYING J TRAVEL PLAZA #671,"I-55, EXIT 58",Matthews,MO,3.239,36.75922,-89.58675
52516,FLYING J TRAVEL PLAZA #612,"I-40, EXIT 255",Winslow,AZ,3.624,35.02419,-110.69736
52517,STRIPES 7FLEET #42562,US-84 & US-385,Littlefield,TX,3.199,33.91731,-102.3249
52520,DANDY MINI MART #19,"ROUTE 17, EXIT 59-A",Sayre,PA,3.992,41.97896,-76.5155
52527,PETRO STOPPING CENTER #323,"I-75, EXIT 368",Reddick,FL,3.352,29.36664,-82.19732
52528,QUIKTRIP #150,"I-70, EXIT 28",Oak Grove,MO,2.959,39.00501,-94.12939
52529,BIG SKY TRUCK STOP,"I-15, EXIT 56 N",Dillon,MT,3.689,45.21631,-112.63752
52531,FLYING J FUEL STOP #768,"I-435, EXIT 57",Kansas City,MO,3.382,39.09973,-94.57857
52534,LEES FOOD MART #1122,"I-75, EXIT 122 & SR-61",Clinton,TN,2.969,36.10341,-84.13186
52535,PWI #115,"I-45, EXIT 178",Buffalo,TX,2.899,31.46379,-96.05802
52537,TA Express Osseo #431,"I-94, EXIT 88",Osseo,WI,3.469,44.57218,-91.22738
52539,PILOT TRAVEL CENTERS #331,"I-285 , EXIT 51",Atlanta,GA,3.599,33.749,-84.38798
52541,PANTRY TRUCKSTOP,US-2/US-41,Rapid River,MI,3.319,45.92691,-86.96708
52542,FLYING J TRAVEL PLAZA #624,"I-75, EXIT 285 & SR-52",San Antonio,FL,3.599,28.33611,-82.27453
52546,CIRCLE K #2723910,US-84 & US-27,Bainbridge,GA,3.599,30.9038,-84.57547
52548,Henderson Fuel Mart,"I-80, EXIT 342",Henderson,NE,2.899,40.77973,-97.81227
52549,SPEEDWAY #3328,"I-77, EXIT 159 A",Cleveland,OH,3.799,41.4995,-81.69541
52550,PILOT TRAVEL CENTERS #404,"I-24, EXIT 81 SE",Murfreesboro,TN,3.472,35.84562,-86.39027
52551,PILOT TRAVEL CENTERS #374,"I-10, EXIT 142 & SR-71",Marianna,FL,3.599,30.77436,-85.22687
52552,FLYING J TRAVEL PLAZA #672,"I-49/US-71, EXIT167 & CR-J",Peculiar,MO,3.422,38.71918,-94.45856
52553,FLYING J TRAVEL PLAZA #689,"I-40, EXIT 153",Albuquerque,NM,3.549,35.08449,-106.65114
52557,SPRINT MART #40,US-72 & SR-247,Tuscumbia,AL,3.189,34.7312,-87.70253
52558,LOVES TRAVEL STOP #271,"I-40, EXIT 37 & US-219",Ozark,AR,3.392,35.48703,-93.8277
52562,MOBIL,"I-87, EXIT 36",Plattsburgh,NY,3.799,44.69949,-73.45291
52563,FLYING J TRAVEL PLAZA #631,"I-75, EXIT 2",Lake Park,GA,3.322,30.68215,-83.17959
52564,FLYING J TRAVEL PLAZA #669,"I-44, EXIT 11A & US-71/SR-249 & SR-FF",Joplin,MO,3.412,37.08423,-94.51328
52565,PILOT TRAVEL CENTERS #377,"I-35, EXIT 13",Laredo,TX,3.599,27.50641,-99.50754
52566,YUMM,"I-35, EXIT 8",Laredo,TX,2.876,27.50641,-99.50754
52575,PILOT TRAVEL CENTERS #775,"I-15, EXIT 4",Saint George,UT,3.676,37.10415,-113.58412
52577,PILOT TRAVEL CENTER #329,"I-29 & I-80, EXIT 1B",Council Bluffs,IA,3.659,41.26194,-95.86083
52580,LOVES TRAVEL STOP #405,"I-95, EXIT 29",Brunswick,GA,3.321,31.15013,-81.49147
52581,TA WILLCOX TRAVEL CENTER,"I-10, EXIT 340",Willcox,AZ,3.282,32.25285,-109.83201
52582,JRs Oasis,SR-50,Yankton,SD,3.149,42.87111,-97.39728
52585,SUPERPUMPER #22,"I-94, EXIT 42",Belfield,ND,3.529,46.88529,-103.19962
52587,PILOT TRAVEL CENTERS #380,"I-81, EXIT 25 & I-90, EXIT 36",Liverpool,NY,4.159,43.10646,-76.2177
52588,STRIPES #42564,US-87,Lubbock,TX,3.199,33.57786,-101.85517
52590,FLYING J TRAVEL PLAZA #661,"I-65, EXIT 2 & US-31W",Franklin,KY,3.169,36.72226,-86.57722
52591,FLYING J TRAVEL PLAZA #749,"I-95, EXIT 104",Ruther Glen,VA,3.619,37.92875,-77.45582
52594,PILOT TRAVEL CENTERS #348,"I-70, EXIT 32B",Bentleyville,PA,4.109,40.11674,-80.00839
52595,7-ELEVEN #40281,"I-476,  EXIT 35/95",Jim Thorpe,PA,3.589,40.87592,-75.73241
52597,7-ELEVEN #40278,"I-81, EXIT 44 & I-76",Plainfield,PA,3.967,40.20314,-77.28998
52598,7-ELEVEN #40283,"I-76, EXIT 19/247",Middletown,PA,3.971,40.19981,-76.73108
52599,7-ELEVEN #40285,"I-76, EXIT 21/286",Bowmansville,PA,3.971,40.19676,-76.01744
52601,LOVES TRAVEL STOP #236,"I-40, EXIT 161 & SR-391",North Little Rock,AR,3.221,34.76954,-92.26709
52602,7-ELEVEN #40277,"I-76, EXIT 16/226",Newburg,PA,4.299,40.13731,-77.55471
52603,CASEYS #3364,US-281 & SR-200,Carrington,ND,3.439,47.44972,-99.12622
52605,PILOT TRAVEL CENTERS #39,"I-57, EXIT 335",Monee,IL,3.399,41.42003,-87.74171
52607,PILOT TRAVEL CENTERS #409,"I-40, EXIT 172",Dickson,TN,3.192,36.077,-87.38779
52608,PILOT #7971,"I-40, EXIT 133",Conover,NC,3.699,35.70652,-81.21869
52610,TA HARBORCREEK TRAVEL CENTER,"I-90, EXIT 35",Erie,PA,4.199,42.12922,-80.08506
52611,STRIPES #40530,SR-239,Del Rio,TX,3.229,29.36273,-100.89676
52612,STRIPES 7FLEET #42568,US-60 & CR-G,Hereford,TX,3.351,34.81521,-102.39932
52615,PILOT TRAVEL CENTERS #4,"I-90, EXIT 151",Avon,OH,3.879,41.45171,-82.03542
52616,PILOT TRAVEL CENTERS #28,I-69 EXIT 234,Daleville,IN,3.519,40.12115,-85.55803
52618,PILOT TRAVEL CENTERS #63,"I-85, EXIT 35",Piedmont,SC,3.222,34.70234,-82.46457
52620,GOODLAND 24/7 STORE,"I-70, EXIT 19",Goodland,KS,3.087,39.35083,-101.71017
52621,CORNER MARKET #111,"I-70, EXIT 27",Goodland,KS,3.059,39.35083,-101.71017
52622,STRIPES 7FLEET #42567,I-20,Stanton,TX,3.016,32.12929,-101.78846
52624,PILOT TRAVEL CENTERS #390,"I-84, EXIT 188 & US-395",Stanfield,OR,3.469,45.78041,-119.21724
52625,FLYING J TRAVEL PLAZA #673,"I-44, EXIT 226 & SR-85",Sullivan,MO,3.324,38.2081,-91.16042
52626,FLYING J TRAVEL PLAZA #627,"I-95/SR-405, EXIT 29 & US-82/US-17/SR-25/SR-520",Brunswick,GA,3.396,31.15013,-81.49147
52628,Pride Travel Center dba One9 #1215,"I-10, EXIT 45",Salome,AZ,3.359,33.78114,-113.61465
52629,LOVES TRAVEL STOP #413,"I-90, EXIT 106 & US-97",Ellensburg,WA,3.829,46.99651,-120.54785
52630,PILOT TRAVEL CENTERS #386,"I-5, EXIT 263",Salem,OR,3.859,44.9429,-123.0351
52632,LOVES TRAVEL STOP #451,"I-65, EXIT 95 & CR-500",Whiteland,IN,3.949,39.55005,-86.07971
52633,PILOT TRAVEL CENTERS #57,"I-40 & I-85, EXIT 152",Mebane,NC,3.959,36.09597,-79.26696
52634,PETRO STOPPING CENTER #362,"I-80, EXIT 353",York,NE,3.299,40.86807,-97.592
52635,E EXPRESS at MLK,"I-40 & I-35, EXIT 127",Oklahoma City,OK,2.889,35.46756,-97.51643
52636,LOVES TRAVEL STOP #414,"I-64, EXIT 25B & US-41",Haubstadt,IN,3.949,38.20504,-87.57419
52638,STRIPES 7FLEET #42555,"I-20, EXIT 80 & SR-18",Monahans,TX,2.929,31.5943,-102.89265
52640,SPEEDWAY #8316,US-30 & US-41,Dyer,IN,3.649,41.4942,-87.52171
52641,PILOT TRAVEL CENTERS #71,"I-95, EXIT 109",Port Wentworth,GA,3.372,32.14909,-81.16317
52642,One9 #61,"I-26, EXIT 52 & SR-56",Clinton,SC,3.099,34.47263,-81.88066
52643,Minit Mart #3,HIGHWAY 277 & FM 1589,Eagle Pass,TX,3.199,28.70914,-100.49952
52644,ONE9 #058,"I-95, EXIT 180 & SR-48",Pleasant Hill,NC,3.399,35.87347,-79.48169
52646,FLYING J TRAVEL PLAZA #619,"I-70, EXIT 285",Aurora,CO,3.392,39.72943,-104.83192
52647,FLYING J TRAVEL PLAZA #699,"I-70, EXIT 122",Millersport,OH,3.446,39.90006,-82.53405
52648,Stripes #42566,US-67 & SR-158,Ballinger,TX,3.056,31.73821,-99.94731
52649,FLYING J TRAVEL PLAZA #623,"I-10, EXIT 192 & US-90",Midway,FL,3.799,30.40648,-87.00553
52651,TA NEW BRAUNFELS TRAVEL CENTER,"I-35, EXIT 193",New Braunfels,TX,3.449,29.703,-98.12445
52652,PILOT TRAVEL CENTERS #47,"I-275, EXIT 129",Georgetown,KY,3.206,38.2098,-84.55883
52656,TRAVELING TIGER CENTER,"I-10, EXIT 87",Sierra Blanca,TX,3.156,31.17457,-105.35718
52658,LOVES TRAVEL STOP #274,"I-40, EXIT 221 & SR-27",Okemah,OK,3.356,35.43259,-96.30501
52659,LOVES TRAVEL STOP #276,"I-10, EXIT 20",Lordsburg,NM,3.457,32.35036,-108.70866
52661,LOVES TRAVEL STOP #281,"I-35 WEST, EXIT 40",Fort Worth,TX,3.187,32.72541,-97.32085
52663,EXXON,"I-20/I-59, EXIT 17 & SR-28",Livingston,AL,2.979,32.5843,-88.18725
52664,PETRO STOPPING CENTER #378,I-81 EXIT 178B,Pittston,PA,4.166,41.32591,-75.78936
52667,EXPRESS LANE TRAVEL CENTER,"I-20, EXIT 100 & US-80",Lawrence,MS,3.299,32.32514,-89.23284
52669,COLUMBIA TRUCK STOP,US-46,Columbia,NJ,3.079,40.92621,-75.09268
52674,FLYING J TRAVEL PLAZA #738,"I-20/FM707, EXIT 277",Tye,TX,3.124,32.45762,-99.87148
52675,PILOT TRAVEL CENTER #907- TOWN PUMP,"I-94, EXIT 138",Miles City,MT,3.499,46.40834,-105.84056
52676,PILOT TRAVEL CENTERS #336,"I-80, EXIT 97 & US-219",Du Bois,PA,4.034,41.11923,-78.76003
52678,STRIPES 7FLEET #42433,US-277,Bronte,TX,3.474,31.88737,-100.29176
52679,LOVES TRAVEL STOP #404,"I-295, EXIT 56 & I-95, EXIT 7",Bordentown,NJ,3.979,40.14622,-74.71183
52680,PILOT TRAVEL CENTER #91,"I-95, EXIT 329",Saint Johns,FL,3.424,30.0815,-81.54774
52683,PILOT TRAVEL CENTERS #145,"I-40/US-71/US-62, EXIT 72 AND US-412",Springdale,AR,3.459,36.18674,-94.12881
52684,KWIK STAR #348,US-30/US-67,Clinton,IA,3.624,41.84447,-90.18874
52685,LOVES TRAVEL STOP #275,"I-40/US-63, EXIT 233 & SR-261",Palestine,AR,3.316,34.97232,-90.90262
52686,LOVES TRAVEL STOP #278,"I-40, EXIT 277",Joseph City,AZ,3.607,34.95586,-110.33401
52687,LOVES TRAVEL STOP #286,"I-10, EXIT 17",Quartzsite,AZ,3.949,33.66391,-114.22995
52690,LOVES TRAVEL STOP #415,"I-95 & OKEECHOBEE RD, EXIT 129",Fort Pierce,FL,3.506,27.44671,-80.32561
52691,PILOT TRAVEL CENTER #312,"I-20/SR-402, EXIT 5 & SR-100",Tallapoosa,GA,3.389,33.74455,-85.28801
52692,PILOT TRAVEL CENTER #249,"I-70/I-55, EXIT 18 & SR-162",Troy,IL,3.379,38.72921,-89.88315
52697,FLYING J TRAVEL PLAZA #747,"I-15, EXIT 261",Springville,UT,3.766,40.16523,-111.61075
60084,SUNSTOP #625,US-84,Ashford,AL,3.599,31.18296,-85.23632
60106,SUNSTOP #619,US-84,Daleville,AL,3.399,31.31017,-85.71299
60114,SUNSTOP #606,US-84/SR-167,Enterprise,AL,3.699,31.31517,-85.85522
60136,HOBO PANTRY #18,US-431,Headland,AL,3.599,31.35128,-85.34216
60145,OCS QUICK STOP,US-43/SR-13,Mount Vernon,AL,3.699,31.08518,-88.01333
60147,HOP-IN FOOD STORES,US-82 & SR-22,Maplesville,AL,3.399,32.78897,-86.87353
60191,PILOT #1180,"I-10, EXIT 94",Tonopah,AZ,3.899,33.49365,-112.93712
60206,TA EXPRESS #649,"I-25, EXIT 52",Walsenburg,CO,4.259,37.62418,-104.78026
60208,BERKSHIRE PETROLEUM,"I-91, EXIT 9",North Haven,CT,3.549,41.39093,-72.85954
60220,ZELLWOOD TRUCK STOP,US-441,Zellwood,FL,3.499,28.73111,-81.60118
60224,SUNSTOP #419,US-19,Camilla,GA,3.499,31.23129,-84.21046
60226,CIRCLE K #2723903,US-82 & SR-520,Dawson,GA,3.499,31.77382,-84.448
60229,96 TRAVEL PLAZA,"I-16, EXIT 24",Jeffersonville,GA,3.399,32.68765,-83.34656
60230,CIRCLE K #2745152,US-19,Pelham,GA,3.499,31.12802,-84.15304
60242,KWIK STAR #711,US-18/US-52,Monona,IA,3.624,43.05165,-91.3893
60243,PETRO MART,"I-29, EXIT 112",Onawa,IA,3.157,42.02665,-96.09724
60245,STINKER #74,"I-84, EXIT 137",Bliss,ID,3.634,42.92685,-114.94951
60248,METRO,"I-95, EXIT 12",Avenel,NJ,3.299,40.58038,-74.28515
60250,ELIZABETH TRUCK STOP,"I-95, EXIT 13A & SR-81",Elizabethport,NJ,3.399,40.6501,-74.18709
60255,HUCKS FOOD & FUEL #186,US-51/CR-1450 & US-136,Heyworth,IL,3.479,40.31337,-88.97369
60256,BOLLA MARKET,"I-84, EXIT 1",Montague,NJ,3.519,41.30315,-74.7935
60270,CHUCKLES #27,SR-57,Washington,IN,3.339,38.65922,-87.17279
60273,24-7,"I-70, EXIT 53 & SR-25",Colby,KS,3.056,39.39584,-101.05238
60280,JUMP START #9,"I-35, EXIT 4",South Haven,KS,3.069,37.05197,-97.40532
60282,CRVS #7,SR-96 & SR-27,Tribune,KS,3.399,38.46974,-101.75267
60294,LITTLE CAPITOL EXXON,"I-10, EXIT 115",Breaux Bridge,LA,3.899,30.27353,-91.89928
60295,EXIT 80 TRAVEL PLAZA,"I-10, EXIT 80",Crowley,LA,3.109,30.21409,-92.37458
60298,BEAU CHENE TRUCK STOP,"I-49, EXIT 11",Grand Coteau,LA,3.399,30.41992,-92.04651
60313,WHITE MARSH TRUCK STOP,US-40,White Marsh,MD,3.369,39.38372,-76.43218
60316,CIRCLE K #4707001,"I-95, EXIT 264 & SR-158",Sherman,ME,3.932,45.87116,-68.41781
60324,FUEL MART OF AMERICA,"I-75, EXIT 59",Detroit,MI,3.499,42.33143,-83.04575
60326,SUNRISE CONVENIENCE STORE #29,"I-69, EXIT 184",Memphis,MI,3.499,42.89642,-82.76881
60328,SPEEDWAY #8748,"I-69, EXIT 6",Flint,MI,3.339,43.01253,-83.68746
60329,CHARLIES COUNTRY CORNER,"I-75, EXIT 271",Grayling,MI,3.799,44.6614,-84.71475
60333,LAKESHORE BP,US-2,Manistique,MI,3.499,45.95775,-86.24625
60341,SNAPPY FOOD MART,ST 60,Tekonsha,MI,3.589,42.09338,-84.98581
60342,True North #254,US-31 & SR-37,Traverse City,MI,3.729,44.76306,-85.62063
60344,DORR TRUCK STOP,"US-131, EXIT 68",Wayland,MI,3.499,42.67392,-85.64474
60347,KWIK TRIP #875,"I-90, EXIT 157, BRIDGE ST ENTRANCE",Albert Lea,MN,3.324,43.64801,-93.36827
60358,PETRO SERVE USA #54,US-10,Glyndon,MN,3.449,46.87524,-96.57896
60372,FLYING W CONVENIENCE STORE,SR-96,Carthage,MO,3.199,37.17645,-94.31022
60373,FLYING J #571,"I-57, EXIT 12 & US-60",Charleston,MO,3.559,36.92089,-89.35063
60374,PILOT TRAVEL CENTERS #385,US-54 & SR-13,Collins,MO,3.496,37.89115,-93.62298
60379,FAST LANE #50,US-54/SR-19,Laddonia,MO,3.157,39.24254,-91.64544
60380,AMOCO,US-63/US-136,Lancaster,MO,3.249,40.52086,-92.52797
60382,WINDSTARS #5101,"I-435, EXIT 57",Kansas City,MO,3.099,39.09973,-94.57857
60383,CASEYS #4399,"I-70, EXIT 175",New Florence,MO,2.949,38.91032,-91.44822
60392,Kangaroo Crossing #1107,"I-20, EXIT 68 & SR-43",Pelahatchie,MS,3.199,32.31292,-89.79841
60398,TOWN PUMP FOOD STORE #610,"I-90, EXIT 333",Livingston,MT,3.644,45.66244,-110.56104
60400,CAN AM C STORE,SR-16,Plentywood,MT,3.499,48.77475,-104.56246
60416,MINUTEMAN FOOD MART #20,US-74 & US-76,Whiteville,NC,3.461,34.33878,-78.70307
60420,PUMP & PANTRY #35,US-183,Alma,NE,3.459,40.09751,-99.36204
60426,BONS BONS MOBIL,US-3,Merrimack,NH,3.699,42.86509,-71.4934
60434,ENRITE,US-9,Linden,NJ,3.342,40.62205,-74.24459
60442,Circle K #4706716,SR-71 & SR-47,Yorkville,IL,3.499,41.64114,-88.44729
60460,HAHN OIL,US-36,Coshocton,OH,3.299,40.27202,-81.85958
60461,TRUE NORTH #704,"I-75, EXIT 56A",Dayton,OH,3.799,39.75895,-84.19161
60463,Anna Truck Stop,"I-75, EXIT 99",Anna,OH,3.016,40.39449,-84.17272
60465,MOTOMART #4129,ST 309,Marion,OH,3.342,40.58867,-83.12852
60471,FUEL MART #701,"I-480/I-271, EXIT 23 & SR-8",Bedford,OH,3.529,41.39311,-81.53651
60473,BELL STORES #50,ST 3,Wooster,OH,3.599,40.80517,-81.93646
60476,PETES #11,US-75,Dewey,OK,3.154,36.79592,-95.93554
60508,FEGLEY VALERO,SR-309,Tamaqua,PA,3.599,40.79731,-75.96937
60513,CIRCLE K #2723873,US-17,Georgetown,SC,2.899,33.37683,-79.2945
60515,FLASH MARKET #302,SR-9 & SR-151,Pageland,SC,3.386,34.77321,-80.39173
60516,ENMARKET #892,"I-95, EXIT 150",Harleyville,SC,3.399,33.21461,-80.44787
60519,CORNER PANTRY #25,US-14,Huron,SD,3.079,44.36332,-98.21426
60538,TEXACO #380031,ST 21W,Bryan,TX,3.399,30.67436,-96.36996
60539,SHELL,US-96 & SR-62/FM-1004,Buna,TX,3.102,30.43298,-93.9624
60540,CIRCLE K #2706340,"I-20, EXIT 533",Canton,TX,2.776,32.55652,-95.8633
60551,CIRCLE K #2744522,"I-30, EXIT 201  I-30 & SR-8",New Boston,TX,2.942,33.45984,-94.41548
60554,CEFCO #2070,"I-27, EXIT 49",Plainview,TX,2.832,34.18479,-101.70684
60565,CEFCO #2006,"I-40, EXIT 163",Shamrock,TX,3.099,35.21422,-100.24901
60579,SPEEDWAY #4633,US-220/US-221/US-460,Roanoke,VA,3.399,37.27097,-79.94143
60587,BJS AUTO TRUCK PLAZA,SR-28,Rock Island,WA,3.999,47.37707,-120.14395
60589,RIVER COUNTRY PLAZA,"SR-29, EXIT 91",Cadott,WI,3.397,44.94802,-91.1507
60590,DARLINGTON MINI MART,SR-23 & SR-81,Darlington,WI,3.399,42.68306,-90.11763
60601,HOLIDAY STATIONSTORE #2746229,US-53/US-2,Superior,WI,3.339,46.72077,-92.10408
60635,EXXON ON THE RUN,US-62/US-412 & SR-126,Gassville,AR,3.695,36.28312,-92.49405
60650,SHELL DBA ONE9 #1244,"I-8, EXIT 115",Gila Bend,AZ,3.259,32.94782,-112.71683
60700,PWI #502,"I-70/US-40, EXIT 259",Golden,CO,3.199,39.75554,-105.2211
60707,REATA TRAVEL STOP,"I-76, EXIT 125",Sterling,CO,3.399,40.62554,-103.20771
60708,CRVS STORE #6,US-385,Wray,CO,3.449,40.07582,-102.22325
60762,BP,US-1 & US-341,Baxley,GA,3.599,31.77825,-82.34846
60768,GAS N GO FOOD STORE,"I-75, EXIT 290/US-41",Cartersville,GA,2.942,34.16533,-84.80231
60773,NEIGHBORS EXPRESS,US-341/SR-27 & US-129 ALT/SR-340,Hawkinsville,GA,3.399,32.28377,-83.47212
60779,Marathon,US-129,Eatonton,GA,3.399,33.3268,-83.3885
60781,JP PERRY,"I-75, EXIT 138",Perry,GA,3.082,32.45821,-83.73157
60783,CIRCLE K #2723324,US-441/US-23/SR-15 & SR-17A/SR-385,Clarkesville,GA,3.439,34.6126,-83.52489
60787,MARATHON,"I-20, EXIT 11",Lithia Springs,GA,2.872,33.794,-84.66049
60788,SPRINT FOODS #722,US-1/SR-4/SR-17 & SR-24,Louisville,GA,4.099,33.00154,-82.41124
60791,MARATHON #9,"I-475, EXIT 1",Macon,GA,3.039,32.84069,-83.6324
60795,CIRCLE K #2745080,US-319/US-129/SR-90/SR-11,Ocilla,GA,3.626,31.59447,-83.2513
60797,EVANS FOOD MART,SR-20,Rome,GA,3.699,34.25704,-85.16467
60804,JET FOOD STORE #4,US-1 & SR-78,Wadley,GA,3.416,32.86682,-82.40402
60807,BATAVIA GARDENS AND GAS,"US-34, EXIT 203",Batavia,IA,3.379,40.99418,-92.1674
60817,KWIK STAR #712,US-218 & SR-27,Janesville,IA,3.599,42.64609,-92.46296
60822,CASEYS #3639,US-18/US-52,Postville,IA,3.599,43.0847,-91.5682
60829,BARRY TRAVEL PLAZA,"I-72, EXIT 20",Barry,IL,3.599,39.69421,-91.03902
60833,SPEEDWAY #5400,CR-11 & CR-23,Bloomingdale,IL,3.759,41.95753,-88.0809
60834,SPEEDWAY #7422,SR-43,Burbank,IL,3.619,41.73392,-87.7795
60839,FREEDOM OIL #18,"I-74, EXIT 82",Edwards,IL,3.399,40.74587,-89.74427
60846,EXPRESS LANE #50,"I-88, EXIT 10",Hillsdale,IL,3.699,41.61364,-90.1729
60851,SPEEDWAY #7382,I-355 & SR-64,Lombard,IL,3.249,41.88003,-88.00784
60857,RED ROOSTER TERMINAL,US-50/SR-250 & SR-130,Olney,IL,3.189,38.73088,-88.08532
60865,Truckquest,"I-55, EXIT 286",Cicero,IL,3.599,41.84559,-87.75394
60871,WENONA BP,"I-39/US-51, EXIT 35 & SR-17",Wenona,IL,3.499,41.05253,-89.05036
60881,GAS AND STUFF,"I-64, EXIT 118",Georgetown,IN,3.799,40.7406,-86.50473
60882,SPEEDWAY #6666,US-33,Goshen,IN,3.816,41.58227,-85.83444
60887,STERNBERG CITGO TRUCK STOP,"I-64, EXIT 57",Jasper,IN,3.759,38.39144,-86.93111
60890,JACK FLASH,I-57 EXIT 135,Farina,IL,3.099,38.83421,-88.77228
60900,7-ELEVEN #40504,"I-80/I=90, MM 56 EB",Rolling Prairie,IN,3.999,41.67088,-86.61585
60902,SPEEDWAY #6674,"I-80/I-90, EXIT 72 & SR-31",South Bend,IN,3.691,41.68338,-86.25001
60913,J Mart #1,"HWY 50 E, HWY 83 N",Garden City,KS,3.529,37.97169,-100.87266
60926,CENEX,US-36 & US-83,Oberlin,KS,3.159,39.81834,-100.5282
60958,NORTH WEST TRUCK STOP,US-90 & SR-3211,Franklin,LA,3.399,29.79604,-91.5015
60979,TOBACCO PLUS #5,"I-10, EXIT 4 & US-90",Vinton,LA,2.999,30.19076,-93.58127
60988,GULF OIL LP #5020,"I-90, MM291",Blandford,MA,3.914,42.18065,-72.92732
60989,Blandford Service Plaza Westbound,"I-90, EXIT MM29",Blandford,MA,3.919,42.18065,-72.92732
60993,GULF #5165,"I-90, EXIT 12",Framingham,MA,4.066,42.27926,-71.41617
60997,GULF OIL #5035,I-90 MM 66.7,Ludlow,MA,3.914,42.16009,-72.47592
60998,GULF OIL #5030,"I-90, EXIT 7",Ludlow,MA,3.909,42.16009,-72.47592
61004,Applegreen,SR-15,Sturbridge,MA,3.999,42.10843,-72.07869
61006,GULF OIL LP #5155,"I-90, EXIT 11",Westborough,MA,3.909,42.26954,-71.61618
61019,MARDELA GOOSE CREEK FOOD STORE,US-50,Mardela Springs,MD,3.979,38.45984,-75.7591
61021,WESTOVER GOOSE CREEK,US-13 & SR-673,Westover,MD,3.259,38.12401,-75.70632
61028,MARATHON,"US-10, EXIT 137",Bay City,MI,3.199,43.59447,-83.88886
61030,HAGGERTY JOY MOBIL,I-275,Canton,MI,3.699,42.30865,-83.48216
61032,MARATHON,US-10/US-127,Clare,MI,3.289,43.81947,-84.76863
61034,MOTOR CITY TRUCK STOP,"I-75, EXIT 43",Detroit,MI,3.499,42.33143,-83.04575
61037,HEARTLAND MOBIL,US-23,Fenton,MI,3.849,42.79781,-83.70495
61038,SPEEDWAY #8753,"I-475, EXIT 4",Burton,MI,3.089,42.99947,-83.61634
61042,CITGO,"US-131, EXIT 44",Kalamazoo,MI,3.499,42.29171,-85.58723
61057,CIRCLE K #2746537,US-2 & US-41,Rapid River,MI,3.319,45.92691,-86.96708
61063,PS Food Mart,I-69 EXIT 25,Tekonsha,MI,3.519,42.09338,-84.98581
61076,Holiday StationStore #2746408,"I-35, EXIT 129",Forest Lake,MN,3.399,45.27886,-92.98522
61080,CO-OP SERVICE,US-10 & CR-67,New York Mills,MN,3.499,46.51802,-95.37615
61090,Northdale Oil,US-59 & SR-1,Thief River Falls,MN,3.239,48.11914,-96.18115
61093,CIRCLE K #2746501,"I-90, EXIT 45 & SR-60",Worthington,MN,3.142,43.61996,-95.5964
61099,LOVES TRAVEL STOP #488,"I-55, EXIT 157 & SR-32",Bloomsdale,MO,3.382,38.0095,-90.2179
61102,FAST LANE #54,US-63,Columbia,MO,3.207,38.95171,-92.33407
61106,TEMP STOP #102,US-54 & SR-52,Eldon,MO,3.199,38.34836,-92.58158
61110,HB OF RANDOLPH,"I-435, EXIT 55B & SR-210",Kansas City,MO,3.149,39.09973,-94.57857
61111,Caseys #4540,"I-35, EXIT 40 & SR-116",Lathrop,MO,3.076,39.54834,-94.32995
61115,BREAK TIME #3071,US-24 & US-63,Moberly,MO,3.469,39.41837,-92.43824
61118,MIDWEST PETROLEUM #21,"I-55, EXIT 129",Perryville,MO,2.991,37.72422,-89.86122
61145,TEXACO,US-49 & US-98,Hattiesburg,MS,3.199,31.32712,-89.29034
61146,STUCKEYS EXPRESS #619,"I-59, EXIT 113 & SR-528",Heidelberg,MS,3.499,31.88682,-88.98394
61149,CEFCO #501,US-45,Lauderdale,MS,2.899,32.52069,-88.5117
61168,Blue Sky #717,US-72 & SR-15,Walnut,MS,3.099,34.9462,-88.89978
61171,CHEVRON CURB STORE,US-49 & SR-26,Wiggins,MS,3.499,30.85824,-89.13533
61176,TOWN PUMP FOOD STORE #8947,US-2,Chinook,MT,3.629,48.59,-109.23128
61182,TOWN PUMP FOOD STORE #3000,US-87,Lewistown,MT,3.599,47.06247,-109.42824
61193,SPEEDWAY #8502,"I-75, EXIT 161 & CR-99",Findlay,OH,3.299,41.04422,-83.64993
61195,MINUTEMAN FOOD MART #06,SR-24,Clinton,NC,3.649,34.99795,-78.32333
61205,SPEEDWAY #6961,"I-40, EXIT 303",Garner,NC,2.921,35.71126,-78.61417
61210,SHEETZ #548,US-29,Greensboro,NC,2.859,36.07264,-79.79198
61254,7-ELEVEN #36075,"I-77, EXIT 65 & SR-901",Union Grove,NC,2.859,35.66516,-76.6091
61266,CENEX CONVENIENCE STORE,US-2 & SR-19,Devils Lake,ND,3.249,48.11278,-98.86512
61269,FLYING J #489,"I-29, EXIT 138",Grand Forks,ND,3.616,47.92526,-97.03285
61271,MARATHON,"I-94, EXIT 292",Valley City,ND,3.499,46.92331,-98.00315
61291,FLEMING OIL FOOD MART,ST 9,West Chesterfield,NH,3.899,42.90425,-72.51564
61292,ENRITE,"I-95, EXIT 14A",Jersey City,NJ,3.349,40.72816,-74.07764
61301,SUNOCO- WALT WHITMAN PLAZA #7007,"NJTP,MILE POST 30",Cherry Hill,NJ,3.899,39.93484,-75.03073
61304,A Plus MOLLY PITCHER PLAZA #7011,MILE POST 71.7 NJ TURNPIKE SO,Cranbury,NJ,3.909,40.31622,-74.51376
61305,BP,US-130,Cranbury,NJ,3.146,40.31622,-74.51376
61308,CARLSTADT VALERO,SR-120,Carlstadt,NJ,3.199,40.84038,-74.0907
61312,BLUE STAR,US-202 & SR-31,Flemington,NJ,3.399,40.51233,-74.85933
61326,SUNOCO JAMES F COOPER PLAZA- #7008,MILEPOST 39 NJ TURNPIKE N,Mount Laurel,NJ,3.959,39.934,-74.891
61328,KW RASTALL OIL,US-130,North Brunswick,NJ,3.199,40.454,-74.482
61333,46 GAS AND TRUCK STOP,US-46,Palisades Park,NJ,3.236,40.84816,-73.99764
61337,SUNOCO- JOHN FENWICK PLAZA #7006,"NJTP, MM 5",Penns Grove,NJ,3.909,39.72956,-75.46797
61339,FUEL ONE,"I-78, EXIT 3 & US-22",Phillipsburg,NJ,3.359,40.69371,-75.19018
61346,SUNOCO- ALEXANDER HAMILTON PLAZA #7016,NEW JERSEY TURNPIKE SOUTH MILEPOST 111.6,Secaucus,NJ,3.899,40.78955,-74.05653
61357,KENT KWIK #501,US-70 & US-54,Alamogordo,NM,2.982,32.89953,-105.96027
61364,HUNTINGTON BROADWAY CONOCO,US-64 BUS,Farmington,NM,3.799,36.72806,-108.21869
61409,104 STORE,SR-370/SR-104,Red Creek,NY,3.799,43.24729,-76.72356
61410,KWIK FILL #58,ST 15,Rochester,NY,3.969,43.15478,-77.61556
61421,7-ELEVEN #40294,"I-80 WB, EXIT 139",Amherst,OH,3.532,41.39782,-82.22238
61430,7-ELEVEN #40303,"I-90, EXIT 7",Clyde,OH,3.662,41.30422,-82.97519
61431,7-ELEVEN #40304,"I-90, EXIT 7",Clyde,OH,3.662,41.30422,-82.97519
61439,7-ELEVEN #40302,"I-75, EXIT 157",Genoa,OH,3.662,40.78284,-81.46651
61449,7-ELEVEN #40297,"I-80, EXIT 13A",Mantua,OH,3.532,41.28394,-81.22399
61450,7-ELEVEN #40298,I-80,Mantua,OH,3.532,41.28394,-81.22399
61453,CITGO,"I-475, EXIT 6",Maumee,OH,3.499,41.56283,-83.65382
61458,7-ELEVEN #40299,OHIO TNPK MM 237 & SR-26,New Springfield,OH,3.532,40.91728,-80.60618
61459,7-ELEVEN #40300,"I-76, EXIT 157",New Springfield,OH,3.532,40.91728,-80.60618
61461,S&G,"I-280, EXIT 7",Oregon,OH,3.599,41.64366,-83.48688
61477,CHOCTAW NATION GRANT #633,US-271,Grant,OK,2.999,33.94316,-95.51357
61483,CM SILVER DOLLAR,"I-220, EXIT 7",Shreveport,LA,3.299,32.52515,-93.75018
61492,SPRINGER TRAVEL PLAZA,I-35 EXIT 40,Springer,OK,2.916,34.31454,-97.14279
61508,7-ELEVEN #40275,"I-70 & I-76 NB, MM 147",Bedford,PA,4.199,40.01869,-78.50391
61509,7-ELEVEN #40275,"I-70/I-76 SB, MM 147",Bedford,PA,4.199,40.01869,-78.50391
61511,MIDWAY FUEL AND TRUCK WASH,"I-78/US-22, EXIT 16",Bethel,PA,3.364,40.47454,-76.29134
61515,Carlisle Fuel Stop,"I-81, EXIT 52",Carlisle,PA,3.359,40.20148,-77.18887
61540,S&P Oil,US-13,Levittown,PA,3.816,40.15511,-74.82877
61559,7-ELEVEN #40273,34 MILE WEST OF EXIT 11/146,Somerset,PA,4.207,40.00841,-79.07808
61560,7-ELEVEN #40272,"I-70 & 76, EXIT 10",Somerset,PA,4.207,40.00841,-79.07808
61567,7-ELEVEN #35774,"I-76, EXIT 5/48",Verona,PA,4.207,40.50646,-79.8431
61569,KWIK FILL #295,US-6 BUS,Warren,PA,4.699,41.84395,-79.14504
61570,7-ELEVEN #40276,"I-76, EXIT 12/161 & SR-655",Waterfall,PA,4.199,40.12758,-78.06278
61571,7-ELEVEN #40280,MILE MARKER 55 NE EXT PENN TPKE,Allentown,PA,3.589,40.60843,-75.49018
61594,SPINX #138 (DISCOUNT AVAILABLE),"I-85, EXIT 44",Greenville,SC,3.042,34.85262,-82.39401
61595,CORNER MART 3338,"I-85, EXIT 44",Greenville,SC,2.907,34.85262,-82.39401
61596,HOT SPOT #2009,US-25/US-178 & SR-225,Greenwood,SC,2.939,34.1954,-82.16179
61597,SPINX #121,"I-85, EXIT 56",Greer,SC,3.166,34.93873,-82.22706
61598,Shell,SR-41,Hemingway,SC,3.199,33.75378,-79.44756
61599,HOT SPOT #2013,"I-26, EXIT 10",Inman,SC,3.149,35.04706,-82.09011
61605,HOT SPOT #2028,US-76/US-301,Marion,SC,2.999,34.17822,-79.40061
61616,PILOT #4578,"I-77, EXIT 48 & SC-200",Winnsboro,SC,3.409,34.3807,-81.08648
61621,CUBBYS #401,"I-90 , EXIT 332 & SR-37",Mitchell,SD,3.149,43.70943,-98.0298
61625,PRARIE STOP,US-212 & SR-20,Watertown,SD,3.279,44.89941,-97.11507
61633,ECO TRAVEL PLAZA,"I-40, EXIT 320 & SR-298",Crossville,TN,3.026,35.94896,-85.0269
61642,PILOT TRAVEL CENTERS #252,"I-35, EXIT 26",Kearney,MO,3.699,39.36778,-94.36217
61646,SHELL,"I-40, EXIT 35 & SR-59",Mason,TN,3.549,35.41175,-89.53285
61651,LEES FOOD MART #123,"I-81, EXIT 23 AT MILE 23",Bulls Gap,TN,3.259,36.25704,-83.086
61654,MAJOR MARKETS #276,US-51/SR-3,Ripley,TN,3.799,35.74536,-89.5298
61656,PHILLIPS 66,US-51,Union City,TN,3.382,36.42423,-89.05701
61660,MARATHON,"I-40, EXIT 108",Wildersville,TN,3.099,35.78145,-88.36032
61684,WOODYS FOOD MART,"I-45 & SR-7, EXIT 164",Centerville,TX,2.846,31.25796,-95.97829
61730,STRIPES 7FLEET #42430,"I-20, EXIT 131",Midland,TX,3.569,31.99735,-102.07791
61747,TEX-BEST #504,"I-35, EXIT 141",Von Ormy,TX,3.157,29.28913,-98.64446
61751,ALLSUPS CONVENIENCE STORE #2264,SR-214,Seminole,TX,3.094,32.71899,-102.64491
61761,ALLSUPS CONVENIENCE STORE #2304,"I-40, EXIT 36 & US-385",Vega,TX,2.999,35.24283,-102.42826
61763,ALLSUPS CONVENIENCE STORE #2283,"I-20, EXIT 73",Wickett,TX,2.899,31.57013,-103.00099
61787,DUCK THRU FOOD STORE #5,US-258,Franklin,VA,3.499,36.67765,-76.92246
61796,EXXON,US-220,Martinsville,VA,3.375,36.69153,-79.87254
61799,CIRCLE K #2723712,"I-77, EXIT 52 & US-52/SR-42",Bland,VA,3.376,37.10206,-81.1162
61804,CARTERS ONE STOP,"I-95 & SR-301, EXIT 31 & SR-40",Stony Creek,VA,2.959,36.94793,-77.40081
61806,LANKFORD TRUCK PLAZA,US-13 & CR-646,Townsend,VA,3.399,37.18459,-75.95826
61819,CHEVRON,"I-5, EXIT 36",Longview,WA,4.499,46.13817,-122.93817
61830,APPLETON TRAVEL PLAZA,SR-96,Appleton,WI,3.406,44.26193,-88.41538
61832,BARRON FARMERS UNION,"US-8, EXIT 53",Barron,WI,3.639,45.40135,-91.84906
61835,BRISTOL BP,"I-94, EXIT 345 & US-45",Bristol,WI,3.719,42.55891,-88.04925
61843,KWIK TRIP #332,SR-33,Horicon,WI,3.216,43.45138,-88.63121
61849,KWIK TRIP #306,"I-94, EXIT 259 & SR-89",Lake Mills,WI,3.432,43.08139,-88.91177
61862,KWIK TRIP #781,SR-21,Redgranite,WI,3.352,44.04192,-89.09845
61867,KWIK TRIP #318,SR-27 & SR-16/SR-71,Sparta,WI,3.342,43.94413,-90.81291
61877,CASEYS #3715,SR-59,Whitewater,WI,3.299,42.83362,-88.73233
61879,KWIK TRIP #347,SR-13,Wisconsin Rapids,WI,3.312,44.38358,-89.81735
61880,KWIK TRIP #310,SR-13/SR-73,Wisconsin Rapids,WI,3.262,44.38358,-89.81735
61968,FLYING J TRAVEL PLAZA #701,"I-35, EXIT 33",Ardmore,OK,3.659,34.17426,-97.14363
62008,LOVES TRAVEL STOP #366,"I-81, EXIT 90",Jonestown,PA,3.857,40.4137,-76.4783
62075,FLYING J TRAVEL PLAZA #657,US-283/US-50/US-56 & US-400,Dodge City,KS,3.799,37.7528,-100.01708
62097,FLASH MARKET #17046,US-65/SR-9,Clinton,AR,3.239,35.59147,-92.46044
62211,STUBS GAS AND OIL,"I-76, EXIT 66",Wiggins,CO,3.559,40.23054,-104.07273
62238,Circle K #2726278,SR-207,Hastings,FL,3.569,29.71802,-81.50813
62283,Circle K #2745099,US-23 & US-341/SR-27,Hazlehurst,GA,3.529,31.86963,-82.5943
62316,BP,US-20,Delaware,IA,3.299,42.47527,-91.34542
62355,MINIT MART #600630,"I-39, EXIT 14",El Paso,IL,3.599,40.7392,-89.01646
62370,7-ELEVEN #34712,I-90 Exit 24,Belvidere,IL,3.739,42.26391,-88.84427
62399,Rebel Plus #882,"I-80, EXIT 101",Bristol,IN,3.576,41.72144,-85.81749
62462,HAWESWAY TRUCKSTOP,US-60,Owensboro,KY,3.599,37.77422,-87.11333
62467,SUPER QUIK #9,"I-64, EXIT 181",Ashland,KY,3.669,38.47841,-82.63794
62480,CM GALLIANO,US-167,Cut Off,LA,3.499,29.54272,-90.33814
62487,Fred's Food Mart,US-61,Saint Francisville,LA,3.799,30.7799,-91.3765
62500,CASH MAGIC VINTON,"I-10, EXIT 4 & SR-109",Vinton,LA,3.284,30.19076,-93.58127
62547,MARATHON,SR-32W,Gaylord,MI,3.799,45.02751,-84.67475
62550,Sunoco,"I-275, EXIT 11",New Boston,MI,3.399,42.16254,-83.40299
62559,EXPRESS FOOD DEPOT,"I-94, EXIT 266",Smiths Creek,MI,3.629,42.91392,-82.60381
62560,ONE9 #23,"I-96, EXIT 67",Ionia,MI,3.439,42.98725,-85.07112
62701,PILOT TRAVEL CENTERS #408,"I-68, EXIT 22",Grantsville,MD,4.259,39.69508,-79.15114
62710,TOWN PUMP FOOD STORE #922,"I-90, EXIT 370 &SR-10",Big Timber,MT,3.479,45.83494,-109.95546
62753,PETRO SERVE USA,US-10,West Fargo,ND,3.029,46.87497,-96.90036
62768,PUMP & PANTRY #34,US-20 & SR-27,Gordon,NE,3.449,42.80472,-102.20322
62774,MR MIKES MINI MART,SR-9,Northwood,NH,3.599,43.19425,-71.1509
62790,7-ELEVEN #40084,US-46/US-1/US-9,Palisades Park,NJ,3.099,40.84816,-73.99764
62800,A ONE TRUCK STOP,US-9,South Amboy,NJ,3.499,40.47788,-74.2907
62817,LOVES TRAVEL STOP #364,I-75 EXIT 33,Charleston,TN,3.589,35.2873,-84.75827
62824,FLYING J TRAVEL PLAZA #1005,"I-80, EXIT 48",Fernley,NV,3.916,39.60797,-119.25183
62841,SPEEDWAY #9912,"I-81, EXIT 10",Mc Graw,NY,4.309,42.59618,-76.09326
62844,CIRCLE K #4707612,"I-81, EXIT 14",Tully,NY,3.799,42.79812,-76.10937
62850,GANSEVOORT MINI MART,"I-87, EXIT 17",Gansevoort,NY,3.759,43.19618,-73.65178
62887,SPEEDWAY #9367,"I-275, EXIT 42",Cincinnati,OH,3.126,39.12711,-84.51439
62911,DAVIS TRAVEL CENTER #108,"I-85, EXIT 39",Warfield,VA,3.099,36.8957,-77.82583
62918,CIRCLE K #4705567,ST 91,Twinsburg,OH,3.632,41.31256,-81.44011
62991,ONVO TRAVEL PLAZA,"I-84, EXIT 17",Lake Ariel,PA,3.586,41.45397,-75.38268
62996,MARTIN GENERAL STORE,US-22,Alexandria,PA,3.539,40.55646,-78.09778
63013,TA WEST GREENWICH,"I-95, EXIT 5B",West Greenwich,RI,3.766,41.637,-71.66004
63018,CIRCLE K #2723354,"I-526, EXIT 18A & US-78",Charleston,SC,3.299,32.77632,-79.93275
63126,PWI #120,"I-10, EXIT 593",Schertz,TX,2.926,29.55217,-98.26973
63193,Shell,US-29,Warrenton,VA,3.257,38.71345,-77.79527
63211,OMAK MART,US-97 & SR-215,Omak,WA,4.149,48.41099,-119.52755
63246,Petro Stopping Center #368,"I-94, EXIT 333",Sturtevant,WI,3.889,42.69807,-87.89452
63313,MARION TRAVEL CENTER,I-55 EXIT 14,Marion,AR,3.199,35.21453,-90.19648
63330,CIRCLE K #2723678,SR-53,Rome,GA,3.062,34.25704,-85.16467
63336,ROAD RANGER #118,"I-72 & I-55, EXIT 100-A",Springfield,IL,3.299,39.80172,-89.64371
63349,FLYING J TRAVEL PLAZA #662,"I-24, EXIT 86",Oak Grove,KY,3.152,37.34421,-86.75471
63351,76 FUEL CENTER,"I-75, EXIT 76",Berea,KY,2.999,37.56869,-84.29632
63353,LOVES TRAVEL STOP #367,"I-74, EXIT 149",Le Roy,IL,3.389,40.35198,-88.76424
63376,Circle K #2746246,US-169 & SR-41,Shakopee,MN,3.599,44.79802,-93.5269
63379,Petro Stopping Center #460,"I-70, EXIT 28",Oak Grove,MO,3.212,39.00501,-94.12939
63388,CIRCLE K #2723471,"I-95, EXIT 121",Wilson,NC,3.199,35.72127,-77.91554
63391,FLYING J TRAVEL PLAZA #687,"I-80, EXIT 179",North Platte,NE,3.449,41.12389,-100.76542
63409,FLYING J TRAVEL PLAZA #693,"I-90, EXIT 48A; PEMBROKE, NY",Corfu,NY,3.889,42.96006,-78.40558
63428,FLYING J TRAVEL PLAZA #702,"I-40, EXIT 264B",Checotah,OK,3.699,35.4701,-95.52304
63442,Flying J Travel Plaza #720,"I-40, EXIT 182",Fairview,TN,3.186,35.98201,-87.1214
63455,FLYING J TRAVEL PLAZA #752,"I-81, EXIT 323",Clear Brook,VA,3.659,39.25649,-78.09611
63456,SHELL,"I-85, EXIT 61",Petersburg,VA,3.201,37.22793,-77.40193
63495,DECAUTER SHELL TRUCK STOP,"I-35, EXIT 369",Decatur,TX,2.916,33.23428,-97.58614
63498,PILOT #6955,I-40/I-85 EXIT 150,Haw River,NC,3.959,36.09153,-79.36419
63500,SPEEDWAY #8723,"I-75, EXIT 144B",Bridgeport,MI,3.249,43.35947,-83.88164
63501,LOVES TRAVEL STOP #407,I-81 EXIT 52B OR I-76 EXIT 226,Carlisle,PA,4.099,40.20148,-77.18887
63502,FLYING J TRAVEL PLAZA #704,I-35 & 122ND ST,Edmond,OK,3.306,35.65283,-97.4781
63506,KWIK TRIP #342,"I-39, EXIT 159",Stevens Point,WI,3.559,44.52358,-89.57456
63509,PILOT #4557,"I-85, EXIT 166",Carnesville,GA,3.172,34.36983,-83.23516
63510,PILOT #4584,"I-95, EXIT 181",Latta,SC,3.349,34.3371,-79.43116
63511,PILOT #4576,"I-95, EXIT 82",Saint George,SC,3.519,33.186,-80.57565
63512,SPEEDWAY #7929,"I-40, EXIT 208",Colfax,NC,2.854,36.11264,-80.01448
63516,SHEETZ #701,"I-81, EXIT 273",Mount Jackson,VA,2.874,38.74595,-78.64224
63517,TA LINCOLN TRAVEL CENTER,"I-20, EXIT 168 & SR-77",Lincoln,AL,3.084,33.61316,-86.11831
63519,PILOT TRAVEL CENTERS #243,"I-64, EXIT 45 & SR-25",Nitro,WV,3.626,38.41481,-81.84402
63522,Pilot Travel Centers #411,"I-40, EXIT 238 & US-231",Lebanon,TN,3.246,36.20811,-86.2911
63523,PILOT TRAVEL CENTER #441,"I-65, EXIT 334",Decatur,AL,3.859,34.60593,-86.98334
63524,PILOT TRAVEL CENTER #416,"I-75/SR-401, EXIT 101",Cordele,GA,3.286,31.96351,-83.78239
63530,BIG EASY TRAVEL PLAZA,"I-10, EXIT 239-B",New Orleans,LA,3.799,29.95465,-90.07507
63532,FUELSMART,SR-165,Muskogee,OK,3.252,35.74788,-95.36969
63533,FLYING J TRAVEL PLAZA #638,"I-84, EXIT 29",Caldwell,ID,3.787,43.66294,-116.68736
63538,SUAMICO CITGO,"US-41/US-141, EXIT 176 & CR-B",Suamico,WI,3.269,44.63194,-88.03927
63540,GAS N GO,"I-75, EXIT 149",Byron,GA,3.172,32.65376,-83.75963
63545,LOVES TRAVEL STOP #397,"I-85, EXIT 104",Blacksburg,SC,3.419,35.12124,-81.51592
63546,CITGO QUIK MART,SR/15 & SR-68,Tennille,GA,3.466,32.93599,-82.81153
63563,PILOT TRAVEL CENTERS #209,"I-10, EXIT 140",Van Horn,TX,3.659,31.04029,-104.83073
63564,PILOT TRAVEL CENTERS #213,"I-70, EXIT 94 (WILSON ROAD)",Columbus,OH,3.509,39.96118,-82.99879
63565,LOVES TRAVEL STOP #296,"I-8, EXIT 115 & SR-85",Gila Bend,AZ,3.889,32.94782,-112.71683
63566,PORT ALLEN TRUCKSTOP,"I-10, EXIT 151 & SR-415",Port Allen,LA,3.259,30.45214,-91.21011
63568,FLYING J TRAVEL PLAZA #658,"I-35, EXIT 127",Emporia,KS,3.252,38.4039,-96.18166
63569,Flying J Dealer #893,"I-80, EXIT 40 (US-59)",Avoca,IA,3.659,41.47666,-95.33805
63570,PILOT TRAVEL CENTERS #287,"I-71, EXIT 204 & SR-83",Burbank,OH,3.699,40.98867,-81.99487
63571,Palace Truckstop,"I-10, EXIT 246 & I-510, EXIT 2C",New Orleans,LA,3.299,29.95465,-90.07507
63572,PILOT TRAVEL CENTER #211,"I-40, EXIT 9 & SR-95",Lake Havasu City,AZ,3.849,34.4839,-114.32245
63574,PILOT TRAVEL CENTERS #232,"I-84, EXIT 376A",Ontario,OR,3.699,44.02655,-116.96294
63575,OKEMAH TRAVEL CENTER,"I-40, EXIT 221 (ST 27)",Okemah,OK,2.879,35.43259,-96.30501
63577,PILOT TRAVEL CENTERS #236,"I-80, EXIT 122",Minooka,IL,3.799,41.45531,-88.26173
63579,301 PLAZA,US-301 & SR-299,Middletown,DE,3.239,39.44956,-75.71632
63580,FLYING J TRAVEL PLAZA #637,"I-380, EXIT 68",Evansdale,IA,3.779,42.46915,-92.28102
63581,CASEYS #4453,"I-75, EXIT 120",Lexington,KY,3.224,37.98869,-84.47772
63582,T BONE TRUCK STOP,US-30,Columbus,NE,3.099,41.42973,-97.36838
63583,CUBBYS #110,"I-80, EXIT 353",Columbus,NE,3.179,41.42973,-97.36838
63584,PILOT TRAVEL CENTER #417,"I-20, EXIT 19",Temple,GA,3.389,33.73705,-85.03244
63586,LOVES TRAVEL STOP #295,US-412 & US-69,Chouteau,OK,3.291,36.18593,-95.34302
63587,24/7 TRAVEL PLAZA,"I-135, EXIT 92",Salina,KS,2.974,38.84028,-97.61142
63588,KWIK TRIP #686,"I-94, EXIT 333/US-41 & SR-20",Sturtevant,WI,3.769,42.69807,-87.89452
63594,PILOT TRAVEL CENTERS #49,"I-24, EXIT 89",Oak Grove,KY,3.152,37.34421,-86.75471
63595,SPEEDWAY #5236,"I-75, EXIT 122",Lima,OH,3.256,40.74255,-84.10523
63596,PILOT TRAVEL CENTERS #442,"I-55, EXIT 19",Hayti,MO,3.256,36.23368,-89.74953
63597,PILOT TRAVEL CENTERS #163,"I-10, EXIT 24",Lordsburg,NM,3.439,32.35036,-108.70866
63598,PILOT TRAVEL CENTERS #164,"I-90/I-94, EXIT 69 & SR-82",Mauston,WI,3.299,43.79719,-90.07735
63599,PWI #978,"I-215, EXIT 21",Salt Lake City,UT,3.359,40.76078,-111.89105
63600,PILOT TRAVEL CENTERS #77,"I-55 /I-20, EXIT 45",Jackson,MS,3.149,32.29876,-90.18481
63601,PILOT TRAVEL CENTERS #206,"I-20, EXIT 406",Weatherford,TX,3.209,32.7593,-97.79725
63602,LOVES TRAVEL STOP #285,I-40 EXIT 277,Santa Rosa,NM,3.474,34.93867,-104.68249
63603,LOVES TRAVEL STOP #290,US-59/US-69/S LOOP 287 & FM-841,Lufkin,TX,3.649,31.33824,-94.7291
63604,7-ELEVEN #40363,US-17/SR-15 & SR-100,Palatka,FL,3.364,29.64858,-81.63758
63605,FLYING J TRAVEL PLAZA #663,"I-64, EXIT 43 & SR-395",Waddy,KY,3.759,38.13702,-85.0744
63606,FLYING J TRAVEL PLAZA #652,"I-65/US-52, EXIT 139 & SR-39",Lebanon,IN,3.641,40.04837,-86.46917
63607,ROAD RANGER #209,"I-90/94,  EXIT 48",Oakdale,WI,3.234,43.95969,-90.3818
63608,ROAD RANGER #206,US-20,Winnebago,IL,3.219,42.26613,-89.24122
63609,ROAD RANGER #203,US-20 & SR-2,Rockford,IL,3.219,42.27113,-89.094
63612,FLYING J TRAVEL PLAZA #622,"I-95/SR-9, EXIT 131 & SR-68 & SR-713",Fort Pierce,FL,3.499,27.44671,-80.32561
63613,FLYING J TRAVEL PLAZA #690,"I-10/US-70, EXIT 24",Lordsburg,NM,3.439,32.35036,-108.70866
63614,PILOT TRAVEL CENTERS #446,"I-69, EXIT 234",Daleville,IN,3.514,40.12115,-85.55803
63615,One9 #1413,"I-81, EXIT 101",Dublin,VA,3.242,37.10568,-80.68534
63616,SPEEDWAY #8876,"US-23, EXIT 50",Whitmore Lake,MI,3.499,42.4397,-83.7453
63619,PILOT TRAVEL CENTERS #428,"I-20, EXIT 112",West Monroe,LA,3.206,32.51848,-92.14764
63620,LOVES TRAVEL STOP #420,"I-20, EXIT 47",Flowood,MS,3.149,32.30959,-90.13898
63621,FUEL CITY FRIENDLYS,"I-35E, EXIT 435",Dallas,TX,2.966,32.78306,-96.80667
63623,PILOT TRAVEL CENTERS #90,"I-95/SR-9, EXIT 129 & SR-91, EXIT 152 & SR-70",Fort Pierce,FL,3.459,27.44671,-80.32561
63624,FROG CITY TRAVEL PLAZA,"I-10, EXIT 87",Rayne,LA,3.366,30.23493,-92.26846
63625,FLYING J TRAVEL PLAZA #688,"I-295, DEEP WATER STREET",Penns Grove,NJ,3.989,39.72956,-75.46797
63627,PILOT TRAVEL CENTERS #174,I-78 & SR-15,New Albany,MS,3.859,34.49427,-89.00784
63628,PILOT TRAVEL CENTER #75,"I-65, EXIT 19 & US-43/SR-13",Satsuma,AL,3.195,30.85324,-88.05611
63629,SPEEDWAY #4523,"I-94, EXIT 88",Osseo,WI,3.546,44.57218,-91.22738
63630,TA DENVER EAST TRAVEL CENTER,"I-70 & I-270, EXIT 278",Commerce City,CO,3.376,39.80832,-104.93387
63635,SAPP BROS TRAVEL CENTER,"I-70, EXIT 295",Junction City,KS,3.709,39.02861,-96.8314
63636,PILOT TRAVEL CENTER #279,"I-19, EXIT 12 & SR-289",Rio Rico,AZ,3.614,31.47148,-110.97648
63637,PILOT TRAVEL CENTERS #454,"I-70, EXIT 79",London,OH,3.509,39.88645,-83.44825
63639,PILOT TRAVEL CENTERS #444,"I-70, EXIT 23",Brazil,IN,3.939,39.52365,-87.12502
63640,SUPER EXPRESS STOP,"I-64, EXIT 113",Mount Sterling,KY,3.859,38.05647,-83.94326
63641,FLYING J TRAVEL PLAZA #625,"I-4/SR-400, EXIT 10 & SR-579",Seffner,FL,3.442,27.98363,-82.27565
63642,COLTS QUICK DRAW,"I-40, EXIT 125 & US-65/SR-25",Greenbrier,AR,3.307,35.23397,-92.38765
63648,CIRCLE K #2723333,"I-75, EXIT 216",Mcdonough,GA,3.209,33.44734,-84.14686
63649,ONE TRIP,US-84,Homerville,GA,3.442,31.0366,-82.74708
63651,CIRCLE K #2723346,US-29/S8,Athens,GA,3.399,33.96095,-83.37794
63652,CASEYS #3292,"I-380, EXIT 43 & US-20",Independence,IA,3.599,42.4686,-91.88934
63653,FLYING J TRAVEL PLAZA #760,US-30 & SR-232,Cokeville,WY,3.899,42.08244,-110.95519
63661,FLYING J TRAVEL PLAZA #677,"US-78, EXIT 6",Olive Branch,MS,3.286,34.96176,-89.82953
63662,PILOT TRAVEL CENTERS #267,"I-75, EXIT 146",Byron,GA,3.366,32.65376,-83.75963
63667,CIRCLE K #2723875,SR-41/SR-45,Jamestown,SC,2.974,33.286,-79.69257
63668,PILOT #4579,"I-26, EXIT 139",Saint Matthews,SC,3.509,33.66488,-80.77787
63669,One9 #1248,"I-45, EXIT 271",Wilmer,TX,2.756,32.58902,-96.68527
63671,WESTERN TRAVEL TERMINAL,US-26 & US-85,Torrington,WY,3.399,42.06246,-104.18439
63676,CORNER EXPRESS,ST 55,Wellston,MI,3.499,44.21695,-85.95785
63680,ALLTOWN MARKETS-FLYING J #896,I-93 EXIT 11 & SR 3A,Bow,NH,4.099,43.13203,-71.54924
63685,RIVER HEIGHTS GROCERY,US-64/SR-69/SR-15,Crump,TN,3.099,35.22175,-88.31809
63690,LOVES TRAVEL STOP #277,"I-30, EXIT 46",Prescott,AR,3.476,33.80261,-93.38101
63691,JIMMIES AUTO TRUCK PLAZA,"I-10, EXIT 262",Lee,FL,3.847,30.41996,-83.30113
63694,PILOT TRAVEL CENTERS #261,"I-55, EXIT 186",Winona,MS,3.499,33.48207,-89.72814
63695,FLYING J TRAVEL PLAZA #634,"I-20/SR-402, EXIT 19 & SR-113",Temple,GA,3.419,33.73705,-85.03244
63697,MILLER MART #40,"I-64, EXIT 255B",Newport News,VA,3.306,36.98038,-76.42975
63699,DEWITT TRAVEL MART,"US-30, EXIT 313",De Witt,IA,3.599,41.82336,-90.53819
63700,WIXOM FUEL STOP,"I-96, EXIT 159",Wixom,MI,3.999,42.52476,-83.53633
63701,FLYING J TRAVEL PLAZA #742,"I-80, EXIT 98/99",Tooele,UT,3.759,40.53078,-112.29828
63702,QUICK FUEL #2501,"I-264, EXIT 14",Louisville,KY,3.082,38.25424,-85.75941
63703,QUICK FUEL #2303,"I-71, EXIT 104/FRANK RD EXIT",Columbus,OH,3.566,39.96118,-82.99879
63704,QUICK FUEL #2301,"I-275, EXIT 44",Cincinnati,OH,3.239,39.12711,-84.51439
63706,QUICK FUEL #1003,"I-41/US-45, EXIT 45 & CR-EE",Milwaukee,WI,3.426,43.0389,-87.90647
63715,FLYING J TRAVEL PLAZA #772,"I-215, EXIT 28",North Salt Lake,UT,3.732,40.84856,-111.90688
63716,EXPRESS LANE #34,"I-39, EXIT 115",Rockford,IL,3.549,42.27113,-89.094
63718,ROAD RANGER #210,"I-39/US-51, EXIT 99 & SR-38",Rochelle,IL,3.699,41.92392,-89.06871
63720,FLYING J TRAVEL PLAZA #611,"I-10, EXIT 137",Phoenix,AZ,3.589,33.44838,-112.07404
63721,ROAD RUNNER TRAVEL CENTER,I-69E/US-77 & CR-892,Robstown,TX,3.349,27.7903,-97.66888
63722,LOVES TRAVEL STOP #240,"I-10, EXIT 151 & SR-415",Port Allen,LA,3.232,30.45214,-91.21011
63724,LOVES TRAVEL STOP #244,"I-40, EXIT 87 & US-70/US-412",Jackson,TN,3.497,35.61452,-88.81395
63725,TA CARTERSVILLE TRAVEL CENTER,"I-75, EXIT 296",Cartersville,GA,3.599,34.16533,-84.80231
63726,FLYING J TRAVEL PLAZA #706,"I-44 & I-244, EXIT 236",Tulsa,OK,3.366,36.15398,-95.99277
63727,LOVES TRAVEL STOP #403,"I-81, EXIT 3",Binghamton,NY,3.679,42.09869,-75.91797
63728,PILOT TRAVEL CENTER #43,"I-80, EXIT 284",Walcott,IA,3.859,41.58475,-90.77209
63729,PILOT TRAVEL CENTERS #147,"I-80, EXIT 410",West Wendover,NV,3.709,40.7391,-114.07335
63730,PILOT TRAVEL CENTERS #309,"I-77, EXIT 25",Caldwell,OH,3.652,39.74785,-81.51651
63731,LOVES TRAVEL STOP #243,"I-10, EXIT 43 & SR-383",Iowa,LA,3.587,30.23687,-93.01376
63732,LOVES TRAVEL STOP #265,"I-10, EXIT 200",Eloy,AZ,3.434,32.7559,-111.55484
63734,CIRCLE K #2723472,US-70 & SR-58,Kinston,NC,3.319,35.26266,-77.58164
63736,PLATEAU TRUCK AND AUTO CENTER,"I-10, EXIT 159",Van Horn,TX,3.099,31.04029,-104.83073
63737,I 10 DUSON TRUCK STOP,"I-10, AUSTRIA ROAD",Duson,LA,3.411,30.23576,-92.1854
63738,U STOP 33,US-77,Beatrice,NE,3.399,40.26806,-96.74697
63740,CIRCLE K #2723478,US-29,Blairs,VA,3.439,36.67986,-79.37308
63741,SHELL,"I-295, EXIT 15",Chester,VA,3.202,37.35682,-77.44165
63743,PILOT TRAVEL CENTERS #370,"I-81, EXIT 175",Pittston,PA,4.176,41.32591,-75.78936
63744,PILOT TRAVEL CENTERS #439,"I-24, EXIT 86",Oak Grove,KY,3.152,37.34421,-86.75471
63745,PILOT TRAVEL CENTER #447,"I-64, EXIT 25",Haubstadt,IN,3.959,38.20504,-87.57419
63746,PILOT TRAVEL CENTERS #453,"I-85, EXIT 90",Gaffney,SC,3.429,35.07179,-81.64982
63747,PILOT TRAVEL CENTERS #440,"I-71, EXIT 28",Pendleton,KY,3.759,38.46229,-85.30357
63751,PETRO STOPPING CENTER #328,"I-20 & I-55, EXIT 45",Jackson,MS,3.109,32.29876,-90.18481
63752,MR FUEL #732,"I-80, EXIT 226",Girard,OH,3.239,41.15395,-80.70147
63753,PILOT TRAVEL CENTER #4558,"I-75, EXIT 318",Calhoun,GA,3.286,34.50259,-84.95105
63754,U SAVE TRAVEL PLAZA,US-19 & SR-129,Mount Nebo,WV,3.599,38.20011,-80.85121
63755,PILOT TRAVEL CENTERS #196,"I-40, EXIT 325 & US-64",Roland,OK,3.739,35.4212,-94.51466
63756,PILOT TRAVEL CENTERS #144,"I-20, EXIT 200",Augusta,GA,3.859,33.47097,-81.97484
63759,BUFFALO RANCH,US/69/US-60 & US-59,Afton,OK,3.099,36.69369,-94.96302
63760,CASH MAGIC CITGO HOUMA,I-57,Houma,LA,3.566,29.59577,-90.71953
63761,7Fleet #46589,"I-94/US-52, EXIT 205 & SR-241",Saint Michael,MN,3.309,45.20996,-93.66496
63762,MINIT MART #600643,"I-57, EXIT 322",Manteno,IL,3.249,41.25059,-87.83143
63763,Flying J Travel Plaza #644,"I-80, EXIT 77 & SR-351",La Salle,IL,3.299,41.33337,-89.09175
63764,LOVES TRAVEL STOP #288,"I-45, EXIT 198 & US-84",Fairfield,TX,3.429,31.72461,-96.16525
63766,PILOT TRAVEL CENTERS #26,"US-23, EXIT 5 & US-223",Ottawa Lake,MI,3.579,41.77362,-83.72732
63767,HOP-IN FOOD STORES,I-27 & FM-1729,New Deal,TX,2.926,33.73731,-101.83656
63768,PILOT TRAVEL CENTERS #443,"I-70, EXIT 49",Higginsville,MO,3.236,39.07251,-93.71716
63770,FLYING J TRAVEL PLAZA #694,"I-90, EXIT 223",Austinburg,OH,3.859,41.772,-80.85453
63771,FLYING J FUEL STOP #572,"I-35, EXIT 144",Williams,IA,3.699,42.48831,-93.54493
63773,QUIKTRIP #179,ST 152,Liberty,MO,2.999,39.24611,-94.41912
63774,PILOT TRAVEL CENTERS #150,"I-70, EXIT 24 &SR-63",Hagerstown,MD,3.959,39.64176,-77.71999
63775,FLYING J #646,"I-90/39, EXIT 1 & US-51 & SR-75",South Beloit,IL,3.799,42.49307,-89.03678
63776,KWIK TRIP #334,US-169/SR-60,Mankato,MN,3.549,44.15906,-94.00915
63777,KWIK TRIP #403,"I-35, EXIT 45",Owatonna,MN,3.499,44.08385,-93.22604
63778,KWIK TRIP #662,SR-55/SR-149,Saint Paul,MN,3.629,44.94441,-93.09327
63781,Pilot Travel Centers #8,US-23 & PITTSBURG RD,Circleville,OH,3.799,39.60062,-82.94601
63782,FUEL EXPRESSO #11,"I-35, EXIT 155",Lebo,KS,3.172,38.41668,-95.85304
63787,LOVES TRAVEL STOP #402,"I-10, EXIT 44",Biloxi,MS,3.449,30.39603,-88.88531
63789,PILOT TRAVEL CENTERS #448,"I-65, EXIT 240",Hebron,IN,3.354,41.31865,-87.20031
63790,PILOT TRAVEL CENTERS #412,"I-81, EXIT 4",White Pine,TN,3.699,36.10759,-83.28683
63791,PILOT TRAVEL CENTERS #432,"I-35, EXIT 328",Waco,TX,3.221,31.54933,-97.14667
63792,PILOT TRAVEL CENTERS #424,"I-75, EXIT 358",Ocala,FL,3.359,29.1872,-82.14009
63793,HUTCH'S #113,US-183 & US-270/SR-15,Woodward,OK,2.999,36.43365,-99.39039
63794,PILOT TRAVEL CENTERS #157,"I-30, EXIT 122",Sulphur Springs,TX,3.309,33.13845,-95.60107
63795,LOVES COUNTRY STORE #022,US-412,Clayton,NM,3.414,36.45169,-103.1841
63796,PETRO STOPPING CENTER #329,"I-40/I-85, EXIT 157",Mebane,NC,3.999,36.09597,-79.26696
63798,PETRO GLADE SPRING #372,"I-81, EXIT 29",Glade Spring,VA,3.587,36.79122,-81.77123
63799,LOVES TRAVEL STOP #204,US-69 BUS & US-69,Eufaula,OK,3.689,35.28722,-95.5825
63800,PILOT TRAVEL CENTER #255,"I-95, EXIT 40",Milford,CT,4.299,41.22232,-73.0565
63801,PILOT #1126,"I-435, EXIT 55 & SR-210",Kansas City,MO,3.382,39.09973,-94.57857
63802,CARTERS TRAVEL CENTER,"I-40, EXIT 201N",Flagstaff,AZ,3.689,35.19807,-111.65127
63803,KOUNTRY XPRESS,"I-40, EXIT 20",Mulberry,AR,3.272,35.50064,-94.05159
63805,TEX-BEST #519,US-281 & US-281 BUS & CR-1930,Alice,TX,2.899,27.75225,-98.06972
63812,PETRO STOPPING CENTER #330,"I-65, EXIT 86",Glendale,KY,3.599,37.60173,-85.90552
63813,TA SAN ANTONIO TRAVELCENTER,"I-10 & FOSTER RD, EXIT 583",San Antonio,TX,3.207,29.42412,-98.49363
63828,CIRCLE K #2723654,US-431,Boaz,AL,3.519,34.20065,-86.16637
63829,CALERA CHEVRON,SR-25,Calera,AL,3.199,33.1029,-86.7536
63836,Double Bees #109,"I-40, EXIT 183",Carlisle,AR,3.139,34.78315,-91.74652
63841,MAGNOLIA TRAVEL CENTER,US-82 & US-371,Magnolia,AR,3.599,33.26707,-93.23933
63846,71 EXPRESS,US-71,Mansfield,AR,3.332,35.05954,-94.25271
63848,CIRCLE K #2706345,"I-30, EXIT 2",Texarkana,AR,3.479,33.44179,-94.03769
63850,PILOT TRAVEL CENTER #180,"I-40, EXIT 185",Bellemont,AZ,3.609,35.23807,-111.8335
63854,E-Z MART #4437,US-71,Boles,AR,3.299,34.77955,-94.0491
63855,LOVES TRAVEL STOP #460,"I-10, EXIT 302",Benson,AZ,3.279,31.96786,-110.29452
63856,PILOT TRAVEL CENTER #1175,"I-17, EXIT 262 & SR-69",Mayer,AZ,3.692,34.39781,-112.23627
63870,CIRCLE K #2744074,"I-270/US-36, EXIT 4",Commerce City,CO,3.456,39.80832,-104.93387
63871,Alta Convenience Store #6317,"I-70, EXIT 19",Fruita,CO,3.399,39.15887,-108.72899
63876,Mobil,"FL TURNPIKE,  EXIT 244",Kissimmee,FL,3.449,28.30468,-81.41667
63887,QUIKTRIP #757,"I-79/SR-401, EXIT 306 & SR-140",Adairsville,GA,2.887,34.3687,-84.93411
63893,QUICK FUEL #2204,"I-285, EXIT 58/SR-407 & I-75, EXIT 237/SR-401",Atlanta,GA,3.276,33.749,-84.38798
63894,CIRCLE K #2723653,"I-75, EXIT 124",Cartersville,GA,3.224,34.16533,-84.80231
63895,KWIK SERV #17,"I-75, EXIT 136",Chatsworth,GA,3.499,34.76591,-84.76994
63904,SUNOCO,"I-95, EXIT 19",Savannah,GA,3.632,32.08354,-81.09983
63907,QUIKTRIP #737,"I-85, EXIT 137",Jefferson,GA,3.119,34.11705,-83.57239
63909,GAS2GO,"I-95, EXIT 6",Kingsland,GA,3.109,30.79996,-81.68983
63910,OGMULGEE CHEVRON #419,"I-16, EXIT 6",Macon,GA,3.399,32.84069,-83.6324
63912,PILOT #4562,"I-95, EXIT 1",Kingsland,GA,3.559,30.79996,-81.68983
63914,CIRCLE M #12,US-23/SR-365 & SR-52,Lula,GA,3.539,34.3876,-83.66629
63915,HIGHWAY 80 CHEVRON,"I-185, EXIT 7",Midland,GA,3.399,32.57486,-84.82715
63922,THOMASVILLE TRAVEL CENTER,US-84 & SR-3,Thomasville,GA,3.181,30.83658,-83.97878
63925,PILOT TRAVEL CENTER #4561,"I-75, EXIT 11",Valdosta,GA,3.286,30.83334,-83.28032
63931,LOVES TRAVEL STOP #371,"I-95, EXIT 190",Dillon,SC,3.331,34.41655,-79.37116
63937,CUBBYS #305,"I-29, EXIT 10 & SR-2",Percival,IA,3.694,40.74889,-95.81361
63938,CUBBYS #301,US-34 & SR-48,Red Oak,IA,3.399,41.00972,-95.22555
63942,Discount Zone,"I-10, EXIT CLEARVIEW",New Orleans,LA,3.279,29.95465,-90.07507
63946,MINIT MART #600644,"I-80, EXIT 134",Joliet,IL,3.599,41.52519,-88.0834
63955,ROAD RANGER #266,"I-72, EXIT 82 & CR-10",New Berlin,IL,3.439,39.72533,-89.91066
63957,SUNMART FOOD STORE,SR-37,Bloomington,IN,3.499,39.16533,-86.52639
63959,SPEEDWAY #1429,SR-59 & SR-56,Warrenville,IL,3.499,41.81781,-88.1734
63960,BUTLER ONE STOP,"I-69, EXIT 329",Butler,IN,3.519,41.42977,-84.87135
63962,7-ELEVEN #40505,"I-80, EXIT 90",Elkhart,IN,4.116,41.68199,-85.97667
63964,LOVES TRAVEL STOP #242,"I-35 & FISHER RD, EXIT 144",Von Ormy,TX,3.167,29.28913,-98.64446
63965,GOOD TO GO #11,"I-65, EXIT 158",Frankfort,IN,3.549,40.27948,-86.51084
63966,PHILS ONE STOP,"I-69, EXIT 309B",Fort Wayne,IN,3.676,41.1306,-85.12886
63972,7-ELEVEN #40506,"I-80/I-90, MM 125 WB",Howe,IN,3.899,41.72144,-85.42054
63977,CAREFREE FOOD MART,"I-64, EXIT 92",Leavenworth,IN,3.499,38.19979,-86.34414
63978,Gallops,"I-80, EXIT 107",Middlebury,IN,3.549,41.67533,-85.7061
63979,Jaks Oil,US-90,Broussard,LA,3.049,30.14715,-91.96123
63988,Petes #47,US-400/SR-47,Fredonia,KS,3.299,37.53394,-95.82665
63990,TREX MART #4,"I-229/US-59, EXIT 4B & US-36",Wathena,KS,2.999,39.75916,-94.94969
63992,SANDRAS QUICK STOP,US-169 & US-59,Garnett,KS,3.319,38.28058,-95.24192
63994,U STOP #38,I-70 EXIT 298,Junction City,KS,3.356,39.02861,-96.8314
63997,LEON GROCERY,US-400,Leon,KS,3.399,37.6903,-96.78225
64001,PETES #53,US-400 & SR-99 & CR-939,Severy,KS,3.249,37.62225,-96.22805
64002,SPEEDWAY #9567,"I-65, EXIT 105",Lebanon Junction,KY,3.166,37.83451,-85.7319
64003,HUCKS Food & Fuel #305,SR-9001 & WKY PKWY SERVICE AREA,Beaver Dam,KY,3.599,37.40199,-86.87583
64016,SHELL,US-231 & SR-1468,Morgantown,KY,3.799,37.2256,-86.6836
64020,LEEBOS # 9,"I-49, EXIT 90",Alexandria,LA,3.216,31.31129,-92.44514
64021,CM AMITE,SR-16,Amite,LA,3.399,30.72657,-90.50898
64028,DELCAMBRE FUEL DEPOT,SR-14 & SR-89,Delcambre,LA,2.999,29.94826,-91.98873
64029,SUNSHINE SUPER STOP TRUCKS,"I-10, EXIT 182",Convent,LA,3.399,30.02076,-90.82982
64030,STATE OIL,SR-23,Belle Chasse,LA,3.432,29.85493,-89.99063
64034,BOONES CHEVRON,SR-317,Franklin,LA,3.899,29.79604,-91.5015
64036,CM PROSPECT STATION,SR-3087 & SR-660,Houma,LA,3.599,29.59577,-90.71953
64040,PILOT #1051,"I-10, EXIT 43 & SR-383",Iowa,LA,3.599,30.23687,-93.01376
64042,LA PLACE TRAVEL CENTER,"I-10, EXIT 209 & I-55, EXIT 1",La Place,LA,3.259,30.06698,-90.48147
64043,COUNTRY AUTO TRUCK STOP,"I-49, EXIT 177 & SR-509",Mansfield,LA,3.259,32.03766,-93.70018
64044,DISCOUNT ZONE,"I-510, EXIT 240",New Orleans,LA,3.149,29.95465,-90.07507
64045,SILVERS TRAVEL PLAZA - Port Allen,US-190/SR-1,Port Allen,LA,3.332,30.45214,-91.21011
64047,LUCKY LOUIES TRUCK STOP,US-190,Port Allen,LA,3.066,30.45214,-91.21011
64048,Pilot #1439,"I-10, Exit 151",Port Allen,LA,3.216,30.45214,-91.21011
64049,Cash Magic CITGO LAROSE,SR-308,Larose,LA,3.399,29.57244,-90.38175
64050,WESTWOOD TRUCK PLAZA,US-90 BUS,Marrero,LA,3.279,29.89937,-90.10035
64058,DELTA TOWN TRUCK STOP,"I-10, EXIT 4",Vinton,LA,2.799,30.19076,-93.58127
64059,CM SPRINGHILL,"I-20, EXIT 44",Springhill,LA,3.399,33.00597,-93.46684
64060,CM VIVIAN,SR-1 & SR-2,Vivian,LA,3.266,32.87153,-93.9874
64062,XTRA MART #10098,SR-146A,Uxbridge,MA,3.649,42.07732,-71.62951
64063,Mobil,US-20 & SR-56,North Oxford,MA,3.582,42.15009,-71.86841
64069,301 BP,US-301/SR-5,Brandywine,MD,3.259,38.69678,-76.84775
64072,EZ MART #110,US-127 & US-127 BUS/SR-46,Alma,MI,3.649,43.37892,-84.65973
64082,SPEEDWAY #8797,SR-13,Lennon,MI,3.379,42.98445,-83.93002
64083,BIG DADDYS TRUCKSTOP,US-223 & US-23,Ottawa Lake,MI,3.499,41.77362,-83.72732
64084,RPF OIL #92 PARMA TRAVEL CENTER,"I-94, EXIT 128",Parma,MI,3.499,42.25837,-84.59969
64085,MADCO TRUCK PLAZA,"I-94, EXIT 200",Romulus,MI,3.399,42.22226,-83.3966
64087,SAHARA PETRO,"I-696, EXIT 22",Warren,MI,3.699,42.49044,-83.01304
64091,Circle K 2746398,US-10 & SR-27,Little Falls,MN,3.399,45.97635,-94.3625
64092,ONE9 #4555,"I-20/I-59, EXIT 77",Cottondale,AL,2.932,31.20518,-85.38188
64097,KWIK TRIP #937,US-12,Willmar,MN,3.341,45.12191,-95.04334
64098,BLUE LINE TRAVEL CENTER,"I-90, EXIT 45",Worthington,MN,3.166,43.61996,-95.5964
64101,D DIAMOND TRAVEL PLAZA,"I-44, EXIT 82",Fair Grove,MO,3.132,37.38393,-93.1513
64106,RAPID ROBERTS #122,SR-43,Joplin,MO,2.899,37.08423,-94.51328
64112,RAPID ROBERTS #123,"I-44, EXIT 80",Springfield,MO,2.899,37.21533,-93.29824
64116,GRAND LEDGE,"I-96, EXIT 86",Grand Ledge,MI,3.789,42.75337,-84.74638
64120,HOLIDAY STATIONSTORE #2746185,US-2,Wakefield,MI,3.139,46.47523,-89.93989
64122,FLYING J TRAVEL PLAZA #691,"I-40, EXIT 333",Tucumcari,NM,3.899,35.17191,-103.72686
64124,Shell,"I-94 & I-75, EXIT 171",Saint Cloud,MN,3.362,45.5608,-94.16249
64126,CASEYS #3471,US-2 & CR-87,Cohasset,MN,3.449,47.26356,-93.62022
64132,45 TRUCKSTOP,US-45,Corinth,MS,3.089,34.93425,-88.52227
64139,4 MILE TRUCKSTOP,US-98 & HOLT RD,Lucedale,MS,3.399,30.92519,-88.59002
64153,SPEEDWAY #6972,US-70,Durham,NC,3.799,35.99403,-78.89862
64155,SPEEDWAY #8228,"I-85, EXIT 191 & SR-56",Creedmoor,NC,3.999,36.12237,-78.68611
64156,SPEEDWAY #6985,"I-40, EXIT 312 & SR-42",Garner,NC,3.499,35.71126,-78.61417
64163,FILL GOOD BP #15,US-74,Monroe,NC,3.399,34.98543,-80.54951
64167,NORTH LONDONDERRY SUNOCO,"I-93, EXIT 5",Londonderry,NH,3.939,42.86509,-71.37395
64170,LUCKY 7,"I-95, EXIT 61",Wade,NC,2.999,35.16294,-78.73613
64171,CIRCLE K #2723130,"I-40, EXIT 364",Warsaw,NC,2.876,34.99933,-78.0911
64172,CUBBYS #108,"I-80, EXIT 420 & SR-63",Greenwood,NE,3.399,40.96278,-96.44112
64173,SAPP BROS TRAVEL CENTER,"I-80, EXIT 405",Lincoln,NE,3.366,40.8,-96.66696
64181,SUNOCO- JOYCE KILMER PLAZA #7012,"NJTP,EXIT 8A",East Brunswick,NJ,3.899,40.42788,-74.41598
64182,SUNOCO- VINCE LOMBARDI SERVICE AREA #7017,"NJ TURNPIKE, EXIT 18",Ridgefield,NJ,3.899,40.83427,-74.00875
64183,SUNOCO- THOMAS EDISON PLAZA #7013,"NJTP, EXIT 11",Woodbridge,NJ,3.899,40.5576,-74.28459
64187,SPEEDWAY #9117,"I-25, EXIT 339",Las Vegas,NM,3.186,35.59393,-105.2239
64189,CIRCLE K #2708931,"I-10, EXIT 155",Tucumcari,NM,3.259,35.17191,-103.72686
64195,DANDY MINI MART #14,"I-86, EXIT 62",Nichols,NY,3.439,42.02174,-76.36688
64201,POCO SHOP #2,"I-95, EXIT 31",Saint Pauls,NC,3.799,34.80655,-78.97114
64206,SUNOCO WOODROW WILSON PLAZA #7010,"NJTP, EXIT 7",Trenton,NJ,3.899,40.21705,-74.74294
64210,FUEL 1,"I-287, EXIT 4",South Plainfield,NJ,4.799,40.57927,-74.41154
64211,PILOT #490/WESTERN PETROLEUM,US-180,Carlsbad,NM,3.729,32.42067,-104.22884
64215,STRIPES 7FLEET #42588,US-380 & SR-206,Tatum,NM,3.662,33.25706,-103.31773
64216,DANDY MINI MART #31,SR-13 & SR-224,Cayuta,NY,4.399,42.28174,-76.69689
64218,PILOT TRAVEL CENTERS #494,"I-88, EXIT 25",Schenectady,NY,3.999,42.81424,-73.93957
64221,BELL STORES #49,"I-76E, EXIT 25B",Akron,OH,3.499,41.08144,-81.51901
64223,7-ELEVEN #40295,"I-80, EXIT 170",Broadview Heights,OH,3.527,41.31394,-81.68513
64224,7-ELEVEN #40296,SR-176,Broadview Heights,OH,3.532,41.31394,-81.68513
64227,GO MART FOOD STORE #116,US-50 & SR-7,Coolville,OH,3.357,39.22174,-81.79736
64229,SPEEDWAY #9385,"I-70, EXIT 129",Hebron,OH,3.369,39.96173,-82.49127
64230,Certified Oil #400423,I-70 EXIT 126,Hebron,OH,3.396,39.96173,-82.49127
64231,7-ELEVEN #40293,"OHIO TURNPIKE EB MILEPOST 139/I-80, EXIT 139",Amherst,OH,3.532,41.39782,-82.22238
64233,74 FUEL STOP,"I-74, EXIT 3",Harrison,OH,3.859,39.262,-84.81995
64235,PENNZMART FUEL EXPRESS,ST 100,Tiffin,OH,3.432,41.1145,-83.17797
64236,KFC TRAVELMART,SR-199,Upper Sandusky,OH,3.249,40.82728,-83.28131
64243,Caseys #4519,US-62,Altus,OK,3.006,34.63813,-99.33398
64244,CHOCTAW NATION DURANT WEST #632,US-69/US-75,Calera,OK,3.089,33.93454,-96.4286
64256,CHEROKEE TRAVEL PLAZA,"I-40, EXIT 325",Roland,OK,3.799,35.4212,-94.51466
64261,Phillips 66,US-75/SR-56,Okmulgee,OK,2.989,35.62344,-95.96055
64264,CASEYS #4594,US-81 & US-70,Waurika,OK,3.077,34.16704,-97.99754
64265,ASAP GENERAL STORE #101,"I-40, EXIT 84 & US-54",Weatherford,OK,3.132,35.52616,-98.70757
64270,PENN JERSEY DIESEL & TRAILER,"I-95, EXIT 37",Bensalem,PA,4.199,40.10455,-74.95128
64274,RUTTERS #53,"I-83, EXIT 32 & SR-382",Etters,PA,3.999,40.15241,-76.8189
64275,7-ELEVEN #40279,I-276 & US-202 (KING OF PRUSSIA SERVICE PLAZA WB),King Of Prussia,PA,3.884,40.08927,-75.39602
64282,ONVO TRAVEL PLAZA - HICKORY RUN,"I-80, EXIT 274",White Haven,PA,3.586,41.06064,-75.77408
64285,PILOT #4566,"I-85, EXIT 106",Blacksburg,SC,3.429,35.12124,-81.51592
64287,CIRCLE K #2703099,"I-20, EXIT 33",Batesburg,SC,3.086,33.90792,-81.54733
64288,PILOT #4581,"I-20, EXIT 116",Bishopville,SC,3.432,34.21821,-80.24841
64294,HOT SPOT #6004,"I-26, EXIT 28",Enoree,SC,3.099,34.65652,-81.9651
64298,CORNER MART #354,"I-26, EXIT 72",Newberry,SC,3.299,34.27458,-81.61872
64299,CIRCLE K #2720881,US-17 & SR-165,Ravenel,SC,3.439,32.76323,-80.2501
64300,CIRCLE K #2723416,"I-26, EXIT 28",Roebuck,SC,3.082,34.87957,-81.96621
64301,HILLVIEW TRUCK STOP,"I-20, EXIT 39",Leesville,SC,3.059,33.91653,-81.51344
64307,CIRCLE K #2723876,US-17 & SR-64,Round O,SC,3.372,32.93712,-80.54094
64309,CIRCLE K #2723272,"I-26, EXIT 119",West Columbia,SC,3.546,33.99349,-81.07398
64310,Palmetto Roads #308,"I-95, EXIT 77",Saint George,SC,3.009,33.186,-80.57565
64313,CUBBYS #403,"I-29, EXIT 79",Sioux Falls,SD,3.066,43.54369,-96.72796
64314,JAKES CORNER,US-81 & SR-34,Winfred,SD,3.049,43.9972,-97.36229
64336,LOVES TRAVEL STOPS #345,I-90/I-94 EXIT 48,Tomah,WI,3.289,43.97858,-90.50402
64337,GRAVES TRUCK STOP,"I-20, EXIT 59",Carthage,TX,2.999,32.15738,-94.33742
64343,Allsup's Marketplace #2411,US-67,Hawley,TX,2.889,32.61206,-99.81426
64347,PILOT TRAVEL CENTERS #256,"US-58 & US-29, SE QUAD",Danville,VA,4.009,36.58597,-79.39502
64350,STRIPES #40811,"I-37, EXIT 55",George West,TX,3.016,28.3325,-98.11751
64352,CHEVRON #383461,"I-10, EXIT 259",Fort Stockton,TX,3.029,30.89404,-102.87932
64355,CEFCO #34,US-281 & SR-38,Hamilton,TX,3.029,31.70377,-98.12392
64360,CIRCLE K #2706983,"I-37, EXIT 36 & SR-359",Mathis,TX,3.019,28.09446,-97.82805
64374,CEFCO #2001,US-287 & FM-369,Iowa Park,TX,2.864,33.95148,-98.66867
64382,KOSSE COUNTRY STORE,SR-7 & SR-14,Kosse,TX,3.116,31.30768,-96.63192
64390,TXB #71 DBA KWIK CHEK FOOD STORES,"I-20, EXIT 136",Midland,TX,3.079,31.99735,-102.07791
64393,TEX-BEST #505,"I-35, EXIT 183",New Braunfels,TX,2.806,29.703,-98.12445
64399,LOVES TRAVEL STOPS #247,US-287 & SR-256,Memphis,TX,3.789,34.72478,-100.53401
64406,Main Street Market,SR-84 & FM-73,Prairie Hill,TX,2.899,31.65517,-96.78888
64407,CIRCLE K #2741527,US-281,Premont,TX,2.999,27.36059,-98.12362
64408,QUIKTRIP #4058,"I-37, EXIT 125 & SR-1604",San Antonio,TX,2.966,29.42412,-98.49363
64409,LONE STAR TRAVEL CENTER,"I-35, EXIT 147",San Antonio,TX,3.059,29.42412,-98.49363
64420,Valero,US-59 & AT ST-87,Timpson,TX,3.059,31.90378,-94.3952
64421,TXB #17 DBA KWIK CHEK FOOD STORES,SR-121,Trenton,TX,3.299,33.43067,-96.33859
64422,Chevron,"I-10, EXIT 858",Vidor,TX,2.749,30.1316,-94.01545
64423,PILOT #568,"I-35, EXIT 140",Von Ormy,TX,3.211,29.28913,-98.64446
64430,GOLDEN SPIKE TRAVEL PLAZA,"I-15, EXIT 382",Tremonton,UT,3.599,41.71187,-112.16551
64431,RJS  FUEL STOP,"I-15, EXIT 40",Tremonton,UT,3.459,41.71187,-112.16551
64435,SPEEDWAY #4632,US-360/US-58 & SR-1224,Danville,VA,4.059,36.58597,-79.39502
64436,MS 58 PLAZA,"I-95, EXIT 11",Emporia,VA,3.182,36.68598,-77.54248
64438,PILOT TRAVEL CENTER #4622,US-58,South Boston,VA,4.009,36.69875,-78.9014
64441,MILLER MART #55,US-460 & US-58/US-13,Suffolk,VA,3.092,36.72836,-76.58496
64442,PILOT TRUCK STOP #583,"I-5, EXIT 262",Ferndale,WA,4.559,48.8465,-122.59101
64445,KWIK TRIP #413,SR-93 & SR-95,Arcadia,WI,3.316,44.25274,-91.50154
64446,SPEEDWAY #4293,"I-90 & I-43, EXIT 185A",Beloit,WI,3.799,42.50835,-89.03178
64447,KWIK TRIP #621,"SR-29/SR-55, EXIT 234 & SR-47/SR-117",Bonduel,WI,3.457,44.74027,-88.44482
64451,ROYAL FARMS #79,ST 13,New Church,VA,3.339,37.97901,-75.53104
64455,SPEEDWAY #4648,SR-254,Waynesboro,VA,3.959,38.06847,-78.88947
64463,KWIK TRIP #202,"I-39/US-51, EXIT 151 & SR-54",Plover,WI,3.266,44.45636,-89.54401
64474,SIGNAL FOOD STORE #108,US-60,Mountain View,MO,3.032,36.99533,-91.70376
64477,PILOT #1063,"I-40, EXIT 81",Marion,NC,3.759,35.68401,-82.00927
64478,PILOT TRAVEL CENTERS #141,"I-80, EXIT 6",Evanston,WY,3.699,41.26828,-110.96324
64479,YESWAY #1148,"US-30, EXIT 186",Marshalltown,IA,3.246,42.04943,-92.90798
64480,TA Garden City,US-83 & US-400,Garden City,KS,3.731,37.97169,-100.87266
64481,LOVES TRAVEL STOP #282,"I-44, EXIT 4 & SR-43",Joplin,MO,3.397,37.08423,-94.51328
64482,LOVES TRAVEL STOP #208,"I-55, EXIT 119 & SR-22",Canton,MS,3.489,32.61264,-90.03675
64484,LOVES TRAVEL STOP #206,"I-10, EXIT 44 & SR-59",Loxley,AL,3.339,30.61825,-87.75305
64485,PILOT TRAVEL CENTERS #433,"I-20, EXIT 470",Dallas,TX,3.182,32.78306,-96.80667
64486,GREENWAY STORE #614,"I-85/SR-403, EXIT 61 & SR-74",Fairburn,GA,3.199,33.56706,-84.58104
64487,PILOT TRAVEL CENTERS #165,"I-57 & I-70, EXIT 162",Effingham,IL,3.299,39.12004,-88.54338
64488,PILOT TRAVEL CENTERS #274,"I-10, EXIT 109",Breaux Bridge,LA,3.142,30.27353,-91.89928
64490,QUICK FUEL #2201,"I-85, EXIT 36",Atlanta,GA,3.352,33.749,-84.38798
64491,QUICK FUEL #1803,I-80/I-294 & SR-1,South Holland,IL,3.829,41.60087,-87.60699
64492,QUICK FUEL #2103,"I-70, EXIT 89",Indianapolis,IN,3.309,39.76838,-86.15804
64493,QUICK FUEL #2801,"I-435, EXIT 1-A AT MILE 1",Lenexa,KS,3.369,38.95362,-94.73357
64494,QUICK FUEL #1704,I-75 EXIT 42 AT MILE 42,Lincoln Park,MI,3.619,42.25059,-83.17854
64495,QUICK FUEL #1702,"I-96, EXIT 173",Livonia,MI,3.799,42.36837,-83.35271
64496,QUICK FUEL #1703,"I-94, EXIT 199-A",Romulus,MI,3.519,42.22226,-83.3966
64498,QUICK FUEL #1705,SR-53,Warren,MI,3.749,42.49044,-83.01304
64499,QUICK FUEL #2401,"I-71, EXIT 234",Bridgeton,MO,3.094,38.767,-90.41151
64500,QUICK FUEL #2402,"I-435, EXIT 57",Kansas City,MO,3.292,39.09973,-94.57857
64501,QUICK FUEL #2602,"I-85, EXIT 40",Charlotte,NC,3.396,35.22709,-80.84313
64502,QUICK FUEL #2305,"I-270, EXIT 10",Columbus,OH,3.631,39.96118,-82.99879
64503,QUICK FUEL #2304,"I-75, EXIT 210",Toledo,OH,3.601,41.66394,-83.55521
64508,QUICK FUEL #1150,US-51 & SR-30,Madison,WI,3.576,43.07305,-89.40123
64509,QUICK FUEL #1002,"I-94, EXIT 319",Milwaukee,WI,3.741,43.0389,-87.90647
64511,QUICK FUEL #1010,SR-100,Milwaukee,WI,3.779,43.0389,-87.90647
64512,QUICK FUEL #1001,"I-94, EXIT 301",New Berlin,WI,3.499,42.9764,-88.10842
64514,PILOT TRAVEL CENTERS #435,"I-10, EXIT 0",Anthony,TX,3.459,31.99927,-106.60555
64517,KWIK TRIP #696,"I-94, EXIT 19 & US-63",Baldwin,WI,3.574,44.96663,-92.37436
64519,BLUE RIDGE TRAVEL PLAZA,"I-81 SOUTHBOUND, EXIT 155",Mountain Top,PA,3.649,41.16953,-75.87742
64520,LOVES TRAVEL STOP #222,"I-70/US-35, EXIT 149B & US/35/SR-38",Richmond,IN,3.949,39.82894,-84.89024
64521,CHOCTAW TRAVEL PLAZA #635,US-259/SR-3,Broken Bow,OK,2.999,34.02928,-94.7391
64525,PILOT TRAVEL CENTERS #3,"I-80, EXIT 223",Youngstown,OH,3.452,41.09978,-80.64952
64526,PILOT TRAVEL CENTERS #53,"I-40, EXIT 143",Hurricane Mills,TN,3.176,35.97117,-87.78197
64527,PILOT TRAVEL CENTERS #50,"I-71, EXIT 28",Pendleton,KY,3.759,38.46229,-85.30357
64528,Raceway #7007,SR-74 & SR-180,Shelby,NC,3.249,35.29235,-81.53565
64529,PILOT TRAVEL CENTERS #436,"I-40, EXIT 75",Amarillo,TX,3.266,35.222,-101.8313
64530,PILOT TRAVEL CENTERS #420,"I-20, EXIT 114",Madison,GA,3.859,33.59568,-83.46794
64532,PILOT #4560,"I-75, EXIT 201",Jackson,GA,3.376,33.29457,-83.96602
64533,SHELL,US-287/US-81 & CR-718,Haslet,TX,2.891,32.97485,-97.3478
64534,CIRCLE K #4707045,"I-95, EXIT 32",Biddeford,ME,3.957,43.49258,-70.45338
64535,FLYING J TRAVEL PLAZA #628,"I-85, EXIT 160",Carnesville,GA,3.206,34.36983,-83.23516
64536,FLYING J TRAVEL PLAZA #640,"I-84, EXIT 173",Jerome,ID,3.902,42.72407,-114.51865
64537,FLYING J TRAVEL PLAZA #739,"I-35, EXIT 330B",Waco,TX,3.221,31.54933,-97.14667
64538,PILOT TRAVEL CENTERS #445,"I-94, EXIT 22 & US-20",Chesterton,IN,3.799,41.61059,-87.0642
64545,HOBO PANTRY #24,US-231 & SR-10,Brundidge,AL,3.599,31.72016,-85.81606
64546,GRUB MART #13,"I-59, EXIT 205 & US-411/SR-25/SR-68",Centre,AL,3.349,34.15204,-85.67885
64554,FACKLER TEXACO TRUCK STOP,US-72 & CR-42,Fackler,AL,3.199,34.79258,-85.90998
64558,MR FUEL #1203,"I-20, EXIT 129",Meridian,MS,2.812,32.36431,-88.70366
64569,LOVES TRAVEL STOP #624,"I-65, EXIT 8B",Mobile,AL,3.206,30.69436,-88.04305
64571,PETRO STOPPING CENTER #331,"I-15, EXIT 54",Las Vegas,NV,3.734,36.17497,-115.13722
64572,CIRCLE K #2723730,US-43/SR-13/SR-69,Northport,AL,3.399,33.22901,-87.57723
64578,MARATHON,US-431/SR-1,Phenix City,AL,3.249,32.47098,-85.00077
64581,SNEAD SHELL,US-278 & SR-75,Altoona,AL,3.109,34.02621,-86.32609
64592,LOVES TRAVEL STOP #368,"I-65, EXIT 208 & CR-28",Clanton,AL,3.337,32.83874,-86.62943
64595,PILOT TRAVEL CENTERS #425,"I-10, EXIT 192",Midway,FL,3.799,30.40648,-87.00553
64599,PONY EXPRESS TRAVEL PLAZA #6,"US-167/US-67, EXIT16 & SR-5",Cabot,AR,3.499,34.97453,-92.01653
64600,Caseys #4552,"I-40, EXIT 57",Clarksville,AR,3.244,35.47147,-93.46657
64610,KINGS RIVER COUNTRY STORE,US-412,Huntsville,AR,3.266,36.08619,-93.7413
64617,SHELL,"I-55, EXIT 48",Osceola,AR,2.999,35.70508,-89.96953
64647,HOOKS,I-16 EXIT 16,East Dublin,GA,3.399,32.54822,-82.87181
64648,QUICK FUEL #2203,"I-20, EXIT 14",Atlanta,GA,3.319,33.749,-84.38798
64651,QUICK FUEL #2101,I-465,Indianapolis,IN,3.869,39.76838,-86.15804
64654,Fast Stop,"I-10, EXIT 177",Saint Gabriel,LA,3.699,30.2577,-91.09927
64655,ONE9 #7937,"I-85/I-40, EXIT 132",Mc Leansville,NC,3.399,36.10736,-79.65864
64656,QUICK FUEL #2601,SR-27,Charlotte,NC,3.512,35.22709,-80.84313
64660,QUICK FUEL #1005,SR-59 & SR-164,Waukesha,WI,3.623,43.01168,-88.23148
64662,QUICK FUEL #1011,"I-94, EXIT 100",Milwaukee,WI,3.521,43.0389,-87.90647
64664,CIRCLE K #4701424,"I-74, EXIT 102",Morton,IL,3.599,40.61282,-89.45926
64671,FLYING J TRAVEL PLAZA #756,"I-94, EXIT 116 & CR-A",Black River Falls,WI,3.382,44.29468,-90.85153
64672,FLYING J TRAVEL PLAZA #655,"I-70, EXIT 123 & SR-3",Spiceland,IN,3.959,39.83838,-85.43886
64673,WESTVILLE TRUCKSTOP,US-6/US-421,Westville,IN,3.586,41.54143,-86.90058
64674,ZANCO SHELL,"I-395, EXIT 87",Plainfield,CT,4.399,41.67649,-71.91507
64675,Petro Mart #45,"I-70/US-40, EXIT 148 & US-54",Kingdom City,MO,2.939,38.95282,-91.93907
64676,PILOT TRAVEL CENTERS #460,"I-40, EXIT 140",Oklahoma City,OK,3.309,35.46756,-97.51643
64677,MOUNT VERNON FUEL CENTER,"I-75, EXIT 59 & US-25",Mount Vernon,KY,2.999,38.02563,-84.49522
64678,AINSWORTH FOUR CORNERS,US-218/SR-27 & SR-92,Ainsworth,IA,3.109,41.28891,-91.55238
64679,PILOT TRAVEL CENTERS #118,I-30 EXIT 121,Benton,AR,3.199,34.56454,-92.58683
64681,PILOT TRAVEL CENTER #458,"I-10, EXIT 208",Eloy,AZ,3.439,32.7559,-111.55484
64682,FLYING J TRAVEL PLAZA #705,"I-40, EXIT 20 & US-283",Sayre,OK,3.182,35.29116,-99.6401
64683,QUIKTRIP #777,"I-20, EXIT 49",Atlanta,GA,2.972,33.749,-84.38798
64684,MR FUEL #721,"I-465, EXIT 4 & SR 37",Indianapolis,IN,3.319,39.76838,-86.15804
64687,PILOT TRAVEL CENTER #421,"I-75, EXIT 326",Dalton,GA,3.286,34.7698,-84.97022
64706,CIRCLE K #2721571,"I-65, EXIT 69",Brewton,AL,3.399,31.10518,-87.07219
64712,SUNSTOP #650,US-431 & SR-210,Dothan,AL,3.412,31.22323,-85.39049
64713,GOOD TO GO,"I-65, EXIT 200",Enterprise,AL,3.599,31.31517,-85.85522
64715,CIRCLE K #2709067,US-31/SR-6,Prattville,AL,3.499,32.46402,-86.4597
64718,CUZZS,US-43/SR-13,Thomasville,AL,3.532,31.91349,-87.73584
64719,CIRCLE K #2706697,"I-85, EXIT 77",Valley,AL,3.399,32.81874,-85.17939
64721,FLASH MARKET #17049,"I-40/US-63, EXIT 216 & US-49/SR-17",Brinkley,AR,3.179,34.88787,-91.19457
64723,CASHS #4470,US-65,Dumas,AR,3.209,33.88705,-91.49179
64724,TOBOS TRAVEL CENTER,"I-540, EXIT 58",Fayetteville,AR,3.349,36.06258,-94.15743
64755,PILOT TRAVEL CENTERS #44,"I-70, EXIT 101",Boonville,MO,3.519,38.97364,-92.74324
64764,CORNER MARKET #62,SR-13/SR-789 & SR-64,Meeker,CO,3.729,40.03747,-107.91313
64765,CENEX,"I-76, EXIT 125",Sterling,CO,3.416,40.62554,-103.20771
64773,Sun Gas,US-301,Middletown,DE,2.999,39.44956,-75.71632
64775,SHORE STOP #287,US-13,New Castle,DE,3.289,39.65948,-75.56359
64777,4 POINTS MARKET,US-441/SR-7 & SR-804,Boynton Beach,FL,3.229,26.52535,-80.06643
64778,SUNSTOP #347,US-27,Branford,FL,3.699,29.95912,-82.92818
64779,SPEEDWAY #6530,US-50,Brooksville,FL,3.382,28.55554,-82.38991
64789,KROME EXXON,SR-997 & SR-994,Miami,FL,3.399,25.77427,-80.19366
64793,CIRCLE K #2721297,US-301,Middleburg,FL,3.399,30.06885,-81.86038
64795,QUICK FUEL #5101,"I-4, EXIT 79",Orlando,FL,3.362,28.53834,-81.37924
64798,RIVIERA TRUCKSTOP,SR-710,West Palm Beach,FL,3.779,26.71534,-80.05337
64803,MARATHON,"I-4, EXIT 3",Tampa,FL,3.422,27.94752,-82.45843
64804,SPEEDLANE,US-301 &SR-574,Tampa,FL,3.449,27.94752,-82.45843
64811,SUNSTOP #819,US-19,Americus,GA,3.699,32.07239,-84.23269
64815,BUENA VISTA GAS N GO,SR-26 & SR-41,Buena Vista,GA,3.299,32.31904,-84.51714
64819,CIRCLE K #4174,"I-285/SR-407, EXIT 53 & US-23/SR-42",Conley,GA,3.999,33.64483,-84.32576
64820,Mr Pips,US-84/SR-38,Donalsonville,GA,3.199,31.04046,-84.87909
64825,EXIT 10 AUTO AND TRUCK STOP,"I-185/SR-411, EXIT 19 & SR-315",Fortson,GA,3.399,32.60708,-84.93715
64831,CIRCLE K #2745072,US-341,Lumber City,GA,3.529,31.92935,-82.67958
64833,QWICKSERV,US-319 BUS & SR-133/SR-35/SR-33,Moultrie,GA,3.599,31.17991,-83.78906
64834,SUSIE Q #90,US-319 & SR-33,Moultrie,GA,3.799,31.17991,-83.78906
64840,BP,US-278/SR-6 & SR-101,Rockmart,GA,3.599,34.0026,-85.04161
64842,Circle K #2745128,US-301 & US-25,Statesboro,GA,3.199,32.44879,-81.78317
64843,A TO Z TRUCKSTOP,US-301/US-25/SR-73,Statesboro,GA,3.599,32.44879,-81.78317
64850,SHAKE RAG EXPRESS,US-1 & US-78,Wadley,GA,3.416,32.86682,-82.40402
64856,KUM & GO #1056,"I-35, EXIT 56",Bevington,IA,3.099,41.36055,-93.79078
64857,CHARITON FOOD SHOP,US-34,Chariton,IA,3.369,41.01389,-93.3066
64859,QUICK FUEL #2901,"I-35/I-80, EXIT 136",Des Moines,IA,3.137,41.60054,-93.60911
64860,BP TRUCK PLAZA,US-61/US-151,Dubuque,IA,3.489,42.50056,-90.66457
64862,218 FUEL EXPRESS,US-218 & US-18,Floyd,IA,3.489,43.12775,-92.7363
64863,FT MADISON FAST BREAK,US-61,Fort Madison,IA,3.399,40.62976,-91.31515
64868,MEDIAPOLIS FAST BREAK,US-61,Mediapolis,IA,3.349,41.00809,-91.16404
64871,STEWART ROAD FAST BREAK,CR-X61,Muscatine,IA,3.299,41.42447,-91.04321
64873,CUBBYS #2301,"I-29, EXIT 112",Onawa,IA,3.149,42.02665,-96.09724
64874,OSCEOLA TRAVEL PLAZA,"I-25, EXIT 33 & US-34",Osceola,IA,3.312,41.03389,-93.7655
64875,CASEYS #2598,"SR-163, EXIT 42",Pella,IA,3.199,41.40805,-92.91631
64876,PILOT #238,"I-29, EXIT 10",Percival,IA,3.799,40.74889,-95.81361
64877,CASEYS #3900,"US-218, EXIT 80 & SR-22",Riverside,IA,3.171,41.47974,-91.58128
64880,CASEYS #2487,US-71/SR-9,Spirit Lake,IA,3.382,43.42218,-95.10222
64881,SPARKYS ONE STOP #16,US-71 & SR-3,Storm Lake,IA,3.232,42.64109,-95.20972
64883,KUM & GO #1046,"I-80, EXIT 46 & CR-M47",Walnut,IA,3.109,41.47749,-95.22194
64884,SAPP BROS TRAVEL CENTER,US-61 & SR-78,Sioux City,IA,3.649,42.49999,-96.40031
64886,WEVER JUNCTION,US-61 & CR-X50,Wever,IA,3.399,40.7106,-91.23098
64887,COUNCIL FOOD AND FUEL,US-95,Council,ID,3.589,44.72989,-116.4382
64888,NOMNOM #21,US-95 & SR-13,Grangeville,ID,3.907,45.92655,-116.12237
64892,JACKSONS FOOD STORE #3,US-95,Wilder,ID,3.579,43.67655,-116.91182
64894,CIRCLE K #4701251,"I-55, EXIT 160B & SR-9",Bloomington,IL,3.399,40.4842,-88.99369
64902,DOWNS TRAVEL MART,"I-74, EXIT 142",Downs,IL,3.499,40.39698,-88.87063
64907,FREEDOM OIL #77,"I-74, EXIT 112 & SR-117",Goodfield,IL,3.659,40.62976,-89.27481
64913,Circle K #4701331,US-136 & US-67,Macomb,IL,3.499,40.45921,-90.6718
64914,Martinsville Food and Fuel,"I-70, EXIT 136",Martinsville,IL,3.489,39.33559,-87.88198
64920,KWIK STAR #1530,"I-88/SR-110, EXIT 76 & SR-251",Rochelle,IL,3.499,41.92392,-89.06871
64928,SPEEDWAY #1432,"I-294, EXIT 22",Willow Springs,IL,3.859,41.74087,-87.86033
64929,KARTAR TRUCK STOP,"I-74, EXIT 32 & SR-17",Woodhull,IL,3.599,41.17893,-90.31596
64930,THORNDALE SHELL,"I-290, EXIT 5",Wood Dale,IL,3.459,41.96336,-87.97896
64933,MCCLURE OIL #66,US-33/US-27,Decatur,IN,3.699,40.8306,-84.92913
64938,FAMILY EXPRESS #41 (DISCOUNT AVAILABLE),US-52,Lafayette,IN,3.432,40.4167,-86.87529
64939,FAMILY EXPRESS #27 (DISCOUNT AVAILABLE),US-421,Medaryville,IN,3.649,41.0806,-86.89196
64946,MORNING STAR AUTO TRUCK PLAZA,"I-69, EXIT 334 & US-6",Waterloo,IN,3.699,41.43199,-85.01997
64949,PETES #36,US- 54 & US-169,Iola,KS,3.206,37.92448,-95.39998
64950,CASEYS #2957,US-73 & US-36,Hiawatha,KS,3.151,39.8525,-95.53582
64952,AMPRIDE,US-160,Johnson,KS,3.399,37.57057,-101.751
64961,SAC AND FOX TRUCK STOP,US-75,Powhattan,KS,2.984,39.76167,-95.62998
64963,FLINT HILLS ONE STOP,US-50,Strong City,KS,2.919,38.39724,-96.53695
64964,U PUMP IT,US-83 & US-56,Sublette,KS,3.679,37.48169,-100.84377
64969,ALLSTAR FOOD MART,SR-55,Campbellsville,KY,3.159,37.3434,-85.34191
64980,DOUBLE KWIK MARKET #1044,SR-15/SR-7/SR-160,Isom,KY,3.749,37.18788,-82.89877
64982,FAS MART #5260,SR-9 & US-68/US-62/SR-10,Maysville,KY,3.364,38.64119,-83.74437
64984,DOUBLE KWIK MARKET #1062,"I-75, EXIT 104",Nicholasville,KY,3.499,37.88063,-84.573
64990,LAKE COUNTRY OUTDOORS,SR-127,Russell Springs,KY,3.199,37.05618,-85.08857
64994,E Z STOP,SR-555 & SR-9002,Willisburg,KY,3.379,37.80979,-85.12635
64996,AVONDALE TRUCK STOP,SR-90,Westwego,LA,3.449,29.90604,-90.1423
64998,CM BAYOU VISTA,US-90,Morgan City,LA,3.399,29.69937,-91.20677
64999,I 220 TRAVEL PLAZA,"I-270, EXIT 17A & US-80/US-79",Bossier City,LA,2.992,32.51599,-93.73212
65000,SILVERS TRAVEL CENTER,"I-10, EXIT 109",Breaux Bridge,LA,3.369,30.27353,-91.89928
65002,FOOD N FUN #11,US-90 & SR-92-1,Broussard,LA,3.302,30.14715,-91.96123
65005,USA TRAVEL CENTER,"I-20, EXIT 103/US-80",Calhoun,LA,3.216,32.51265,-92.35847
65006,GOLDMINE TRUCKSTOP,US-190,Eunice,LA,3.199,30.49437,-92.41763
65007,GOLDEN GROVE TRUCK PLAZA,SR-641 & SR-3125,Gramercy,LA,3.419,30.04742,-90.68981
65008,BIG WHEELS TRAVEL CENTER,"US-90, EXIT 204 & SR-316",Gray,LA,3.499,29.69771,-90.78648
65011,PLANTATION TRUCK PLAZA,SR-311 & SR-664,Houma,LA,3.116,29.59577,-90.71953
65017,Y NOT STOP MANSURA,SR-1,Mansura,LA,3.399,31.05797,-92.04901
65019,Hwy 31 Truck Stop,SR 31,Saint Martinville,LA,3.329,30.1252,-91.83345
65021,OPELOUSAS 190 TRUCK STOP,US-190,Opelousas,LA,2.871,30.53353,-92.08151
65022,CM RACELAND,SR-1,Raceland,LA,3.299,29.72743,-90.59898
65023,SHOP RITE #85,"I-10, EXIT 87 AT MILE 87",Rayne,LA,3.149,30.23493,-92.26846
65025,ELSIE AUTO AND TRUCK PLAZA,SR-1,Shreveport,LA,2.949,32.52515,-93.75018
65026,TA ST Rose #06480,US-61,Saint Rose,LA,3.226,29.94687,-90.32313
65027,STARKS TRUCK STOP,SR-12,Starks,LA,3.599,30.31548,-93.66183
65030,CASH MAGIC THIBODAUX,SR-1,Thibodaux,LA,3.399,29.79576,-90.82287
65033,PILOT TRAVEL CENTERS #457,"I-75, EXIT 135",Beaverdam,OH,3.331,40.83339,-83.97661
65036,WAVERLY TRUCKSTOP,"I-20, EXIT 157 & SR-577",Delhi,LA,2.964,32.45764,-91.49317
65037,CIRCLE K #2707783,"I-20, EXIT 114 & SR-617",West Monroe,LA,2.957,32.51848,-92.14764
65048,Irving,SR-2,Westminster,MA,3.749,42.54592,-71.91063
65059,ROYAL FARMS #111,"I-95, EXIT 57",Baltimore,MD,3.209,39.29038,-76.61219
65062,AC & T BIG POOL,"I-70, EXIT 12 & SR-56",Big Pool,MD,3.659,39.62371,-78.01583
65064,A C AND T SHARPSBURG PIKE,"I-70, EXIT 29A & SR-65",Hagerstown,MD,3.799,39.64176,-77.71999
65066,HURLOCK CITGO,SR-392 & SR-331,Hurlock,MD,3.259,38.62428,-75.85438
65067,SUNOCO,US-301,Newburg,MD,3.379,38.37735,-76.95331
65069,CIRCLE K #4707056,"I-95, EXIT 75",Auburn,ME,3.899,44.09785,-70.23117
65074,CIRCLE K #4707004,"I-95, EXIT 244 & SR-157",Medway,ME,3.502,45.60894,-68.53086
65075,CIRCLE K #4707017,"I-95, EXIT 48",Portland,ME,3.742,43.65737,-70.2589
65083,SUNOCO,"I-75, EXIT 34B",Riverview,MI,3.639,42.17421,-83.17937
65084,BEACON & BRIDGE #19,US-131 & SR-115,Cadillac,MI,3.239,44.25195,-85.40116
65086,FRED MOORE BP,"I-94, EXIT 257",Casco,MI,4.099,42.75253,-82.67158
65088,Circle K #2746528,US-41/SR-28 & SR-95,Champion,MI,3.819,46.51382,-87.96347
65091,WYOMING FUEL PLAZA,"I-94, EXIT 210A",Dearborn,MI,3.599,42.32226,-83.17631
65092,BP,"I-94 & US-12, EXIT 210",Dearborn,MI,3.199,42.32226,-83.17631
65094,MARATHON,"I-75 & SR-32, EXIT 282",Gaylord,MI,3.799,45.02751,-84.67475
65108,PICKLEMANS ONE STOP-ZEPHYR,ST 28,Newberry,MI,3.699,46.355,-85.50956
65113,NORTHWIND TRAVEL CENTER,"US-131, EXIT 153 & US-10",Reed City,MI,3.499,43.87502,-85.51005
65121,BP TRAVEL CENTER AND TRUCK PLAZA,"I-275, EXIT 20",Belleville,MI,4.199,42.20476,-83.48521
65127,PITSTOP MOBIL MART,"I-196, EXIT 72",Wyoming,MI,3.549,42.91336,-85.70531
65129,HOLIDAY STATIONSTORE #2746345,"I-94, EXIT 103/US-52 & SR-29",Alexandria,MN,3.499,45.88524,-95.37754
65132,PETES PLACE SOUTH,US-71 & US-2,Bemidji,MN,3.416,47.47356,-94.88028
65135,CIRCLE K #3819,SR-7,Clara City,MN,3.332,44.95496,-95.3664
65136,HOLIDAY STATIONSTORE #2746422,"I-35, EXIT 253B",Duluth,MN,3.499,46.78327,-92.10658
65141,KWIK TRIP #619,US-14 & ST-57,Kasson,MN,3.549,44.02996,-92.75074
65142,HOLIDAY STATIONSTORE #2746376,"I-35W, EXIT 36 & CR-23",Circle Pines,MN,3.549,45.14858,-93.15161
65153,7Fleet #46516,"I-75, EXIT 164",Waite Park,MN,3.459,45.55719,-94.22416
65162,Petro Mart #15,I-270 EXIT 33,Saint Louis,MO,2.904,38.62727,-90.19789
65165,AMERIMART # 11,US-61,Jackson,MO,3.299,37.38227,-89.66621
65171,SIGNAL FOOD STORE #110,US-60 & SR-5,Mansfield,MO,3.026,37.10672,-92.58072
65177,KUM & GO #0497,US-60/SR-413 & CR-M,Republic,MO,3.079,37.12005,-93.48019
65178,WILD BILLS TRAVEL CENTER,US-65 & SR-14,Ridgedale,MO,3.199,36.50395,-93.22379
65180,TREX MART #11,"I-29, EXIT 65 & US-59",Savannah,MO,2.999,39.94166,-94.83025
65188,GAS MART,"US-78, EXIT 14 & SR-309",Byhalia,MS,2.972,34.87232,-89.69064
65192,CIRCLE K #2723396,US-49,Collins,MS,3.879,31.64544,-89.55535
65194,CIRCLE K #2723401,US-98 BYP/SR-44 & SR-13,Columbia,MS,3.332,31.25184,-89.83758
65197,SINGH PETRO,US-11,Ellisville,MS,3.059,31.60405,-89.19561
65198,CIRCLE K #2723437,US-49,Florence,MS,2.896,32.15348,-90.1312
65204,SHELL GAS MART,US-82,Mathiston,MS,3.366,33.54012,-89.12423
65212,Taters #2,US-98 & SR-29,New Augusta,MS,3.316,31.20263,-89.03668
65213,CIRCLE K #2723390,US-98,New Augusta,MS,3.199,31.20263,-89.03668
65214,NEWTON CROSSING,"I-20, EXIT 109 & SR-15",Newton,MS,3.249,32.32126,-89.16339
65216,STUCKEYS EXPRESS,US-43S,Pelahatchie,MS,3.199,32.31292,-89.79841
65221,CEFCO #544,"I-55/US-51, EXIT 81",Terry,MS,2.899,32.09626,-90.29426
65223,SHELL EXPRESS MART,SR-7 & SR-315,Water Valley,MS,3.066,34.1515,-89.63147
65225,CIRCLE K #2723402,US-49,Wiggins,MS,3.509,30.85824,-89.13533
65234,COUNTRY MART,US-13/SR-11,Bethel,NC,3.007,35.8071,-77.37886
65241,CIRCLE K #2723474,US-70,Goldsboro,NC,3.541,35.38488,-77.99277
65246,DOBBS PLACE,"I-95, EXIT 17",Lumberton,NC,3.159,34.61834,-79.01045
65250,CIRCLE K #2723473,US-70,Morehead City,NC,3.649,34.72294,-76.72604
65251,SPEEDWAY #8277,US-17 & SR-43,New Bern,NC,3.266,35.10849,-77.04411
65252,SPEEDWAY #6964,SR-125 & SR-11/SR-42,Oak City,NC,3.197,35.96377,-77.30802
65267,CIRCLE K #2720939,"I-795/US-264, EXIT 43A & US-301",Wilson,NC,3.049,35.72127,-77.91554
65268,SPEEDWAY #6931,"I-40, EXIT 195 & SR-109",Winston Salem,NC,3.609,36.09986,-80.24422
65270,INTERSTATE CENEX,"I-94, EXIT 1 & SR-16",Beach,ND,3.499,46.91807,-104.00437
65273,SIMONSON TRAVEL CENTER,"I-29, EXIT 141 & US-2",Grand Forks,ND,3.539,47.92526,-97.03285
65274,CENEX C STORE,US-2 & SR-3,Rugby,ND,3.399,48.36889,-99.99625
65282,HEBRON SINCLAIR,US-81,Hebron,NE,3.284,40.16639,-97.58588
65283,CUBBYS #2107,US-20/SR-15,Laurel,NE,3.139,42.42944,-97.08977
65284,Caseys #4526,"I-80, EXIT 237",Lexington,NE,3.057,40.78084,-99.7415
65287,AM ENERGY,"I-80, EXIT 248",Overton,NE,2.899,40.73862,-99.53761
65289,SHOEMAKERS SOUTH,US-77,Roca,NE,3.349,40.6575,-96.65807
65290,ESSENTIAL FUEL #3,ST 71,Scottsbluff,NE,3.599,41.86663,-103.66717
65292,CUBBYS #117,SR-2 & SR-50,Syracuse,NE,3.319,40.65722,-96.1864
65293,TRAILS WEST SINCLAIR,US-34 & SR-25,Trenton,NE,3.499,40.17555,-101.01294
65294,PRIME STOP,ST 35,Wayne,NE,3.244,42.23056,-97.01782
65296,CIRCLE K #4707214,"I-93, EXIT 12S & I-89 & SR-3A",Bow,NH,4.199,43.13203,-71.54924
65299,EPPING FUELING CENTER,SR-27 & SR-125,Epping,NH,4.029,43.03342,-71.07423
65308,SUNOCO,SR-17,East Rutherford,NJ,3.192,40.83399,-74.09709
65310,Edison Fuel Stop,US-1,Edison,NJ,3.159,40.51872,-74.4121
65314,Union 76,"I-55, EXIT 50A",Richwood,NJ,3.399,39.72261,-75.16546
65315,SUNOCO- RICHARD STOCKTON PLAZA #7009,NJ TURNPIKE MILE POST 58.7,Trenton,NJ,3.899,40.21705,-74.74294
65319,PHILLIPS 66,US-30,Clementon,NJ,3.199,39.8115,-74.98294
65320,PILOT #891,"I-80, EXIT 27B",Ledgewood,NJ,4.099,40.88121,-74.65599
65328,THIND TRAVEL PLAZA,SR-20,North Bergen,NJ,3.259,40.80427,-74.01208
65329,UTE MOUNTAIN TRAVEL CENTER,US-160 & US-491,Towaoc,CO,3.457,37.20444,-108.72954
65332,BETTY ROSS TRUCK STOP /BP,US-130 & SR-73,Pennsauken,NJ,3.329,39.95622,-75.05795
65334,SUNOCO,US 22 WEST,Phillipsburg,NJ,3.329,40.69371,-75.19018
65335,CONOCO,US-22,Phillipsburg,NJ,3.359,40.69371,-75.19018
65338,SWIFT FUEL STOP,"I-78, EXIT 13",Newark,NJ,3.879,40.73566,-74.17237
65339,US GAS & DIESEL,US-46,Ridgefield,NJ,3.229,40.83427,-74.00875
65343,ENRITE,"I-287, EXIT 4",South Plainfield,NJ,3.999,40.57927,-74.41154
65345,SOUTH BRUNSWICK VALERO,US-130,North Brunswick,NJ,3.166,40.454,-74.482
65350,Phillips 66,"I-295, EXIT 1",Vineland,NJ,3.359,39.48623,-75.02573
65351,RIGGINS TRUCK PLAZA,"I-55, EXIT 26",Vineland,NJ,3.269,39.48623,-75.02573
65353,SUNOCO- GROVER CLEVELAND TRAVEL PLAZA #7014,"NORTH NJ TNPK, EXIT 11",Woodbridge,NJ,3.899,40.5576,-74.28459
65359,ROAD RUNNER TRAVEL CENTER,"I-25, EXIT 156",Lemitar,NM,3.299,34.15979,-106.91031
65360,Roswell #60,US-285,Roswell,NM,3.366,33.39437,-104.52491
65361,BLACK MESA TRAVEL CENTER,"I-25, EXIT 252",Algodones,NM,3.269,35.38059,-106.47919
65365,CHEVRON #381125,US-95,Hawthorne,NV,4.079,38.52464,-118.62458
65373,CHAMPLAIN PETERBILT FUEL MART,"I-87, EXIT 43",Champlain,NY,3.799,44.98643,-73.44653
65377,PETROL 9 W,US-9W,Glenmont,NY,3.699,42.6048,-73.76957
65379,MIRABITO #74,"SR-79 N/I-88E, EXIT 6",Harpursville,NY,4.659,42.17841,-75.62463
65381,NATIVE PRIDE,"I-90, EXIT 58 & US-20",Irving,NY,2.899,42.56756,-79.11282
65383,M AND M ALLEGANY JUNCTION,"I-86/SR-17, EXIT 23 & US-219/US-219 BUS",Limestone,NY,3.129,42.02729,-78.62947
65386,MIRABITO #73,"I-88, EXIT 12",Otego,NY,3.999,42.3973,-75.1735
65387,MAPLEFIELDS,SR-22 & SR-442,Peru,NY,3.799,44.57838,-73.5268
65392,CIRCLE K #4707622,"I-90, EXIT 41",Seneca Falls,NY,3.999,42.91062,-76.79662
65395,BELLSTORES #132,US-30 & SR-60,Ashland,OH,3.499,40.86867,-82.31822
65398,QUICK FUEL #2306,"I-480, EXIT 12",Brookpark,OH,3.669,41.39838,-81.80458
65400,NORTHSIDE FUEL STOP,US-30 & SR-19,Bucyrus,OH,3.507,40.80839,-82.97546
65406,MOBIL,"I-90/SR-2, EXIT 182B",Cleveland,OH,3.766,41.4995,-81.69541
65411,CLARKS PUMP N SHOP #10,SR- 32,Jackson,OH,3.699,39.05202,-82.63655
65415,SPEEDWAY #9314,US-20 & SR-21,Massillon,OH,3.482,40.79672,-81.52151
65423,BARNEYS CONVENIENCE MART #15,"I-75, EXIT 195 & I-90, EXIT 64 & SR-795",Rossford,OH,3.599,41.60977,-83.56438
65426,CIRCLE K #4705357,US-23 & SR-316,Ashville,OH,3.089,39.71562,-82.95296
65431,QUICK MART AND MORE,US-22 & SR-43,Steubenville,OH,3.639,40.36979,-80.63396
65441,HUTCH'S #103,SR-6 & SR-66,Elk City,OK,2.969,35.41199,-99.40426
65444,TXB #24 dba Kwik Chek Food Stores,US-70,Hugo,OK,2.969,34.01066,-95.50968
65445,QWIK CHEQUE,US-70 & SR-37,Idabel,OK,3.199,33.89566,-94.82633
65451,Petes #15,US-169 & SR-88,Oologah,OK,3.159,36.44704,-95.70832
65457,THACKERSVILLE TRAVEL PLAZA,"I-35, EXIT 1",Thackerville,OK,2.932,33.79344,-97.14307
65490,PILOT TRAVEL CENTER #422,"I-85, EXIT 41 & US-29",Newnan,GA,3.699,33.38067,-84.79966
65494,FLYING J TRAVEL PLAZA #633,"I-20, EXIT 138",Union Point,GA,3.859,33.61568,-83.0746
65513,GETGO #3602,"I-76, EXIT 146 & I-99, EXIT 1 & US-220",Bedford,PA,4.092,40.01869,-78.50391
65514,ONVO TRAVEL PLAZA,"I-78, EXIT 13 & SR- 501",Bethel,PA,3.347,40.47454,-76.29134
65521,RUTTERS #17,US-15 & SR-234,East Berlin,PA,4.294,39.9376,-76.97859
65522,TURKEY HILL #950324,US-322 & SR-23/SR-897,East Earl,PA,3.786,40.1101,-76.03272
65523,SAC SHOP #512,US-30,Everett,PA,4.099,40.01147,-78.37335
65524,SAC SHOP #514,I-76/I-70 & US-30,Everett,PA,4.099,40.01147,-78.37335
65525,SHELL,"I-95, EXIT 46A & US-1",Fairless Hills,PA,3.899,40.17955,-74.85516
65527,SUNOCO SERVICE STATION,"I-81, EXIT 5",Greencastle,PA,3.899,39.79037,-77.72777
65530,7-ELEVEN #40284,"I-76, EXIT 19/247",Hershey,PA,3.967,40.28592,-76.65025
65532,PILOT TRAVEL CENTERS #1,"I-80,  EXIT 173",Mill Hall,PA,4.016,41.10729,-77.48443
65533,LIBERTY EXXON,US-15 & SR-414,Liberty,PA,3.699,40.32535,-79.85616
65537,SHEETZ #048,US-22,Nanty Glo,PA,3.517,40.47229,-78.83336
65538,WELMART,"SR-28, EXIT 16",Natrona Heights,PA,4.192,40.6234,-79.72977
65549,T&C MINI MART,SR-33 & SR-191,Stockertown,PA,3.699,40.75399,-75.26212
65552,A PLUS MINI MARKET,US-1 & SR-132,Feasterville Trevose,PA,3.899,40.15242,-74.98655
65556,RUTTERS #60,US-30 & SR-116,York,PA,4.249,39.9626,-76.72774
65572,CIRCLE K #2705377,"I-20, EXIT 22 & US-1",Aiken,SC,3.129,33.56042,-81.71955
65573,SPEEDWAY/7fleet #4587,US-501,Aynor,SC,3.124,33.99989,-79.19949
65578,CIRCLE K #2723355,US-52,North Charleston,SC,3.399,32.85462,-79.97481
65587,HOT SPOT #2022,US-25/US-76,Honea Path,SC,2.909,34.4465,-82.39151
65588,SPEEDWAY #2836,US-17,Johns Island,SC,3.069,32.769,-80.102
65593,CIRCLE K #2723441,"I-82, EXIT 73 & SR-773",Prosperity,SC,3.116,34.20931,-81.53316
65594,PILOT #4567,I-77 EXIT 77,Rock Hill,SC,3.149,34.92487,-81.02508
65598,LEES QUICK STOP,US-52 & SR-45,Saint Stephen,SC,3.416,33.40433,-79.92174
65603,JET TRUCK PLAZA,"I-29, EXIT 47",Beresford,SD,3.159,43.08054,-96.77366
65604,SHELL,"I-29, EXIT 132",Huron,SD,3.359,44.36332,-98.21426
65608,ZIP TRIP #81,"I-29, EXIT 62 & US-18",Lennox,SD,3.204,43.35415,-96.892
65614,281 TRAVEL CENTER,US-281,Wolsey,SD,3.089,44.40776,-98.47482
65622,QUICK STOP #34,US-11/SR-1,Bristol,TN,3.299,36.59511,-82.18874
65624,Sudden Service #61,SR-149 & SR-46,Cumberland City,TN,3.564,36.39339,-87.63641
65625,Chevron,US-64,Fayetteville,TN,3.754,35.15203,-86.57055
65629,CASEYS GOODSTOP #4036,"I-40, EXIT 355",Kingston,TN,3.164,35.88091,-84.50854
65639,SPEEDWAY #7138,"I-24, EXIT 70 & SR-102",Smyrna,TN,3.049,35.98284,-86.5186
65641,ALLSUPS CONVENIENCE STORE #2331,I-20 & FM 600,Abilene,TX,2.876,32.44874,-99.73314
65652,CIRCLE K #2706343,"I-20, EXIT 428",Fort Worth,TX,2.969,32.72541,-97.32085
65659,ALLSUPS CONVENIENCE STORE #2169,US-287,Chillicothe,TX,2.896,34.25647,-99.51676
65666,FUEL CITY #2,"I-30, EXIT 45B/I-35E",Dallas,TX,2.966,32.78306,-96.80667
65667,ALLSUPS CONVENIENCE STORE #2103,US-287/US-81,Decatur,TX,2.899,33.23428,-97.58614
65671,SUPER STOP #22,SR-87 & SR-12,Orange,TX,3.439,30.09299,-93.73655
65673,PILOT #894,US-57 & US-277,Eagle Pass,TX,3.899,28.70914,-100.49952
65674,VALLEY MART #09,US-277,Eagle Pass,TX,3.199,28.70914,-100.49952
65678,ONE9 #1300,US-287 & SR-34,Ennis,TX,2.869,32.32931,-96.62527
65683,ALLSUPS CONVENIENCE STORE #2225,US-60,Friona,TX,2.999,34.64173,-102.7241
65686,CEFCO #2004,"I-35 , EXIT 499",Vernon,TX,2.861,34.15536,-99.26628
65690,CIRCLE G TRUCK STOP,US-183 & SR-97,Gonzales,TX,2.799,29.50163,-97.45249
65691,CIRCLE K #2704037,US-90/SR-97 & US-183,Gonzales,TX,2.904,29.50163,-97.45249
65721,Paradise RV & Truck Park,US-287/US-81,Alvord,TX,2.816,33.35845,-97.69475
65724,STRIPES 7FLEET #42427,US-385 & SR-191,Odessa,TX,3.289,31.84568,-102.36764
65728,RIVER MART,US-281/SR-241,Pharr,TX,3.349,26.1948,-98.18362
65738,CIRCLE K #2741499,SR-35 & FM-1069,Rockport,TX,2.806,28.02077,-97.05601
65755,CIRCLE K #2723373,US-11 & SR-622,Atkins,VA,3.349,36.86734,-81.42344
65759,XPRESS STOP,US-522 & SR-694,Cross Junction,VA,3.332,39.32038,-78.29334
65761,NEW DIXIE MART #15,US-58 & SR-671,Franklin,VA,3.099,36.67765,-76.92246
65762,7-ELEVEN #34516,"I-66, EXIT 6",Front Royal,VA,3.526,38.91817,-78.19444
65764,LEESBURG CITGO,US-15,Leesburg,VA,3.499,39.11566,-77.5636
65765,FOSTERS CONVENIENCE STORE,US-29 & SR-685,Rustburg,VA,3.599,37.27681,-79.10085
65767,STATELINE FOOD MART #69,US-23,Pound,VA,3.599,37.12371,-82.60127
65771,CITGO,"I-91, EXIT 3 & US-5",Brattleboro,VT,3.672,42.85092,-72.55787
65789,BEAR CREEK CITGO,US-45 & SR-76/SR-22,Bear Creek,WI,3.439,44.53137,-88.72649
65791,EDGAR TRAVEL CENTER,SR-29 & CR-H,Edgar,WI,3.559,44.92719,-89.96346
65793,KWIK TRIP #921,SR-13 & SR-21,Friendship,WI,3.274,43.97053,-89.81679
65794,BP,"I-43, EXIT 180",Green Bay,WI,3.349,44.51916,-88.01983
65796,ADDISON STATION,"I-41/US-41, EXIT 68 & CR-K",Hartford,WI,3.149,43.31778,-88.37899
65800,BP,US-45,Kewaskum,WI,3.219,43.52083,-88.22899
65804,KWIK TRIP #628,US-45,Larsen,WI,3.432,44.19165,-88.624
65805,HI WAY HOP BP,"I-42/US-41, EXIT 85 & SR-67",Lomira,WI,3.099,43.59138,-88.44371
65806,SHELL,US-41 & SR-67,Lomira,WI,3.389,43.59138,-88.44371
65809,KWIK TRIP #399,SR-21 & SR-80,Necedah,WI,3.249,44.02608,-90.07402
65810,HIGHWAY HARRY'S,I-90/I-94 EXIT 61 & SR-80,New Lisbon,WI,3.172,43.87914,-90.16541
65812,PLAINFIELD PLAZA,SR-73 & I-39,Plainfield,WI,3.291,44.21386,-89.49234
65813,KWIK TRIP #683,"I-39, EXIT 92 & US-51",Portage,WI,3.249,43.53915,-89.46262
65814,Kracheys BP Truck Stop,US-18 & SR-35,Prairie Du Chien,WI,3.574,43.05165,-91.14124
65817,TREGO TRAVEL CENTER,US-53 & CR-E,Trego,WI,3.582,45.89967,-91.82101
65818,KWIK TRIP #1048,"I-90, EXIT 12",West Salem,WI,3.317,43.89913,-91.08125
65820,KWIK TRIP #673,"I-90 & SR-19, EXIT 131",Windsor,WI,3.254,43.21833,-89.34151
65822,RSTORE #4499,US-45 & SR-29,Wittenberg,WI,3.156,44.8272,-89.16956
65824,CHANEYS SERVICE STATION,US-30 & SR-2,Chester,WV,3.799,40.61312,-80.56285
65828,PAR MAR FOOD STORE #52,US-50 & CR-50/16,West Union,WV,4.099,39.29647,-80.77705
65831,Hat Six Travel Center,"I-25/US-87, EXIT 182 & SR-253/SR-256",Evansville,WY,3.999,42.85997,-106.26836
65835,SOUTHSIDE TRAVEL CENTER,US-20/SR-789,Thermopolis,WY,3.799,43.64607,-108.21204
65836,PILOT TRAVEL CENTERS #434,"I-35W, EXIT 65",Fort Worth,TX,3.264,32.72541,-97.32085
65837,PILOT TRAVEL CENTERS #455,"I-71, EXIT 140",Marengo,OH,3.719,40.40089,-82.81073
65842,AM PM TRAVEL CENTER,US-1/SR-4,Blythe,GA,3.599,33.29264,-82.20151
65847,ROAD RANGER #132,"I-57, EXIT 240",Champaign,IL,3.409,40.11642,-88.24338
65848,Mobil,I-475,Flint,MI,3.199,43.01253,-83.68746
65849,PS FOOD MART #1034,"I-94, EXIT 110 & US-27",Marshall,MI,3.429,42.27226,-84.96331
65857,PILOT TRAVEL CENTERS #199,"I-20, EXIT 33",Haughton,LA,3.146,32.53265,-93.50406
65858,SPEEDWAY #6661,"I-94, EXIT 40  & US-20 & US-35",La Porte,IN,3.599,41.60774,-86.71389
65859,SPEEDWAY #6662,US-20 & SR-15,Bristol,IN,3.549,41.72144,-85.81749
65860,LOVES TRAVEL STOPS #283,"E I-30 & FM 549, EXIT 70",Rockwall,TX,3.049,32.93123,-96.45971
65862,PILOT TRAVEL CENTERS #396,"I-81, EXIT 213",Staunton,VA,3.659,38.14991,-79.0732
65863,VALERO,SR-31,Clinton,NJ,3.359,40.63677,-74.90989
65866,FLYING J TRAVEL PLAZA #710,"I-81, EXIT 219",New Milford,PA,4.176,41.87258,-75.72713
65868,7-ELEVEN #36073,"I-77, EXIT 54 & US-21",Statesville,NC,2.879,35.78264,-80.8873
65873,PILOT TRAVEL CENTER #4619,"I-81 & I-77, EXIT 77",Wytheville,VA,3.551,36.94845,-81.08481
65880,MR FUEL DBA ONE9 #1245,"I-55, EXIT 52 & SR-16",Litchfield,IL,3.199,39.17533,-89.65426
65883,FLYING J TRAVEL PLAZA #647,"I-64, EXIT 25 & US-41",Haubstadt,IN,3.959,38.20504,-87.57419
65885,LOVES TRAVEL STOP #299,"US-75, EXIT 48 & SR-455",Anna,TX,3.197,33.349,-96.5486
65909,7-Eleven/7FLEET #40496,"I-81, EXIT 47 & SR-12",Watertown,NY,4.149,43.97478,-75.91076
65912,ATOKA FUEL,US-75/US-69/SR-3,Atoka,OK,3.179,34.38593,-96.12833
65914,CASEYS #2732,US-30 & US-284/SR-2,Grand Island,NE,3.149,40.92501,-98.34201
65915,Marathon,"I-94/US-52, EXIT 346 & CR-17",West Fargo,ND,3.029,46.87497,-96.90036
65917,CUMBERLAND CORNER MART,SR-90 & US-127,Albany,KY,3.574,36.6909,-85.13468
65919,QUICK FUEL #5001,US-78/SR-4,Memphis,TN,3.026,35.14953,-90.04898
65935,MAIN ST JUNCTION,SR-14 & SR-15,Louisville,MS,3.099,33.12374,-89.05506
65962,CIRCLE K #2705937,US-301/SR-35 & SR-50,Dade City,FL,3.332,28.36472,-82.19592
65969,PILOT  #1105,SR-29 & SR-182,Bunkie,LA,3.212,30.95325,-92.18263
65974,BEACON & BRIDGE #13,"US-127, EXIT 117",Ithaca,MI,3.649,43.2917,-84.6075
65978,KWIK TRIP #623,US-61,Minnesota City,MN,3.399,44.09385,-91.7496
65983,SPEEDWAY #6967,"US-17, EXIT 227 & SR-32",Edenton,NC,3.287,36.05794,-76.60772
65989,DANCING EAGLE,"I-40, EXIT 108",Casa Blanca,NM,3.359,35.0456,-107.47144
66014,BIG D TRAVEL CENTER,SR-12 & SR-183,Irving,TX,2.956,32.81402,-96.94889
66015,LOVES TRAVEL STOP #298,"I-35, EXIT 39 & SR-44",Encinal,TX,3.589,28.04112,-99.35448
66016,FLYING J TRAVEL PLAZA #660,"I-64, EXIT 185 & SR-180",Catlettsburg,KY,3.766,38.4048,-82.60044
66017,FLYING J TRAVEL PLAZA #626,"I-95/SR-9, EXIT 305 & SR-206",Saint Augustine,FL,3.449,29.89469,-81.31452
66020,LOVES TRAVEL STOP #221,I-70 EXIT 160,Zanesville,OH,3.482,39.94035,-82.01319
66021,LOVES TRAVEL STOP #238,"I-65, EXIT 116 & SR-480",Shepherdsville,KY,3.599,37.9884,-85.71579
66022,PILOT TRAVEL CENTER #459,"I-10, EXIT 133",Avondale,AZ,3.587,33.4356,-112.3496
66023,SAPP BROS TRAVEL CENTER,"I-29, EXIT 10 & SR-2",Percival,IA,3.789,40.74889,-95.81361
66024,LOVES TRAVEL STOP #239,"I-81/US-11, EXIT 84 & SR-619",Max Meadows,VA,3.545,36.9704,-80.94953
66025,SPACE AGE TRAVEL CENTER,"I-84, EXIT 183 & SR-207",Hermiston,OR,3.332,45.84041,-119.28946
66026,FLYING J TRAVEL PLAZA #643,"I-70 & I-57, EXIT 160",Effingham,IL,3.299,39.12004,-88.54338
66029,Roady's Lucky Deuces,"I-10, EXIT 92 & SR-95",Duson,LA,3.036,30.23576,-92.1854
66030,Colfax Travel Center,"I-80, EXIT 159 & SR-117",Colfax,IA,3.149,41.67777,-93.2452
66031,WILCO FAST BREAK,US-61/US-24,Palmyra,MO,3.119,39.79421,-91.52321
66034,FAS MART #5134,"I-72, EXIT 144 S",Decatur,IL,3.459,39.84031,-88.9548
66035,ROAD RANGER #136,"I-90, EXIT 147",Cottage Grove,WI,3.544,43.07611,-89.19956
66036,FLYING J TRAVEL PLAZA #602,"I-65, EXIT 264",Birmingham,AL,3.559,33.52066,-86.80249
66037,TA PRESCOTT TRAVEL CENTER,"I-30, EXIT 44",Prescott,AR,3.502,33.80261,-93.38101
66038,FLYING J #1043,"I-15, EXIT 113",Idaho Falls,ID,3.699,43.46658,-112.03414
66039,LOVES TRAVEL STOP #237,"I-20, EXIT 171 & US-65",Tallulah,LA,3.259,32.40848,-91.18678
66040,LOVES TRAVEL STOP #272,"I-40 & DW (RANCH RD), EXIT 59",Kingman,AZ,3.856,35.18944,-114.05301
66041,PILOT TRAVEL CENTERS #195,"I-84, EXIT 104 & US-97",Wasco,OR,3.866,45.59179,-120.69811
66042,FLYING J TRAVEL PLAZA #707,"I-80, EXIT 78",Brookville,PA,4.034,41.16117,-79.08309
66043,LOVES TRAVEL STOPS #216,US-67 & US-287,Midlothian,TX,3.199,32.48236,-96.99445
66044,TA TAMPA TRAVEL CENTER,"I-4, EXIT 10",Seffner,FL,3.396,27.98363,-82.27565
66045,FLYING J TRAVEL PLAZA #698,"I-71, EXIT 69",Jeffersonville,OH,3.399,39.65367,-83.56381
66046,PETRO STOPPING CENTER #345,I-69 EXIT357,Fremont,IN,3.899,41.73088,-84.93274
66050,PILOT TRAVEL CENTERS #130,"I-77, EXIT 145",Richfield,OH,3.799,41.23978,-81.63818
66051,Caseys #4419,I-165 EXIT 5,Bowling Green,KY,3.026,36.99032,-86.4436
66054,LOVES TRAVEL STOP #220,"I-25/US-87, EXIT 7 & SR-212",Cheyenne,WY,3.709,41.13998,-104.82025
66055,WINDMILL BP,"US-20, EXIT 208 & SR-14",Holland,IA,3.599,42.39887,-92.80048
66056,PILOT TRAVEL CENTERS #114,"I-40, EXIT 320",Crossville,TN,3.246,35.94896,-85.0269
66057,ROAD RANGER #205,"I-90, EXIT 1",South Beloit,IL,3.469,42.49307,-89.03678
66059,TIME OUT TRAVEL CENTER,"I-40, EXIT 432-B",Newport,TN,2.966,35.96704,-83.18766
66061,FLYING J TRAVEL PLAZA #709,"I-80, EXIT 173",Mill Hall,PA,4.016,41.10729,-77.48443
66062,FLYING J TRAVEL PLAZA #716,"I-29, EXIT 83",Sioux Falls,SD,3.899,43.54369,-96.72796
66065,LOVES TRAVEL STOP #321,"SR 770 & I-75 , EXIT 29",Corbin,KY,3.599,36.9487,-84.09688
66069,128 NEWTON GAS,"I-95, EXIT 20A/SR-128 & SR-9",Newton Lower Falls,MA,4.299,42.32926,-71.25367
66070,TAURO,"SR-78, EXIT 3",Phillipsburg,NJ,3.342,40.69371,-75.19018
66072,GENES GO TRUCK STOP,"I-10/US-83, EXIT 456 & US-377",Junction,TX,3.289,30.48936,-99.77201
66073,EXXON,"I-24 & HUSBAND ROAD, EXIT 11",Paducah,KY,3.157,37.08339,-88.60005
66074,HEARTLAND XPRESS,US-67 & SR-M,Poplar Bluff,MO,3.199,36.757,-90.39289
66075,CORNER MART #349,"I-26, EXIT 54 & SR-72",Clinton,SC,3.099,34.47263,-81.88066
66078,Amoco,I-40 EXIT 447,Hartford,TN,3.099,35.81676,-83.14321
66083,KANGAROO CROSSING,SR-35,Kosciusko,MS,3.199,33.058,-89.58956
66090,ROAD RANGER #267,US-281,Pharr,TX,3.564,26.1948,-98.18362
66091,KEYSVILLE SAV U TIME,US-360,Keysville,VA,3.399,37.04043,-78.48333
66093,KWIK TRIP #414,"I-90, EXIT 209A & US-63/SR-30",Stewartville,MN,3.557,43.85552,-92.48851
66099,NEW JERSEY TRUCK STOP DIESEL ONLY,"I-95, EXIT 15E & US-9/US-1",Kearny,NJ,3.759,40.76843,-74.14542
66100,CIRCLE K #2723692,"I-26, EXIT 213",North Charleston,SC,3.399,32.85462,-79.97481
66103,TERRIBLE HERBST #243,I-95 & SR-164,Searchlight,NV,3.832,35.46527,-114.9197
66106,FLYING J TRAVEL PLAZA #509,"I-15, EXIT 112",Beaver,UT,3.689,38.27691,-112.64105
66109,QUARTERS TRAVEL PLAZA,"I-49, EXIT 23 & US-167 /SR-744",Opelousas,LA,3.184,30.53353,-92.08151
66110,LOVES TRAVEL STOP #479,"I-29, EXIT143",Sioux City,IA,3.642,42.49999,-96.40031
66111,CROSSROADS EXPRESS,US-36 & US-83,Oberlin,KS,3.089,39.81834,-100.5282
66113,7-ELEVEN #39467,"I-95, EXIT 16E",Jersey City,NJ,3.259,40.72816,-74.07764
66114,LOVES TRAVEL STOP #235,"I-29 & US-169, EXIT 44",Saint Joseph,MO,3.332,39.76861,-94.84663
66115,FLYING J TRAVEL PLAZA #697,"I-80, EXIT 234B",Hubbard,OH,3.459,41.15645,-80.56924
66116,ONVO TRAVEL PLAZA - HARFORD,"I-81, EXIT 217 & SR-547",Harford,PA,3.589,41.7823,-75.70158
66117,ONVO TRAVEL PLAZA PINE GROVE,"I-81, EXIT 32",Pine Grove,PA,3.539,40.54842,-76.38468
66119,FLYING J TRAVEL PLAZA #645,"I-270 & SR-11, EXIT 6",Granite City,IL,3.559,38.70144,-90.14872
66120,LOVES TRAVEL STOP #306,"I-40/SR-66, EXIT 412",Dandridge,TN,3.689,36.01537,-83.41489
66121,ROAD RANGER #226,"I-65, EXIT 99",Greenwood,IN,3.601,39.61366,-86.10665
66122,ROAD RANGER #139,"I-57, EXIT 212",Tuscola,IL,3.229,39.7992,-88.2831
66123,ROAD RANGER #225,"I-80, EXIT 56",Princeton,IL,3.289,41.36809,-89.46481
66125,LOVES TRAVEL STOP #249,"I-55, EXIT 109",Williamsville,IL,3.389,39.95422,-89.54871
66126,LOVES TRAVEL STOP #209,"I-20, EXIT 3 & US-80 & SR-169",Greenwood,LA,3.134,32.44293,-93.97296
66131,SPEEDWAY #3446,"I-95, EXIT 10 & SR-440",Edison,NJ,3.586,40.51872,-74.4121
66133,LOVES TRAVEL STOPS #228,"I-4, EXIT 44",Polk City,FL,3.389,28.18251,-81.82397
66134,CIRCLE K #2721591,"I-10, EXIT 10 & US-29/SR-95",Pensacola,FL,3.222,30.42131,-87.21691
66135,CIRCLE K #2721592,"I-10, EXIT 5 & US-90 ALT",Pensacola,FL,3.222,30.42131,-87.21691
66136,CHOCTAW TRAVEL PLAZA #638,US-270 & US-59 & US-112,Poteau,OK,3.299,35.05371,-94.62356
66137,CIRCLE K #2721594,"I-10, EXIT 263",Slidell,LA,3.171,30.27519,-89.78117
66138,LOVES TRAVEL STOP #307,"I-75, EXIT 201",Jackson,GA,3.386,33.29457,-83.96602
66139,LOVES TRAVEL STOPS #305,"I-81, EXIT 291 & SR-651",Toms Brook,VA,3.649,38.9465,-78.43917
66141,QUICK FUEL #5102,"SR-826, EXIT NW 58TH ST",Miami,FL,3.389,25.77427,-80.19366
66142,QUICK FUEL #5106,SR-589 & SR-580,Tampa,FL,3.492,27.94752,-82.45843
66149,QUICK FUEL #5105,"I-75, EXIT W BRANDON BLVD",Tampa,FL,3.501,27.94752,-82.45843
66152,Flying J Travel Plaza #656,"I-65, EXIT 95 & CR-500",Whiteland,IN,3.959,39.55005,-86.07971
66155,7-ELEVEN #36575,"I-35, EXIT 248",Pflugerville,TX,2.899,30.43937,-97.62
66156,7-ELEVEN #36567,SR-6 & SR-21,Bryan,TX,3.144,30.67436,-96.36996
66172,Timewise Food Store #163,"I-35, EXIT 8",Laredo,TX,2.936,27.50641,-99.50754
66173,TIMEWISE FOOD STORE #160,"I-10, EXIT 661",Flatonia,TX,3.199,29.68773,-97.1086
66174,TIMEWISE FOOD STORE #162,"I-10, EXIT 456",Junction,TX,3.099,30.48936,-99.77201
66176,PILOT #6996,"I-40, EXIT 364",Warsaw,NC,3.472,34.99933,-78.0911
66177,PILOT #6978,"I-74/I-73/US-220, EXIT 44 & SR-211",Candor,NC,3.999,35.29514,-79.74532
66178,LOVES TRAVEL STOP #284,I-69C/US-281 & FM-2812,Edinburg,TX,3.111,26.30174,-98.16334
66179,LOVES TRAVEL STOP #246,I-80 EXIT 46,Fernley,NV,3.916,39.60797,-119.25183
66182,CIRCLE K #2706708,"I-185, EXIT 10",Midland,GA,3.339,32.57486,-84.82715
66183,CHEVRON CURB STORE,SR-35 & SR-21,Forest,MS,3.569,32.36459,-89.47423
66184,HENRIETTA TRUCK STOP,"I-390, EXIT 12 & I-90, EXIT 46",Henrietta,NY,3.899,43.05923,-77.61222
66185,TIGERMART OF BUFFALO,"I-45, EXIT 178 & US-79",Buffalo,TX,3.599,31.46379,-96.05802
66186,STRIPES #40813,US-281 & SR-285,Falfurrias,TX,3.087,27.22699,-98.14417
66195,MOBIL,"I-495, EXIT 26 & SR-62",Berlin,MA,3.699,42.3812,-71.63701
66196,EXXON TIGER MART,"I-35, EXIT 386",Italy,TX,3.122,32.18404,-96.88472
66198,CIRCLE K #2703117,"I-20, EXIT 11",Graniteville,SC,3.159,33.56375,-81.80789
66221,ROAD RANGER #236,"I-43, EXIT 38",East Troy,WI,3.082,42.78529,-88.4051
66223,7-ELEVEN #36548,SR-83,Laredo,TX,2.999,27.50641,-99.50754
66224,ROAD RANGER #235,"I-90, EXIT 36",Hampshire,IL,3.369,42.0978,-88.53036
66225,ROAD RANGER #140,"I-39, EXIT 72",Mendota,IL,3.269,41.54725,-89.11759
66227,Pilot Travel Center #482,"I-57, EXIT 95",Mount Vernon,IL,3.359,38.31727,-88.90312
66229,LOVES TRAVEL STOP #308,"I-40, EXIT 86 & SR-226",Marion,NC,3.739,35.68401,-82.00927
66230,PETRO COLBY TRUCKSTOP,"I-70, EXIT 53 & SR-25",Colby,KS,3.599,39.39584,-101.05238
66235,LOVES TRAVEL STOP #291,"I-75, EXIT 95 & SR-627",Richmond,KY,3.599,37.74786,-84.29465
66236,LOVES TRAVEL STOP #309,"I-80, EXIT 332 & SR-14",Aurora,NE,3.289,40.86723,-98.00422
66237,ROUTE 66 TRAVEL CENTER,"I-40, EXIT 140",Albuquerque,NM,3.359,35.08449,-106.65114
66238,BETTY BEAVERS TRUCKSTOP,"I- 90, EXIT 29",Canajoharie,NY,3.599,42.90563,-74.57181
66239,Hola,US-27/SR-80/SR-25,South Bay,FL,3.419,26.66396,-80.71617
66241,PUMP & PANTRY #29,US-30,Central City,NE,3.337,41.11585,-98.00172
66242,PUMP & PANTRY #23,"US-34, EXIT 4TH AVE",Holdrege,NE,3.449,40.44029,-99.36982
66244,STRIPES #40809,"I-37, EXIT 56",George West,TX,3.044,28.3325,-98.11751
66247,GULF OIL #5045,I-90 EXIT 83,Charlton,MA,3.909,42.13565,-71.97007
66248,CIRCLE K #4707046,"I-95, EXIT 6",Scarborough,ME,3.909,43.57814,-70.32172
66249,CIRCLE K #4707206,SR-125,Epping,NH,3.767,43.03342,-71.07423
66250,SPEEDWAY #6973,US-1,Wake Forest,NC,2.949,35.97987,-78.50972
66252,CIRCLE K #4707023,US-1A,Holden,ME,3.732,44.75285,-68.67892
66255,CIRCLE K #4707217,US-2 & SR-16,Gorham,NH,3.751,44.38784,-71.17313
66257,LOVES TRAVEL STOP #310,"I-80/US-30, EXIT 173",Wamsutter,WY,3.723,41.67301,-107.97925
66258,CIRCLE K #4707208,"I-93, EXIT 23",New Hampton,NH,3.659,43.60563,-71.65424
66259,CEFCO #48,"I-35, EXIT 304",Temple,TX,2.966,31.09823,-97.34278
66261,CIRCLE K #2723123,"I-95, EXIT 71",Dunn,NC,3.142,35.30627,-78.6089
66263,One9 SPEEDWAY #6753,"I-78, EXIT 1",Fleetwood,PA,3.832,40.45398,-75.81798
66266,7-ELEVEN #40508,"I-80, EXIT 90",Elkhart,IN,3.999,41.68199,-85.97667
66267,TA DEMOTTE TRAVEL CENTER,"I-65, EXIT 230",Demotte,IN,3.447,41.19504,-87.19864
66272,MOOSETRACKS #752,"I-85, EXIT 113",High Point,NC,3.114,35.95569,-80.00532
66273,PETRO STOPPING CENTER,"I-59, EXIT 181 & US-77",Gadsden,AL,3.999,34.01434,-86.00639
66274,FLYING J TRAVEL PLAZA #692,"I-80, EXIT 352 & US-93",Wells,NV,3.709,41.11159,-114.96449
66278,PILOT TRAVEL CENTERS #394,"I-84, EXIT 6",Newburgh,NY,4.359,41.50343,-74.01042
66284,JOLLEY #150,"I-89, EXIT 19",Saint Albans,VT,3.539,44.81088,-73.08319
66285,QUIKTRIP #787,"I-675, EXIT 5",Ellenwood,GA,3.109,33.61011,-84.28798
66286,CASEYS #4205,"I-40/75, EXIT 374",Knoxville,TN,3.099,35.96064,-83.92074
66290,ABBYLAND TRUCK STOP,"SR-29, EXIT 127",Curtiss,WI,3.462,44.95525,-90.43458
66292,LOVES TRAVEL STOP #311,"I-20, EXIT 9",Waco,GA,3.391,33.70288,-85.18328
66293,One9 #254,"I-24, EXIT 169",Wildwood,GA,3.099,34.96341,-85.41107
66294,FLYING J TRAVEL PLAZA #667,"I-69, EXIT 81SB / I-96, EXIT 9",Grand Ledge,MI,3.959,42.75337,-84.74638
66295,LOVES TRAVEL STOP #432,"I-94/I-41,  EXIT 322 & SR-100",Oak Creek,WI,3.867,42.88585,-87.86314
66299,XTRA MART #10093,SR-146,Millbury,MA,3.649,42.19398,-71.76007
66300,PILOT TRAVEL CENTERS #149,"I-40, EXIT 42 & SR-222",Stanton,TN,3.509,35.4623,-89.40202
66301,KWIK TRIP #743,US-10 & SR-114,Menasha,WI,3.507,44.20221,-88.4465
66303,KWIK TRIP #787,US-51 & CR-JJ,Schofield,WI,3.416,44.90969,-89.60457
66307,CM ST HELENA,SR-16,Amite,LA,3.399,30.72657,-90.50898
66310,FLYING J #620,"I-70, EXIT 49",Smithton,PA,4.109,40.15396,-79.74115
66313,LOVES TRAVEL STOP #313,"I-55, EXIT 58  & SR-80",Matthews,MO,3.277,36.75922,-89.58675
66314,PS FOOD MART #1042,"US-23, EXIT 17",Dundee,MI,3.429,41.95727,-83.65966
66315,SPEEDWAY #6748,"I-94, EXIT 34 & US-421",Michigan City,IN,3.682,41.70754,-86.89503
66316,CASEYS #4204,SR-168,Knoxville,TN,3.259,35.96064,-83.92074
66317,LOVES TRAVEL STOP #314,I-24 EXIT 89,Christiana,TN,3.462,35.71007,-86.39944
66318,ROAD RANGER #242,"I-44, EXIT 163",Saint Robert,MO,3.264,37.8281,-92.17767
66319,ROAD RANGER #211,I-90 & RIVERSIDE BLVD,Loves Park,IL,3.469,42.32002,-89.05816
66320,SPEEDWAY #8772,"I-69, EXIT 168 & SR-53",Imlay City,MI,3.779,43.02475,-83.07772
66322,LOVES TRAVEL STOP #318,"I-57, EXIT 83 & CR-42",Ina,IL,3.389,38.15116,-88.90396
66323,PILOT TRAVEL CENTERS #905- TOWN PUMP,"I-90, EXIT 109",Milltown,MT,3.609,46.87131,-113.88177
66328,LOVES TRAVEL STOP #320,"I-16/SR-404, EXIT 49 & SR-257",Dublin,GA,3.332,32.54044,-82.90375
66329,CIRCLE K #2723438,"I-85, EXIT 96",Gaffney,SC,3.199,35.07179,-81.64982
66332,PWI #172,"I-45, EXIT 258",Palmer,TX,2.776,32.43125,-96.66777
66334,Hucks Travel Center #052,"I-24/I-69, EXIT 40 & US-641/US-62/SR-93",Kuttawa,KY,3.699,37.05894,-88.13253
66337,ZIP TRIP #60,"I-25, EXIT 299 & US-16/SR-196",Buffalo,WY,3.581,44.34831,-106.69894
66338,SHELL,"I-30, EXIT 160 & US-271/SR-49 & US-67",Mount Pleasant,TX,3.899,33.15679,-94.96827
66339,PILOT DEALER #873,US-27,Miami,FL,3.699,25.77427,-80.19366
66341,7-ELEVEN #218,"I-44, EXIT 4",Harrold,TX,2.687,34.08065,-99.0323
66342,ONE9 #398,"I-75, EXIT 109",Vienna,GA,3.109,32.09156,-83.79545
66346,PILOT TRAVEL CENTERS #247,"I-74, EXIT 39 & SR-32",Crawfordsville,IN,3.899,40.04115,-86.87445
66348,PIT STOP,I-40 EXIT 221,Wheatley,AR,2.999,34.91287,-91.11012
66349,CIRCLE K #2741796,"I-40, EXIT 5",Little Rock,AR,3.366,34.74648,-92.28959
66352,KWIK TRIP #871,"US-41, EXIT 124 & SR-76",Oshkosh,WI,3.291,44.02471,-88.54261
66353,MOTOMART #3361,"I-55, EXIT 129",Perryville,MO,2.989,37.72422,-89.86122
66355,CIRCLE K #2723439,"I-26, EXIT 5",Campobello,SC,3.132,35.11567,-82.15011
66357,LOVES TRAVEL STOP #351,"I-80 & E 8TH RD, EXIT 81",Utica,IL,3.289,41.34059,-89.01008
66361,SHADY NOOK,US-61/US-49,Lyon,MS,3.999,34.21789,-90.54204
66362,TA FLORENCE TRAVEL CENTER,"I-95, EXIT 164 & US-52",Florence,SC,3.326,34.19543,-79.76256
66363,LOVES TRAVEL STOP #178,"US-35/KS TPKE, MM 26",Belle Plaine,KS,3.329,37.39391,-97.28115
66364,SHELL,"I-4, EXIT 64",Plant City,FL,3.447,28.01888,-82.11469
66365,LIBERTY,US-202,Ringoes,NJ,3.399,40.42899,-74.86767
66368,PETRO STOPPING CENTER #371,"I-90, EXIT 41",Waterloo,NY,4.196,42.90479,-76.86274
66369,LOVES TRAVEL STOP #319,"I-74, EXIT 61",Pittsboro,IN,3.889,39.86393,-86.46694
66370,SPEEDWAY #6979,US-301,Wilson,NC,3.129,35.72127,-77.91554
66371,RAPIDES STATION TRUCK STOP,"I-49, EXIT 94",Boyce,LA,3.099,31.39046,-92.66931
66372,CEFCO #54,"I-35, EXIT 292",Belton,TX,2.952,31.05601,-97.46445
66374,BROOKSHIRE BROS #6111,US-259,Nacogdoches,TX,3.369,31.60351,-94.65549
66376,SUBS AND GRUBS,"I-63, EXIT 39",Jonesboro,AR,3.389,35.8423,-90.70428
66377,QUIKTRIP #873,"I-35W, EXIT 42",Fort Worth,TX,2.976,32.72541,-97.32085
66382,STATELINE CONOCO,"I-35, EXIT 114",Eagleville,MO,3.549,40.46917,-93.98717
66383,TENAHA EXPRESS MART,US-96 & US-84,Tenaha,TX,3.299,31.94378,-94.24409
66385,TA EXPRESS MINDEN,"I-20, EXIT 52",Minden,LA,3.114,32.61543,-93.28684
66386,SPEEDWAY #4631,US-220,Bassett,VA,3.416,36.7593,-79.99032
66388,Gas n Go,"I-75, EXIT 117 AT MILE 117",Pinehurst,GA,3.099,32.196,-83.76295
66392,MISSILE MART #10,"I-40, EXIT 161",El Dorado,AR,3.499,33.20763,-92.66627
66393,VILLAGE PANTRY #5210,"I-74, EXIT 206",Oakwood,IL,3.179,40.11615,-87.77836
66396,CIRCLE K #2723988,"I-55, EXIT 61 & SR-38",Kentwood,LA,3.299,30.93824,-90.50898
66399,CIRCLE K #2723672,"I-59/I-20, EXIT 128",Birmingham,AL,3.699,33.52066,-86.80249
66400,PWI #640,"I-10/US-95, EXIT 5",Ehrenberg,AZ,3.359,33.60419,-114.52523
66404,QUICK FUEL #5302,"I-635, EXIT 14",Garland,TX,3.087,32.91262,-96.63888
66405,FLYING J FUEL STOP #668,"I-75, EXIT 151",Saginaw,MI,3.289,43.41947,-83.95081
66406,LOVES TRAVEL STOPS #317,"I-95, EXIT 4 & SR-629",Skippers,VA,3.789,36.61182,-77.54665
66407,CIRCLE K #2723668,SR-35,Fort Payne,AL,3.649,34.44425,-85.71969
66410,SIBLEY FOOD FUEL,US-72/SR-20 & CR-150,Courtland,AL,3.399,34.66898,-87.30946
66416,DUCK THRU FOOD STORE #18,US-13,Winton,NC,3.562,36.39571,-76.9319
66420,PILOT TRAVEL CENTER #911,I-90 EXIT 47,Superior,MT,3.559,47.19159,-114.8918
66422,PLAQUEMINE TRUCK STOP,ST 1,Plaquemine,LA,3.999,30.29005,-91.23497
66424,CIRCLE K #2741652,"I-10, EXIT 139",Phoenix,AZ,3.369,33.44838,-112.07404
66425,CLARK OIL #31,"I-10, EXIT 44",Biloxi,MS,2.849,30.39603,-88.88531
66428,SHELL,US-167,Hensley,AR,3.589,34.50537,-92.2057
66437,PILOT #4596,"I-81, EXIT 4",White Pine,TN,3.699,36.10759,-83.28683
66439,JACK FLASH,I-55,Farmersville,IL,3.199,39.44339,-89.65176
66440,BP CONNECT #4701,I-55,Chicago,IL,3.569,41.85003,-87.65005
66447,CIRCLE K #4701207,"U-55, EXIT 220",Dwight,IL,3.349,41.09448,-88.42506
66448,HAMMOND TRAVEL CENTER,"I-55, EXIT 31B & US-190/SR-3260",Hammond,LA,3.099,30.50463,-90.46293
66449,CITGO,"I-55, EXIT 67",Blytheville,AR,3.389,35.9273,-89.91898
66451,EZ MART #304,M-57,Middleton,MI,3.699,43.18337,-84.70889
66454,Fast Stop Shell,I-10,Reserve,LA,3.799,30.05381,-90.55175
66456,TEXACO #383124,SR-70,Saint James,LA,2.969,29.98187,-90.83176
66460,CASH MAGIC BROUSSARD NORTH,"I-49, EXIT 103",Broussard,LA,3.399,30.14715,-91.96123
66461,YESWAY #1167,US-62 & CR-41/CR-168,Ropesville,TX,3.041,33.41342,-102.15434
66465,Knapp Truck Stop,"I-64, EXIT 50 & SR-127",Nashville,IL,3.299,38.34366,-89.38064
66470,CIRCLE K #9068,"I-65, EXIT 181",Millbrook,AL,3.216,32.47986,-86.36192
66472,DIAMOND #21,"I-65, EXIT 54",Atmore,AL,3.259,31.02379,-87.49387
66474,FAMCO EXPRESS,"I-690, EXIT 8",Syracuse,NY,3.299,43.04812,-76.14742
66475,SPEEDWAY #4346,SR-7,Calexico,CA,4.799,32.67895,-115.49888
66478,LOVES TRAVEL STOP #175,"I-70, EXIT 187",Tecumseh,KS,3.289,39.04806,-95.57915
66480,LOVES TRAVEL STOP #360,"I-65, EXIT 58 & SR-218 & SR-335",Horse Cave,KY,3.429,37.1795,-85.90692
66487,COMPASS,"I-55, EXIT 282",La Grange,IL,3.549,41.80503,-87.86923
66488,HUCKS FOOD & FUEL #54,I-74,Farmer City,IL,3.269,40.24337,-88.64257
66495,SUPER SAVER EXPRESS,"I-10, EXIT 21",Sulphur,LA,2.999,30.23659,-93.37738
66496,EXXON FUEL EXPRESS,"I-10/SR-8, EXIT 31 & SR-87",Milton,FL,3.999,30.63241,-87.03969
66502,SHOP RITE #82,"I-10, EXIT 64",Jennings,LA,3.589,30.22243,-92.65708
66504,COUNTRY BOYS COUNTRY STORE,"I-10, EXIT 813",Hankamer,TX,2.866,29.85828,-94.62686
66507,ST IGNACE TRUCKSTOP,I-75,Saint Ignace,MI,3.799,45.86614,-84.72751
66508,SAMS SUNOCO,I-75,Toledo,OH,3.399,41.66394,-83.55521
66509,FOUR STAR FOOD MART,"I-75, EXIT 122",Lima,OH,3.144,40.74255,-84.10523
66512,MARATHON #1554,"I-75, EXIT 21",Newport,MI,3.299,42.00227,-83.30854
66513,SUNRISE STORE,"I-75, EXIT 212",West Branch,MI,3.199,44.27641,-84.23861
66514,BIGFOOT TRAVEL CENTER,"I-75, EXIT 29",Hahira,GA,3.099,30.99131,-83.37266
66516,ADEL TRUCK PLAZA,"I-75, EXIT 39",Adel,GA,2.999,31.13727,-83.42408
66518,Racetrac #2622,"I-75, EXIT 60",Valdosta,GA,3.032,30.83334,-83.28032
66523,LOVES TRAVEL STOP #325,"I-75, EXIT 59 & SOUTHWELL BLVD",Tifton,GA,3.609,31.45046,-83.5085
66525,BP,"I-76, EXIT 6",Luna Pier,MI,3.399,41.80699,-83.44243
66527,TA EXPRESS #648,"I-76, EXIT 90A",Brush,CO,4.099,40.25887,-103.62384
66528,GO MART FOOD STORE #99,US-50 & SR-14,Parkersburg,WV,3.489,39.26674,-81.56151
66529,7-ELEVEN #36076,"I-77, EXIT 73 & US-421",Hamptonville,NC,2.899,36.09847,-80.76035
66531,MIDWAY EXXON TRAVEL CENTER,"I-78, EXIT 16",Bethel,PA,3.359,40.47454,-76.29134
66532,PETRO PLAZA,"I-78, EXIT 17",Hampton,NJ,3.266,40.70704,-74.956
66534,LOVES TRAVEL STOP #347,"I-70, EXIT 101 & SR-5",Boonville,MO,3.509,38.97364,-92.74324
66537,BECKS EXPRESS MART #26,"I-80, EXIT 19",Geneseo,IL,3.269,41.44809,-90.15428
66538,KUM & GO #0023,"I-80, EXIT 23",Neola,IA,3.157,41.44888,-95.61556
66539,SOUTH RIDGE FARM MARKET,"I-80, EXIT 6",Clyde,OH,3.399,41.30422,-82.97519
66547,OLD STONE JIFFY MART,"I-81, EXIT 321",Clear Brook,VA,3.599,39.25649,-78.09611
66548,YESWAY #1156,US-84 & SR-289,Lubbock,TX,2.951,33.57786,-101.85517
66550,CIRCLE K #2709663,"I-82, EXIT 730",Umatilla,OR,3.639,45.91735,-119.34252
66552,GEM STOP,I-84,Marsing,ID,3.586,43.54544,-116.8132
66553,JACKSONS FOOD STORE #83,"I-84, EXIT 304",Baker City,OR,3.599,44.77487,-117.83438
66556,PILOT TRAVEL CENTER #899- SLIP IN,I-85,South Hill,VA,3.959,36.72653,-78.12889
66560,Sunoco,"I-85, EXIT 11",Townville,SC,3.199,34.56371,-82.89848
66562,TA EXPRESS FAIR PLAY,"I-85, EXIT 4",Fair Play,SC,3.209,34.51121,-82.98543
66564,SPEEDWAY #6954,US-70,High Point,NC,3.049,35.95569,-80.00532
66565,KWIK FILL #395,"I-86, EXIT 12",Jamestown,NY,4.469,42.097,-79.23533
66571,LEXINGTON GULF,"I-128, NORTH MASS PIKE",Lexington,MA,4.299,42.44732,-71.2245
66573,Brake Time Corner Market,"I-135, EXIT 14",Wichita,KS,3.299,37.69224,-97.33754
66579,GULF OIL LP #5010,"I-90, EXIT 2",Lee,MA,3.914,42.30425,-73.24816
66582,PWI #807,"I-15, EXIT 163 & SR-99",Fillmore,UT,3.374,38.96885,-112.32355
66584,MOAPA PAIUTE TRAVEL CENTER,"I-15, EXIT 75",Moapa,NV,3.332,36.6758,-114.62082
66586,CIRCLE K #4707609,US-20 & SR-12,Sangerfield,NY,4.099,42.91396,-75.37906
66588,CUBBYS #402,"I-90, EXIT 330",Mitchell,SD,3.149,43.70943,-98.0298
66594,FRIENDLY GUS STORE #23,I-16/SR-19,Dublin,GA,3.399,32.54044,-82.90375
66595,GULF OIL LP #5040,"I-90, EXIT 9",Charlton,MA,3.909,42.13565,-71.97007
66597,BP,"I-16, EXIT 90 & US-1",Twin City,GA,3.782,32.58294,-82.15512
66601,LOVES TRAVEL STOP #323,"I-69, EXIT 264 & SR-18",Marion,IN,3.576,40.55837,-85.65914
66603,COFFEE CUP FUEL STOP #7,"I-90, EXIT 406 & SR-11",Brandon,SD,2.977,43.5947,-96.57199
66604,GALLOPS,"I-90, I-80, EXIT 40",La Porte,IN,3.549,41.60774,-86.71389
66606,BART INDUSTRIES,"I-91, EXIT 6",Bellows Falls,VT,3.709,43.13341,-72.44398
66607,7-ELEVEN #37392,"I-93, EXIT 5",Londonderry,NH,3.799,42.86509,-71.37395
66608,CASEYS #2650,I-94/US-52 EXIT 135 & CR-173,Melrose,MN,3.179,45.67469,-94.80752
66612,STOP N GO #1709,"I-94, EXIT 105",Hixton,WI,3.237,44.38579,-91.01432
66613,LOVES TRAVEL STOP #362,"I-10, EXIT 7 & SR-3063",Vinton,LA,3.306,30.19076,-93.58127
66614,MARATHON,"I-94, EXIT 212A",Detroit,MI,3.699,42.33143,-83.04575
66615,KWIK TRIP #396,"I-94, EXIT 295",Waukesha,WI,3.399,43.01168,-88.23148
66618,CIRCLE K #2723378,I-95,Sumter,SC,3.159,33.92044,-80.34147
66620,Shell,"I-95, EXIT 130",Ashland,VA,3.264,37.75903,-77.47998
66622,DUNCAN TRUCK STOP,"I-95, EXIT 15",Jersey City,NJ,3.409,40.72816,-74.07764
66624,Sunoco,"I-95, EXIT 25",Croydon,PA,3.659,40.08733,-74.9035
66625,EXIT 43 QUICK STOP,"I-95, EXIT 43",Richmond,ME,3.766,44.0873,-69.79893
66628,Chevron,"I-95, EXIT 5 & US-17",Hardeeville,SC,3.007,32.28714,-81.08067
66631,SPEEDWAY #3589,I-96,Lake Odessa,MI,3.599,42.78476,-85.13834
66632,SHELL FOOD MART AND TRUCKSTOP,I-985,Gainesville,GA,3.399,34.29788,-83.82407
66635,C  BARN,US-67,Park Hills,MO,3.049,37.85422,-90.51818
66637,BERKLYS TRAVEL CENTER,US-281,Round Mountain,TX,3.316,30.43158,-98.34474
66640,Kent Kwik #928,US-82/SR-6 & SR-5/SR-25,Brent,AL,3.099,32.93735,-87.16472
66643,DEERFIELD TRAVEL CENTER,"I-55, EXIT 8",Steele,MO,2.976,36.08396,-89.82925
66645,ALLSUPS #2390,"I-20/US-84, EXIT 270",Merkel,TX,2.876,32.47068,-100.01287
66648,CHEVRON,"I-20, EXIT 113",Bessemer,AL,3.099,33.40178,-86.95444
66649,CHOCTAW TRAVEL PLAZA #637,US-59 & CR-E1452,Heavener,OK,3.299,34.88927,-94.60078
66659,MARATHON,SR-37,Mitchell,IN,3.599,38.73283,-86.4736
66664,CASEYS #3294,"I-380/SR-27, EXIT 43 & SR-150",Urbana,IA,3.449,42.22416,-91.87434
66667,CIRCLE K #4701408,"I-36, EXIT 99",Rochelle,IL,3.499,41.92392,-89.06871
66668,ACME TRUCK STOP,"I-4, EXIT 96",Orlando,FL,3.399,28.53834,-81.37924
66669,CIRCLE K #2726032,I-40,Jacksonville,FL,3.429,30.33218,-81.65565
66670,SPEEDWAY #7930,"I-40, 1126 N MAIN ST",Lillington,NC,3.759,35.39933,-78.81585
66671,CIRCLE K #2723686,US-72,Scottsboro,AL,3.266,34.67231,-86.03415
66673,MARATHON,SR-72,Huntsville,AL,2.979,34.7304,-86.58594
66676,HUTCH'S #118,"I-40, EXIT 108",Watonga,OK,3.099,35.84477,-98.41313
66678,NKS ROYAL TRUCKSTOP,"I-40, EXIT 16",Gallup,NM,3.119,35.52808,-108.74258
66680,BIG TOP TRAVEL CENTER,"I-20, EXIT 157",Delhi,LA,2.969,32.45764,-91.49317
66683,SUPERSTOP Shell,"I-40, EXIT 192",Stuttgart,AR,3.416,34.50037,-91.55263
66689,ROSCOE TRAVEL PLAZA,"I-20, EXIT 235",Roscoe,TX,2.759,32.44595,-100.53872
66693,Allsup Marketplace #2400,"I-40, EXIT 356",San Jon,NM,3.059,35.10756,-103.32856
66705,7-ELEVEN,"I-44, EXIT 1/US-287",Wichita Falls,TX,2.761,33.91371,-98.49339
66709,CIRCLE K #2709343,"I-24, EXIT 169",Wildwood,GA,3.146,34.96341,-85.41107
66715,7-Eleven #34210,"I-25/US-87, EXIT 240 & SR-119",Longmont,CO,3.189,40.16721,-105.10193
66717,Fast Stop Travel Centers #1131,"I-25/US-87, EXIT 80",Wheatland,WY,3.499,42.05407,-104.95295
66718,Bartonville SHELL,"I-474, EXIT 6",Peoria,IL,4.299,40.69365,-89.58899
66720,MOUNTAIN ENERGY #126,"I-26, EXIT 13",Hendersonville,NC,2.846,35.31873,-82.46095
66721,USA SPEEDTRAC,"I-49US-167, EXIT 11",Grand Coteau,LA,3.399,30.41992,-92.04651
66725,SPEEDWAY #9662,I-264,Louisville,KY,3.029,38.25424,-85.75941
66728,CIRCLE K #2723706,"I-81/US-52, EXIT 72 & I-77, EXIT 41",Wytheville,VA,3.349,36.94845,-81.08481
66734,Marathon,"I-675, Exit 7",Ellenwood,GA,3.009,33.61011,-84.28798
66737,THE JUNCTION,US-59 & US-73,Atchison,KS,3.279,39.56305,-95.12164
66738,TREX MART #9,I-29,Dearborn,MO,2.999,39.52194,-94.76996
66739,ZIP TRIP #64,I-29,Brookings,SD,3.399,44.31136,-96.79839
66741,DEANS LANE VALERO,I-295,Monmouth Junction,NJ,3.146,40.379,-74.54654
66742,DEEP WATER TRUCK STOP,"I-295, EXIT 2C",Penns Grove,NJ,3.279,39.72956,-75.46797
66746,CASEYS #4246,"I-30, EXIT 123",Bryant,AR,3.032,34.59593,-92.48905
66747,LOVES TRAVEL STOP #322,"I-90, EXIT 3",Roscoe,IL,3.789,42.41335,-89.00927
66749,BIG RIVER #18,"I-310 EXIT 2, & US-61",Saint Rose,LA,3.099,29.94687,-90.32313
66750,LOVES TRAVEL STOP #177,I-35,El Dorado,KS,3.256,37.81724,-96.86225
66751,FAST N FRIENDLY,"I-35, EXIT 132",Emporia,KS,3.657,38.4039,-96.18166
66756,CASEYS #2550,"I-35, EXIT 33 & US-34",Osceola,IA,3.339,41.03389,-93.7655
66760,LOVES TRAVEL STOP #326,I-26 EXIT 154A,Orangeburg,SC,3.389,33.49182,-80.85565
66761,SPEEDWAY #4589,US-501 & SR-90,Conway,SC,3.064,33.836,-79.04781
66762,EXXON TIGER MART #44,"US-45,  EXIT 249",Ennis,TX,3.099,32.32931,-96.62527
66763,SPEEDWAY #7998,US-52 & US-74,Wadesboro,NC,3.646,34.96821,-80.07673
66765,STRIPES #40736,US-77/US-83,Olmito,TX,2.999,26.02174,-97.53415
66767,SPRINT MART #49,"I-22/US-78, EXIT 87 & SR-811",Tupelo,MS,2.992,34.25807,-88.70464
66769,PETRO STOPPING CENTER #344,"I-95, EXIT 3",Kingsland,GA,3.649,30.79996,-81.68983
66771,FLYING J TRAVEL PLAZA #727,"I-69C/US-281, EXIT 8 & FM-1925",Edinburg,TX,3.084,26.30174,-98.16334
66773,STRIPES 7FLEET #42475,US-62,Hobbs,NM,3.459,32.70261,-103.13604
66774,Clark #4667,"I-80/I-90, EXIT 39 & SR-109",Delta,OH,3.699,41.57366,-84.00522
66775,GO MART,US-33 & CR-116,Rockbridge,OH,3.499,39.57979,-82.5221
66776,S&G #77,US-224 & US-23,Alvada,OH,3.259,41.05033,-83.40187
66778,LOVES TRAVEL STOP #169,"I-44, EXIT 179 & US-377/SR-99",Stroud,OK,3.144,35.74868,-96.65807
66780,DIAMOND #20,"I-65, EXIT 93 & SR-84",Evergreen,AL,3.399,31.4335,-86.95692
66784,Texaco #384529,US-80/SR-8 & SR-14,Selma,AL,3.299,32.40736,-87.0211
66785,WINFIELD TRUCK STOP,SR-129,Winfield,AL,3.659,33.92899,-87.81725
66786,Circle K #2741791,"I-40, EXIT 175 & SR-31",Lonoke,AR,3.139,34.78398,-91.89986
66787,TEXACO,"I-59, EXIT 67B",Hattiesburg,MS,3.066,31.32712,-89.29034
66788,CIRCLE K #4703626,"I-75, EXIT 60 & SR-68",Sweetwater,TN,3.289,35.60146,-84.46104
66793,CIRCLE K #2723693,"I-526, EXIT 19 & SR-10-60",Charleston,SC,2.976,32.77632,-79.93275
66795,FUEL MART #645,"I-90, EXIT 353",Spencer,SD,3.499,43.72748,-97.59312
66796,ROYAL FARMS #109,US-13 & SR-404,Bridgeville,DE,3.259,38.74261,-75.60437
66799,SHELL DBA ONE9 #1403,"I-75/SR-93, EXIT 451 & US-129",Jasper,FL,3.244,30.51827,-82.94819
66800,CIRCLE K #2743950,I-35,San Antonio,TX,2.804,29.42412,-98.49363
66801,SUNSTOP #330,"I-75, EXIT 460 & SR-6",Jennings,FL,3.299,30.6041,-83.09792
66802,MOBIL,US-27 & SR-66,Sebring,FL,3.459,27.49559,-81.44091
66803,Stripes,FM-2061 & FM-3072,Pharr,TX,3.166,26.1948,-98.18362
66804,PWI #586,"I-80, EXIT 104  & US-191",Rock Springs,WY,3.199,41.58746,-109.2029
66805,CIRCLE K #2723553,US-27,Ringgold,GA,3.076,34.91591,-85.10912
66807,QUICK FUEL #5303,"I-35E, EXIT 436A",Dallas,TX,3.046,32.78306,-96.80667
66809,CASEYS #3449,SR-78,Wapello,IA,3.349,41.18142,-91.18543
66810,QUICK FUEL #3145,SR-83,Bensenville,IL,3.449,41.95503,-87.94007
66812,FAMILY EXPRESS #47 (DISCOUNT AVAILABLE),"I-65, EXIT 201 & US-24/US-231",Remington,IN,3.552,40.76087,-87.15085
66813,MCCLURE OIL #59,I-69 EXIT 259,Gas City,IN,3.639,40.48726,-85.61303
66815,MAXS #132,US-641 N,Murray,KY,3.399,36.61033,-88.31476
66816,CIRCLE K #4707082,"I-95, EXIT 132 & SR-139",Fairfield,ME,3.899,44.5884,-69.59866
66817,JOLLY TRUCK STOP,US-82/US-287,Wichita Falls,TX,2.899,33.91371,-98.49339
66819,ROAD RANGER #265,"I-88, EXIT 54",Dixon,IL,3.479,41.83892,-89.47955
66820,CM BREAUX BRIDGE,"I-10, EXIT 109",Breaux Bridge,LA,3.299,30.27353,-91.89928
66821,DENTON GOOSE CREEK,SR-404/SR-619,Denton,MD,3.259,38.88456,-75.82716
66822,WILD BILL'S,I-78,Sherman,MS,2.919,34.35927,-88.84117
66824,STRIPES #42435,US-87/US-277,San Angelo,TX,2.799,31.46377,-100.43704
66833,STRIPES #5148,US-281,Pharr,TX,3.399,26.1948,-98.18362
66834,ROAD RANGER #186,"I-39/US-51, EXIT 27 & SR-2/CR-2200",Minonk,IL,3.339,40.90448,-89.03452
66838,RUTTERS #96,US-322 & SR-655,Milroy,PA,4.051,40.71396,-77.59055
66843,FLYING J TRAVEL PLAZA #728,"I-10, EXIT 37",El Paso,TX,3.092,31.75872,-106.48693
66844,CIRCLE K #2706984,US-77 & CR-1356,Kingsville,TX,2.822,27.51587,-97.85611
66845,CIRCLE K #2723643,SR-431,Dothan,AL,3.582,31.22323,-85.39049
66846,CIRCLE K #2723664,US-280,Childersburg,AL,3.899,33.27817,-86.35498
66847,CIRCLE K #2723667,"I-20, EXIT 185 & SR-21",Oxford,AL,2.999,33.61427,-85.83496
66848,CIRCLE K #2723695,"I-55, EXIT 265",Senatobia,MS,3.199,34.6176,-89.9687
66850,Stripes,ST 77,Riviera,TX,3.126,27.29865,-97.815
66853,LOVES TRAVEL STOP #327,US-77 & FM-1898,Kingsville,TX,3.156,27.51587,-97.85611
66854,TA WAPAKONETA TRAVEL CENTER,"I-75, EXIT 111",Wapakoneta,OH,3.282,40.56783,-84.19356
66856,Speedway #4800,"I-94, EXIT 183",Clearwater,MN,3.199,45.41941,-94.04887
66858,LOVES TRAVEL STOP #328,"I-10, EXIT 162",Chandler,AZ,3.469,33.30616,-111.84125
66862,LOVES TRAVEL STOP #330,I-40 EXIT 280 & SR-56,Baxter,TN,3.234,36.15367,-85.64359
66863,101 TRAVEL PLAZA,"I-40, EXIT 101 & SR-104",Cedar Grove,TN,2.999,35.64424,-86.62611
66865,FLYING J FUEL STOP #741,US-287/US-281/US-82 & SR-473,Wichita Falls,TX,3.126,33.91371,-98.49339
66867,KWIK STAR #212,"US-61, EXIT 156",Maquoketa,IA,3.624,42.06891,-90.66569
66868,STRIPES #40604,US-83,Mission,TX,2.882,26.21591,-98.32529
66869,SPEEDWAY #4630,US-220 BUS & CR-782,Ridgeway,VA,3.409,36.98931,-79.48253
66870,PETRO STOPPING CENTER NAPOLEON,"US-24/US-6/CR-3, EXIT 41",Napoleon,OH,3.706,41.39227,-84.12522
66874,FLYING J TRAVEL PLAZA #733,"I-27, EXIT 4 & US-82",Lubbock,TX,3.332,33.57786,-101.85517
66876,PILOT TRAVEL CENTERS #156,SR-1633 & SR-813 & SR-9004,Mortons Gap,KY,3.629,37.23671,-87.47528
66877,PILOT TRAVEL CENTER #916- TOWN PUMP,US-93 & US-12,Lolo,MT,3.609,46.75881,-114.08094
66878,PILOT TRAVEL CENTER #915- TOWN PUMP,"I-90, EXIT 455",Billings,MT,3.581,45.78329,-108.50069
66879,TA EXPRESS,"I-40, EXIT 101",Atkins,AR,3.341,35.24647,-92.93656
66880,LOVES TRAVEL STOP #324,I-80 EXIT 242 & SR 339,Mifflinville,PA,3.966,41.03231,-76.30799
66881,PLAZAGO TRUCKSTOP,US-50/SR-61 & SR-96/SR-14,South Hutchinson,KS,3.269,38.02807,-97.94033
66888,LOVES TRAVEL STOP #334,"I-84, EXIT 211 & US-30/SR-24",Heyburn,ID,3.892,42.55852,-113.7639
66890,CASEYS #4223,US-25E,Middlesboro,KY,3.489,36.60842,-83.71658
66892,LOVES TRAVEL STOP #336,"I-94, EXIT 112",Marshall,MI,3.489,42.27226,-84.96331
66893,ONE9 #1291,US-287 & CR-174,Bowie,TX,2.912,33.559,-97.84865
66894,PILOT TRAVEL CENTERS #259,US-69,Muskogee,OK,3.322,35.74788,-95.36969
66895,TA Express Tonkawa,"I-35, EXIT 40 & US-60",Tonkawa,OK,3.294,36.67837,-97.31004
66897,FLYING J TRAVEL PLAZA #604,"I-65, EXIT 158",Hope Hull,AL,3.309,32.26986,-86.35719
66898,PILOT TRAVEL CENTERS #384,"I-95, EXIT 58",Colonial Heights,VA,3.799,37.26804,-77.40726
66899,LOVES TRAVEL STOP #333,"I-77, EXIT 83",Fort Mill,SC,3.381,35.00737,-80.94508
66900,DODGE CITY PETRO #397,"I-65, EXIT 299 & SR-69",Hanceville,AL,3.919,34.06065,-86.7675
66902,CIRCLE K #4707239,SR-103,Warner,NH,3.932,43.28063,-71.81675
66905,CIRCLE K #4707212,SR-27,Raymond,NH,3.759,43.0362,-71.1834
66906,LOVES TRAVEL STOP #331,"I-45, EXIT 272",Hutchins,TX,3.102,32.6493,-96.71305
66908,CIRCLE K #2723708,"I-81, EXIT 77",Wytheville,VA,3.366,36.94845,-81.08481
66911,LOVES TRAVEL STOP #343,"I-20 & I-59, EXIT 165",Toomsuba,MS,3.009,32.41847,-88.50698
66912,LOVES TRAVEL STOPS #335,"I-15, EXIT 62 & SR-130",Cedar City,UT,3.649,37.67748,-113.06189
66914,FLYING J TRAVEL PLAZA #683,"I-95, EXIT 106",Kenly,NC,3.709,35.59627,-78.12416
66915,CIRCLE K #2723716,"I-81, EXIT 84",Max Meadows,VA,3.462,36.9704,-80.94953
66918,MINIT MART #647,"I-39, EXIT 35 & SR-17",Wenona,IL,3.499,41.05253,-89.05036
66920,7-ELEVEN #35562,"I-85, EXIT 32",Charlotte,NC,3.379,35.22709,-80.84313
66921,LOVES TRAVEL STOP #338,"I-95/SR-405, EXIT 90 & SR-144",Richmond Hill,GA,3.364,31.93827,-81.30344
66922,LOVES TRAVEL STOPS #339,"I-20, EXIT 115 & FM-1882",Odessa,TX,3.549,31.84568,-102.36764
66923,LOVES TRAVEL STOP #765,"I-85, EXIT 147",Commerce,GA,3.211,34.204,-83.45711
66925,FLYING J TRAVEL PLAZA #714,"I-77, EXIT 73",Rock Hill,SC,3.399,34.92487,-81.02508
66927,PILOT TRAVEL CENTER #41,I-64 EXIT 113 SE QUAD,Mount Sterling,KY,3.759,38.05647,-83.94326
66928,FLYING J TRAVEL PLAZA #730,"I-35/US-83, EXIT 13",Laredo,TX,3.599,27.50641,-99.50754
66929,FLYING J TRAVEL PLAZA #642,"I-255,  EXIT 17",East Saint Louis,IL,3.389,38.6245,-90.15094
66931,CASEYS #3896,"I-380, EXIT 35",Center Point,IA,3.449,42.19083,-91.78518
66932,CIRCLE K #4701444,US-34 & SR-164,Monmouth,IL,3.399,40.91143,-90.64736
66935,FRANCIS CREEK TRAVEL PLAZA,SR-41,Francis Creek,WI,3.384,44.19944,-87.72148
66937,LOVES TRAVEL STOP #341,"I-44, EXIT 189",Rolla,MO,3.301,37.95143,-91.77127
66939,KWIK TRIP #416,SR-172 & CR-GV,De Pere,WI,3.391,44.44888,-88.06038
66941,PILOT TRAVEL CENTERS #367,"I-30, EXIT 87 & 88",Caddo Mills,TX,3.169,33.06567,-96.22776
66942,MAVERIK COUNTRY STORE #612,"I-15, EXIT 362",Brigham City,UT,3.449,41.51021,-112.0155
66944,LOVES TRAVEL STOP #316,"I-95, EXIT 273 & US-1",Ormond Beach,FL,3.477,29.28581,-81.05589
66945,PILOT TRAVEL CENTERS #159,"I-64, EXIT 211",Providence Forge,VA,3.899,37.44181,-77.04358
66948,CIRCLE K #4707618,"I-481, EXIT 8 & CR-82",East Syracuse,NY,3.799,43.06534,-76.07853
66951,BERKLYS TRAVEL CENTER #3,US-377/US-87,Brady,TX,3.616,31.13517,-99.33506
66953,LOVES TRAVEL STOP #355,"I-65, EXIT 16",Memphis,IN,3.949,38.4834,-85.76163
66954,LOVES TRAVEL STOP #344,I-240 EXIT 21 & US-78/SR-4,Memphis,TN,3.249,35.14953,-90.04898
66955,LOVES TRAVEL STOP #349,"I-8, EXIT 3",Yuma,AZ,3.502,32.72532,-114.6244
66956,LOVES TRAVEL STOP #348,"I-69/I-24, EXIT 27 & US-62",Calvert City,KY,3.689,37.03339,-88.35004
66957,LOVES TRAVEL STOP #346,I-65 EXIT 46 & SR-99,Columbia,TN,3.789,35.61507,-87.03528
66959,PILOT TRAVEL CENTERS #388,"I-20 & I-59, EXIT 151",Meridian,MS,2.979,32.36431,-88.70366
66961,CIRCLE K #2707020,"I-4, EXIT 32 & US-98/SR-700/SR-35",Lakeland,FL,3.414,28.03947,-81.9498
66962,PILOT TRAVEL CENTERS #242,"I-74, EXIT 109",Shelbyville,IN,3.999,39.52144,-85.77692
66963,SPARTA TRAVEL CENTER,"I-90, EXIT 28",Sparta,WI,3.179,43.94413,-90.81291
66964,PILOT TRAVEL CENTERS #239,US-30/US-23,Upper Sandusky,OH,3.899,40.82728,-83.28131
66965,EATONTON TRAVEL CENTER,US-441/US/129/SR-24,Eatonton,GA,3.249,33.3268,-83.3885
66966,LOVES TRAVEL STOP #352,I-71 EXIT 65,Jeffersonville,OH,3.422,39.65367,-83.56381
66968,FLYING J TRAVEL PLAZA #675,US-136 & SR-27,Wayland,MO,3.306,40.39449,-91.58321
66972,PETRO STOPPING CENTER #339,"I-90, EXIT 272",Spokane,WA,3.959,47.65966,-117.42908
66987,LOVES TRAVEL STOP #354,"US-78 & I-20, EXIT 172",Thomson,GA,3.849,33.47069,-82.50457
66993,PILOT TRAVEL CENTER #198,US-30 & US-31,Plymouth,IN,3.859,41.34366,-86.30973
66994,PILOT TRAVEL CENTERS #303,US-24/US-6 & SR-108,Napoleon,OH,3.711,41.39227,-84.12522
66995,PILOT TRAVEL CENTERS #322,"I-86, EXIT 37",Bath,NY,4.499,42.33702,-77.31776
66997,LOVES TRAVEL STOP #289,"I-20, EXIT 49 & SR-531",Minden,LA,3.149,32.61543,-93.28684
67008,TA ST LOUIS EAST TRAVEL CENTER,"I-55, EXIT 18",Troy,IL,3.379,38.72921,-89.88315
67009,PILOT TRAVEL CENTERS #407,"I-35, EXIT 194",Clear Lake,IA,3.659,43.13802,-93.37937
67030,LOVES TRAVEL STOP #337,"I-90 & I-35, EXIT 11",Albert Lea,MN,4.089,43.64801,-93.36827
67034,LOVES TRAVEL STOP #356,"I-75, EXIT 167",North Baltimore,OH,3.347,41.18283,-83.67827
67037,LOVES TRAVEL STOP #332,I-71 EXIT 204,Burbank,OH,3.689,40.98867,-81.99487
67038,PILOT TRAVEL CENTERS #260,US-82/SR-520 & SR-300,Albany,GA,3.799,31.57851,-84.15574
67039,ROAD RANGER #145,"I-44, EXIT 275",Fenton,MO,3.359,38.51311,-90.43595
67040,FLYING J TRAVEL PLAZA #603,US-431/SR-210 & US-231/SR-1,Dothan,AL,3.999,31.22323,-85.39049
67041,CIRCLE K #4707040,"I-95, EXIT 133 & US-201",Skowhegan,ME,3.726,44.76506,-69.71922
67044,PILOT TRAVEL CENTER #1212,"I-10, EXIT 45",Salome,AZ,3.959,33.78114,-113.61465
67047,Circle K #2746490,"I-90, EXIT 332",Mitchell,SD,3.064,43.70943,-98.0298
67051,PILOT TRAVEL CENTERS #208,"I-44, EXIT 257",Pacific,MO,3.324,38.482,-90.74152
67053,TA LAREDO TRAVEL CENTER,"I-35/US-83, EXIT 13",Laredo,TX,3.649,27.50641,-99.50754
67054,LOVES TRAVEL STOPS #436,"I-80, EXIT 118",Salt Lake City,UT,3.649,40.76078,-111.89105
67055,FLYING J TRAVEL PLAZA #641,I-15,Mccammon,ID,3.749,42.65047,-112.19302
67056,Arco,US-2 & US-59,Erskine,MN,3.399,47.66746,-96.01004
67057,PILOT TRAVEL CENTERS #146,"I-90, EXIT 12",Castleton On Hudson,NY,3.999,42.51841,-73.75123
67058,PILOT TRAVEL CENTER #368,"I-72, EXIT 144",Decatur,IL,3.459,39.84031,-88.9548
67060,PILOT TRAVEL CENTERS #151,"I-5, EXIT 99NE",Olympia,WA,4.599,47.04491,-122.90169
67063,PILOT TRAVEL CENTERS #330,"I-35, EXIT 184 SW",New Braunfels,TX,3.399,29.703,-98.12445
67064,LOVES TRAVEL STOP #385,"I-40, EXIT 101 & US-281",Hinton,OK,3.386,35.47144,-98.35562
67065,TA GREENWOOD TRAVEL CENTER,"I-20, EXIT 5 & US-79",Greenwood,LA,3.166,32.44293,-93.97296
67066,LOVES TRAVEL STOP #361,"I-80, EXIT 168",Newton,IA,3.762,41.69971,-93.04798
67067,LOVES TRAVEL STOP #377,"I-76/US-6, EXIT 31 & SR-52",Hudson,CO,3.459,40.07359,-104.64302
67069,FLYING J TRAVEL PLAZA #621,"I-70, EXIT 359 & US-24",Limon,CO,3.874,39.26388,-103.69217
67070,CASEYS #4225,"SR-155N, EXIT 26-A",Nashville,TN,3.062,36.16589,-86.78444
67071,FAS MART #5154,"I-270, EXIT 3 & SR-3",Hartford,IL,3.279,38.83338,-90.09594
67073,PILOT TRAVEL CENTERS #81,"I-79, EXIT 99",Portersville,PA,4.259,40.92284,-80.14228
67075,CM FOREST GOLD,SR-16,Amite,LA,3.399,30.72657,-90.50898
67076,CASH MAGIC LUCKY MAGNOLIA,SR-63/SR-16,Denham Springs,LA,3.399,30.4874,-90.95753
67077,CASH MAGIC BROUSSARD SOUTH,US-90,Broussard,LA,3.399,30.14715,-91.96123
67078,CASH MAGIC SILVER FOX,SR-63/SR-16,Denham Springs,LA,3.399,30.4874,-90.95753
67081,LOVES TRAVEL STOP #376,"I-85/SR-403, EXIT 28 & SR-54/SR-100",Hogansville,GA,3.689,33.17318,-84.91494
67082,PILOT TRAVEL CENTERS #179,"I-81, EXIT 5-B",Hagerstown,MD,3.959,39.64176,-77.71999
67085,PILOT TRAVEL CENTERS #210,"I-287, EXIT 66 & SR-17",Mahwah,NJ,3.899,41.08871,-74.14376
67086,SPEEDWAY #7945,SR-24,Swansboro,NC,3.699,34.68766,-77.11912
67087,SPEEDWAY #8189,"I-40, EXIT 408 & SR-210 & US-117",Rocky Point,NC,3.606,34.43517,-77.88776
67088,PILOT #4580,"I-26, EXIT 82",Prosperity,SC,3.426,34.20931,-81.53316
67090,LOVES TRAVEL STOP #373,US-69 & PLATTER RD,Calera,OK,3.229,33.93454,-96.4286
67091,SPEEDWAY #7903,SR-211,Raeford,NC,3.699,34.981,-79.2242
67092,SPEEDWAY #8288,US-64 & SR-149,Plymouth,NC,3.207,35.86683,-76.74856
67094,SPEEDWAY #7943,US-64/SR-49 & US-220,Asheboro,NC,3.542,35.70791,-79.81364
67095,SPEEDWAY #8297,US-17 & US-17 BYP,Chocowinity,NC,3.132,35.51266,-77.10051
67096,SPEEDWAY #6997,I-95/US-301,Fayetteville,NC,3.396,35.05266,-78.87836
67097,SPEEDWAY #8298,SR-11/SR-55,Kinston,NC,3.353,35.26266,-77.58164
67101,SPEEDWAY #7974,US-601 & SR-24/SR-27,Midland,NC,3.429,35.22737,-80.50062
67103,SPEEDWAY #8225,US-13/US-17 & US-64,Williamston,NC,3.849,35.8546,-77.05551
67106,PILOT TRAVEL CENTER #4656,"I-295, EXIT 3-A & US-460",Disputanta,VA,3.572,37.12432,-77.22581
67107,SPEEDWAY/7fleet #4595,US-501 & SR-544,Conway,SC,3.089,33.836,-79.04781
67108,SPEEDWAY/7fleet #4594,SR-90,Longs,SC,3.309,33.93851,-78.73307
67109,SPEEDWAY #4676,US-13/SR-32,Suffolk,VA,3.799,36.72836,-76.58496
67113,COLUMBUS WEST TRAVEL CENTER,"US-151, EXIT 118",Columbus,WI,3.119,43.33805,-89.01539
67114,SPEEDWAY #1415,"I-57, EXIT 306 & US-45/US-52",Kankakee,IL,3.339,41.12003,-87.86115
67115,CIRCLE K #3912,"I-24/SR-27, EXIT 155 & SR-28",Jasper,TN,2.889,35.07424,-85.62608
67117,MCCLURE OIL #65,US-31 & SR-38,Cicero,IN,3.889,40.12393,-86.01332
67118,ABELS QUIK SHOP #20,US-36 & CR-437,Hannibal,MO,3.066,39.70838,-91.35848
67119,EASTWAY TRUCKSTOP,SR-80,Somerset,KY,3.599,37.09202,-84.60411
67120,LOVES TRAVEL STOP #379,"I-10 & CR 255, EXIT 262 SW",Lee,FL,3.789,30.41996,-83.30113
67121,BETTY BEAVERS TRUCKSTOP,"I-88, EXIT 12 & CR-48",Otego,NY,3.819,42.3973,-75.1735
67122,WORKMANS TRAVEL CENTER,"I-540, EXIT 24 & SR-282",Alma,AR,3.372,35.47787,-94.22188
67125,LOVES TRAVEL STOP #370,I-80 EXIT 234,Hubbard,OH,3.466,41.15645,-80.56924
67126,PILOT TRAVEL CENTERS #366,"I-40, EXIT 85 CHRISTMASVILLE RD",Jackson,TN,3.509,35.61452,-88.81395
67127,LOVES TRAVEL STOP #381,"I-65, EXIT 322 & CR-55",Falkville,AL,3.849,34.36843,-86.90862
67129,PILOT TRAVEL CENTER #920,"I-70, EXIT 54",Colby,KS,3.634,39.39584,-101.05238
67130,Pilot Travel Centers #473,"I-55, EXIT 248 & US-6",Channahon,IL,3.359,41.42948,-88.22867
67133,LOVES TRAVEL STOP #365,I-80 EXIT 352,Wells,NV,3.716,41.11159,-114.96449
67137,PILOT TRAVEL CENTERS #485,"I-80, EXIT 173",Winnemucca,NV,3.771,40.97296,-117.73568
67138,Kum N Go #0561,US-65 & SR-744,Springfield,MO,2.899,37.21533,-93.29824
67139,LOVES TRAVEL STOP #383,I-71 EXIT 55 & SR-1039,Sparta,KY,3.749,38.67701,-84.90689
67140,Maverik Country Store #5069,I-35 EXIT 133,Ellsworth,IA,3.096,42.31276,-93.57882
67141,KUM & GO #0022,"I-80, EXIT 182 & SR-146",Grinnell,IA,3.197,41.74305,-92.72241
67143,ALL AMERICAN STORES #7,US-30,Fort Wayne,IN,3.559,41.1306,-85.12886
67149,HOOPS TRAVEL CENTER,I-39 & SR-21,Coloma,WI,3.182,44.03553,-89.52151
67150,Maverik Country Store #5119,"US-30, EXIT 150",Ames,IA,3.082,42.03471,-93.61994
67151,CASEYS #2523,"SR-163, EXIT 29 & SR-14",Monroe,IA,3.199,41.52221,-93.10187
67155,PILOT TRAVEL CENTER #1219,"I-70, EXIT 61",Vandalia,IL,3.699,38.9606,-89.09368
67158,GOLDEN GATE AUTO TRUCK PLAZA,"I-80 , EXIT 32",Sparks,NV,3.539,39.53491,-119.75269
67160,LOVES TRAVEL STOPS #378,"I-77, EXIT 132",Ripley,WV,3.589,38.8187,-81.71069
67162,PILOT TRAVEL CENTER #495,"I-80 , EXIT 201",Brooklyn,IA,3.699,41.73361,-92.44546
67163,LOVES TRAVEL STOP #358,"I-78, EXIT 23",Hamburg,PA,3.857,40.55565,-75.98188
67164,FLYING J TRAVEL PLAZA #510,"I-15 , EXIT 188",Scipio,UT,3.689,39.24496,-112.1041
67165,SOMERSET TRAVEL CENTER,"I-76 , EXIT 110",Somerset,PA,4.219,40.00841,-79.07808
67166,Circle K #4705726,US-33,Carroll,OH,3.246,39.79895,-82.701
67167,LOVES TRAVEL STOP #372,"I-84, EXIT 374",Ontario,OR,3.689,44.02655,-116.96294
67168,LOVES TRAVEL STOP #455,"I-70, EXIT 145",Ellis,KS,3.623,38.93807,-99.56067
67169,JD ORANGEBURG,US-301/US-601/SR-4,Orangeburg,SC,3.342,33.49182,-80.85565
67170,FAST TRACK #410,"I-10, EXIT 258",Madison,FL,3.749,30.46938,-83.41293
67174,KWIK STAR #419,"US-218, EXIT 218",Charles City,IA,3.539,43.06636,-92.67241
67175,KWIK STAR #428,SR-9,Cresco,IA,3.524,43.38136,-92.11405
67178,KWIK STAR #701,US-63,Denver,IA,3.499,42.67137,-92.3374
67182,KWIK STAR #817,US-52 & SR-24,Calmar,IA,3.579,43.18358,-91.86405
67185,KWIK TRIP #385,SR-19/SR-3,Northfield,MN,3.499,44.4583,-93.1616
67186,KWIK TRIP #424,SR-15 & CR-26,Fairmont,MN,3.399,43.65218,-94.46108
67192,KWIK TRIP #464,US-63,Rochester,MN,3.541,44.02163,-92.4699
67193,KWIK TRIP #609,SR-16 & SR-43,Rushford,MN,3.499,43.8083,-91.75293
67195,KWIK TRIP #646,US-169 & CR-53,Blue Earth,MN,3.324,43.63746,-94.10218
67196,KWIK TRIP #753,US-14 & SR-42,Eyota,MN,3.616,43.9883,-92.2285
67200,KWIK TRIP #319,SR-13,Spencer,WI,3.476,44.75774,-90.2968
67202,KWIK TRIP #328,US-53 & SR-95,Blair,WI,3.237,44.2944,-91.23516
67204,KWIK TRIP #337,SR-65,New Richmond,WI,3.499,45.12302,-92.53659
67206,KWIK TRIP #352,US-53,Chippewa Falls,WI,3.407,44.93691,-91.39293
67207,KWIK TRIP #354,SR-26,Watertown,WI,3.372,43.19472,-88.72899
67208,KWIK TRIP #363,US-14 & CR-O,Richland Center,WI,3.389,43.33471,-90.38679
67209,KWIK TRIP #386,SR-64,Merrill,WI,3.499,45.18052,-89.68346
67211,KWIK TRIP #392,SR-49/SR-23,Ripon,WI,3.391,43.8422,-88.83594
67219,KWIK TRIP #455,US-8 & SR-27,Ladysmith,WI,3.272,45.46302,-91.10404
67220,KWIK TRIP #456,"US-18/151, EXIT 79 & CR-PB",Verona,WI,3.579,42.99083,-89.53318
67221,KWIK TRIP #457,"I-41/US-41, EXIT 116 & SR-44/SR-91",Oshkosh,WI,3.291,44.02471,-88.54261
67223,KWIK TRIP #476,"US-53, EXIT 140",Rice Lake,WI,3.432,45.50607,-91.73823
67226,KWIK TRIP #494,US-53 & SR-35,Onalaska,WI,3.336,43.88441,-91.23514
67229,KWIK TRIP #740,SR-15,Hortonville,WI,3.509,44.3347,-88.63816
67230,KWIK TRIP #750,US-14/US-61/SR-35,La Crosse,WI,3.299,43.80136,-91.23958
67233,KWIK TRIP #807,US-10,Brillion,WI,3.366,44.17721,-88.06427
67234,KWIK TRIP #847,SR-33 & SR-82/SR-80,Wonewoc,WI,3.499,43.65275,-90.22346
67235,FLYING J TRAVEL PLAZA #507,I-35,Jarrell,TX,3.221,30.82491,-97.60445
67237,OUTPOST TRAVEL CENTER,US-79 & CR-111,Minden,LA,3.132,32.61543,-93.28684
67239,RELAY STATION,SR-1,Shreveport,LA,3.132,32.52515,-93.75018
67241,RELAY STATION 3,SR-175,Frierson,LA,3.259,32.25183,-93.6899
67242,SPEEDWAY #6940,"I-77, EXIT 85 & SR-268",Elkin,NC,2.859,36.2443,-80.8484
67243,LOVES TRAVEL STOP #386,"I-40, EXIT 9 & SR-95",Lake Havasu City,AZ,3.922,34.4839,-114.32245
67245,SPEEDWAY #4582,US-378,Conway,SC,3.089,33.836,-79.04781
67246,SPEEDWAY #7941,US-17 & SR-24,Jacksonville,NC,3.326,34.75405,-77.43024
67247,CIRCLE K #4707512,"I-93, EXIT 47",Methuen,MA,3.799,42.7262,-71.19089
67248,SPEEDWAY #6962,"I-40, EXIT 303",Garner,NC,2.921,35.71126,-78.61417
67255,LOVES TRAVEL STOP #393,"I-55, EXIT 13",Mccomb,MS,3.239,31.24379,-90.45315
67262,PILOT TRAVEL CENTER #497,"I-20, EXIT 165",Lincoln,AL,3.109,33.61316,-86.11831
67264,CIRCLE K #4707016,US-1,Princeton,ME,3.882,45.22341,-67.57222
67265,CIRCLE K #4707048,US-2,Lincoln,ME,3.732,45.36228,-68.50502
67269,ONVO TRAVEL PLAZA - GOULDSBORO,"I-380, EXIT 13 & SR-507",Gouldsboro,PA,3.586,41.24453,-75.45602
67271,KWIK TRIP #330,US-169 & SR-25,Belle Plaine,MN,3.379,44.62274,-93.76857
67272,PILOT TRAVEL CENTER #922- TOWN PUMP,US-2 & SR-40,Columbia Falls,MT,3.649,48.37246,-114.18152
67273,LOVES TRAVEL STOP #396,I-26 EXIT 76,Newberry,SC,3.416,34.27458,-81.61872
67274,KWIK STAR #790,"US-20, EXIT 275 & SR-13",Manchester,IA,3.562,42.48415,-91.45543
67275,KWIK TRIP #481,US-61,Red Wing,MN,3.324,44.56247,-92.5338
67279,LOVES TRAVEL STOP #391,"I-74, EXIT 123",Saint Paul,IN,3.989,39.4281,-85.62831
67281,PARKERS SURRENCY #208,US-341/SR-27 & SR-121,Surrency,GA,3.586,31.72381,-82.1979
67282,RUTTERS #65,"I-81, EXIT 14 & US-11",Chambersburg,PA,4.399,39.93759,-77.6611
67283,PILOT #4597,"I-40, EXIT 258/SR-53",Gordonsville,TN,3.246,36.17256,-85.92971
67284,LOVES TRAVEL STOP #390,"I-80, EXIT 179",North Platte,NE,3.456,41.12389,-100.76542
67285,CASEY'S #4504,"I-35, EXIT 159 & CR-C47",Dows,IA,3.299,42.65664,-93.50104
67292,LOVES TRAVEL STOP #304,"I-59, EXIT 174",Steele,AL,3.989,33.93982,-86.20164
67293,KWIK TRIP #367,SR-33/CR-A,Fox Lake,WI,3.246,43.56554,-88.9065
67294,MAPLEFIELDS,"I-87, EXIT 42/SR-11",Champlain,NY,3.799,44.98643,-73.44653
67296,LOVES TRAVEL STOP #340,"I-15, EXIT 64 & US-93",Las Vegas,NV,3.689,36.17497,-115.13722
67297,BAR-B,I-20 EXIT 370 & FM-919,Gordon,TX,2.932,32.54846,-98.36922
67298,SPEEDWAY #5360,US-42,London,OH,3.099,39.88645,-83.44825
67302,KUM & GO #0187,"I-90, EXIT 87",Sherburn,MN,3.187,43.65218,-94.72692
67303,KUM & GO #0615,"I-29, EXIT 15",Elk Point,SD,3.072,42.68333,-96.68365
67304,JACKRABBIT JUNCTION,"SR-60, EXIT 51 & CR-A22",Sibley,IA,3.266,43.39914,-95.75196
67305,RELAY STATION,"I-20, EXIT 3",Bethany,LA,3.122,32.37321,-94.04269
67306,150 QUICK STOP,US-150/SR-605,Bardstown,KY,3.172,37.80923,-85.4669
67307,CMS FUELING CENTER,I-69 EXIT 153 AT MILE 153,Lapeer,MI,3.899,43.05142,-83.31883
67308,FUEL STAR,SR-48,New Orleans,LA,3.279,29.95465,-90.07507
67311,HOLIDAY STATIONSTORE #2746409,US-53 & CR-13,Duluth,MN,3.499,46.78327,-92.10658
67312,RHODES 101 STOP #790,"I-55, EXIT 91",Scott City,MO,3.424,37.21672,-89.52453
67313,Majors 660 Diboll Truck Plaza,US-59,Diboll,TX,2.832,31.18713,-94.78104
67316,LOVES TRAVEL STOP #302,US-287 & US-412,Boise City,OK,3.402,36.72947,-102.51324
67321,LOVES TRAVEL STOP #388,"I-55, EXIT 246 & SR-35",Batesville,MS,3.461,34.3115,-89.94426
67322,LOVES TRAVEL STOP #398,"US-78, EXIT 81 & SR-178",Tupelo,MS,3.882,34.25807,-88.70464
67323,PUMP & PANTRY #13,US-281/SR-92,Saint Paul,NE,3.307,41.21473,-98.45812
67325,LOVES TRAVEL STOP #225,"I-65, EXIT 93 & US-84",Evergreen,AL,3.339,31.4335,-86.95692
67329,LOVES TRAVEL STOP #387,"I-85, EXIT 4",Fair Play,SC,3.212,34.51121,-82.98543
67331,LOVES TRAVEL STOP #227,"I-20 /I-59, EXIT 100 & SR-216",Mc Calla,AL,3.159,33.34872,-87.01416
67333,PILOT #880,"I-84, EXIT 1",Montague,NJ,3.999,41.30315,-74.7935
67334,KWIK TRIP #338,US-51,Plover,WI,3.299,44.45636,-89.54401
67335,TOP STOP MARKET,"I-24, EXIT 111",Manchester,TN,3.016,35.48174,-86.0886
67336,LOVES TRAVEL STOPS #342,"I-37, EXIT 72 & US-281",Three Rivers,TX,3.089,28.46027,-98.18251
67337,KWIK TRIP #422,"I-94, EXIT 322",Oak Creek,WI,3.744,42.88585,-87.86314
67338,HUTCH'S #114,US-81,Enid,OK,2.999,36.39559,-97.87839
67340,MCCLURE,I-74 EXIT  34,Crawfordsville,IN,3.616,40.04115,-86.87445
67341,CASEYS #3898,"US-151, EXIT 49 & CR-E34",Anamosa,IA,3.359,42.10834,-91.28516
67342,One9 #1414,"I-81, EXIT 128",Elliston,VA,3.242,37.21652,-80.23254
67343,EAGLE EXPRESS,US-41,Peshtigo,WI,3.399,45.05443,-87.74927
67344,DODGE CITY SHELL,"I-65, EXIT 299",Hanceville,AL,3.952,34.06065,-86.7675
67345,STEELE SERVICE STATION,"I-59, EXIT 174",Steele,AL,3.889,33.93982,-86.20164
67348,LOVES TRAVEL STOP #389,I-90 EXIT 241,Conneaut,OH,3.849,41.94756,-80.55424
67350,DE PERE SUPER STORE,US-41,De Pere,WI,3.256,44.44888,-88.06038
67356,PRIDE CONVENIENCE STORE,"I-91, EXIT 8 & US-20",Springfield,MA,3.559,42.10148,-72.58981
67357,LOVES TRAVEL STOP #353,"I-29, EXIT 62",Fargo,ND,3.526,46.87719,-96.7898
67358,KWIK TRIP #453,SR-35/SR-65,River Falls,WI,3.447,44.86136,-92.62381
67359,SAGE HILL TRAVEL CENTER,"I-15, EXIT 89 & US-91",Blackfoot,ID,3.569,43.19047,-112.34498
67360,BP,"I-95/SR-405, EXIT 49 & SR-251",Darien,GA,3.539,31.37023,-81.43399
67361,SUMNER TRUCK STOP,SR-167,Sumner,WA,4.299,47.20316,-122.2404
67362,TA Glenrio,"I-40, Exit 369 & SR-392",San Jon,NM,3.899,35.10756,-103.32856
67364,KWIK TRIP #373,"I-94, EXIT 295",Waukesha,WI,3.457,43.01168,-88.23148
67365,KWIK TRIP #491,US-151,Manitowoc,WI,3.382,44.08861,-87.65758
67366,KWIK TRIP #499,"I-43, EXIT 57",New Berlin,WI,3.491,42.9764,-88.10842
67367,KWIK TRIP #757,US-14/US-61/SR-27,Viroqua,WI,3.359,43.55692,-90.88874
67368,KWIK TRIP #653,"I-39, EXIT 87 & US-51/SR-16",Portage,WI,3.274,43.53915,-89.46262
67369,KENOSHA TRAVEL PLAZA,"I-94, EXIT 340/US-41 & SR-142",Kenosha,WI,3.719,42.58474,-87.82119
67370,CIRCLE M #43,US-441/US-23/SR-15,Rabun Gap,GA,3.549,34.96049,-83.39318
67371,PARAMOUNT TRAVEL PLAZA,"I-30, EXIT 46 & SR-19",Prescott,AR,3.379,33.80261,-93.38101
67380,MILLERS TRAVEL CENTER,"I-80, EXIT 1",Wendover,UT,3.599,40.73715,-114.03751
67381,ENMARKET #875,US-78 & US-21,Branchville,SC,3.266,33.25127,-80.81565
67382,CORNER PANTRY TRAVEL PLAZA,SR-79 & SR-40,Hermosa,SD,3.299,43.83971,-103.19102
67383,FRIENDSHIP FOOD MART #96,SR-101/SR- 2,Sandusky,OH,3.529,41.44894,-82.70796
67391,SHOEMAKERS SHELL TRAVEL CENTER,I-80 EXIT 395 AT MILE 395,Lincoln,NE,3.349,40.8,-96.66696
67393,LOVES TRAVEL STOP #280,"I-10, EXIT 114",Buckeye,AZ,3.569,33.37032,-112.58378
67394,Circle K #2745133,US-23 & SR-38,Waycross,GA,3.399,31.21368,-82.3557
67395,KUM & GO #0267,"I-80, EXIT 267 & SR 38",Tipton,IA,2.982,41.76974,-91.12793
67396,Q C MART,US-61 & CR-E63,Welton,IA,3.699,41.90808,-90.59541
67397,EXPRESS LANE #51,I-80 EXIT 93 ROUTE 71,Ottawa,IL,3.599,41.34559,-88.84258
67398,CASEYS #3998,SR-13 & HWY-C,Lowry City,MO,3.249,38.14003,-93.72688
67400,SPEEDWAY #3547,I-75 & 696,Lima,OH,3.499,40.74255,-84.10523
67401,QUIKTRIP #973,"I-45, EXIT 272",Hutchins,TX,2.882,32.6493,-96.71305
67402,TA EXPRESS HOT SPRINGS,US-395/US-18 & SR-79,Hot Springs,SD,3.299,43.43165,-103.47436
67404,Meskwaki Travel Plaza,HIGHWAY 30 E,Tama,IA,3.234,41.96666,-92.57686
67405,ANTELOPE TRUCK STOP,"I-80, EXIT 386",Burns,WY,3.199,41.19276,-104.35912
67406,GETGO #3701,"I-99, EXIT 23",East Freedom,PA,4.099,40.35757,-78.42974
67408,STOCKTON TRAVEL CENTER,US-20/SR-78,Stockton,IL,3.599,42.34974,-90.00679
67409,XTRA MART #7025,SR-146,Sutton,MA,3.649,42.1501,-71.76285
67410,STRIPES #40532,US-83 & US-277,Carrizo Springs,TX,3.349,28.52193,-99.86061
67411,LOVES TRAVEL STOP #226,"I-25, EXIT 104",Pueblo,CO,3.619,38.25445,-104.60914
67414,PILOT TRAVEL CENTERS #590,"I-94, EXIT 100",Alexandria,MN,3.466,45.88524,-95.37754
67416,CASEYS #4025,US-61/SR-92,Muscatine,IA,3.299,41.42447,-91.04321
67417,QUIKTRIP #444,"I-10 EXIT, 139",Phoenix,AZ,3.369,33.44838,-112.07404
67418,KUM & GO #0080,"US-218/SR-27, EXIT 80 & SR-22",Riverside,IA,3.097,41.47974,-91.58128
67419,LOVES TRAVEL STOP #359,"I-75, EXIT 283",Cartersville,GA,3.556,34.16533,-84.80231
67420,LOVES TRAVEL STOP #369,I-40 EXIT 163 & SR-48,Dickson,TN,3.176,36.077,-87.38779
67421,LOVES TRAVEL STOP #375,US-79/SR-6 & FM-485,Hearne,TX,3.489,30.87852,-96.59303
67422,KUM & GO #0137,"I-80, EXIT 237",Tiffin,IA,3.099,41.70585,-91.66295
67423,FIRELAKE GRAND TRAVEL PLAZA,"I-40, EXIT 178 & SR-102",Shawnee,OK,2.899,35.32729,-96.9253
67424,FLORIDA 595 TRUCK STOP,"I-595/SR-84, EXIT 9 & US-441",Fort Lauderdale,FL,3.769,26.12231,-80.14338
67425,LITTLEFIELD EXPRESS #15,"US-67, EXIT 55 & SR-258",Bald Knob,AR,3.309,35.30981,-91.56791
67426,Spearville Truck Stop,"I-56, 126 RD",Spearville,KS,3.466,37.85002,-99.75679
67427,CASEYS #2907,I-57 & I-62,Charleston,MO,3.044,36.92089,-89.35063
67428,CONOCO,"I-95, EXIT 12",Carteret,NJ,3.499,40.57733,-74.2282
67429,7-ELEVEN #40396,"NJTP, EXIT 8A",Monroe Township,NJ,3.559,40.31789,-74.41182
67431,SPARKYS ONE STOP #32,I-30 & CR 33,Carroll,IA,3.232,42.06582,-94.86693
67432,PILOT TRAVEL CENTERS #471,US-27 & US-17,Haines City,FL,3.559,28.1145,-81.62009
67434,SHELL FOOD MART,"I-35, EXIT 54",Cameron,MO,2.991,39.74028,-94.24106
67435,7 ELEVEN #40122,I-95 MM2,Newark,DE,3.459,39.68372,-75.74966
67436,7-ELEVEN #40069,"I-81, EXIT 29",Shippensburg,PA,3.422,40.05065,-77.52026
67437,CANDIA FIRST STOP,"SR-101, EXIT 3",Candia,NH,3.899,43.07786,-71.27673
67438,LOVES TRAVEL STOPS #363,"I-75, EXIT 358 & SR-326",Ocala,FL,3.329,29.1872,-82.14009
67439,LOVES TRAVEL STOPS #380,US-287/SR-114,Rhome,TX,3.089,33.05346,-97.47197
67440,PILOT TRAVEL CENTERS #503,"I-79, EXIT 146 & CR-77",Morgantown,WV,4.059,39.62953,-79.9559
67442,PILOT #4598,I-75 EXIT 56,Niota,TN,3.599,35.51341,-84.54521
67443,PILOT #4599,"I-24, EXIT 135",Monteagle,TN,3.336,35.24008,-85.8397
67612,FLYING J TRAVEL PLAZA #914- TOWN PUMP,"I-90, EXIT 96 & US-93/SR-200",Missoula,MT,3.609,46.87215,-113.994
67613,KWIK STAR #490,"US-20, EXIT 225 & SR-27/SR-58",Cedar Falls,IA,3.524,42.52776,-92.44547
67614,KWIK TRIP #622,US-14 & CR-5,Byron,MN,3.574,44.03274,-92.64546
67615,KWIK TRIP #844,US-63,Lake City,MN,3.549,44.44968,-92.2682
67616,KWIK TRIP #887,"US-41, EXIT 139 & SR-15",Appleton,WI,3.302,44.26193,-88.41538
67617,Twice Daily Convenience Store #8046,"I-24, EXIT 31 & SR-249",Joelton,TN,3.349,36.31311,-86.86528
67618,7-ELEVEN #40441,I-80 MM 21E,West Unity,OH,3.662,41.58616,-84.43495
67619,7-ELEVEN #40442,"I-80, MM 21W",West Unity,OH,3.662,41.58616,-84.43495
67620,LOVES TRAVEL STOP #452,"I-35, EXIT 70",Pauls Valley,OK,3.649,34.74008,-97.22225
67621,FLYING J TRAVEL PLAZA #925- TOWN PUMP,"I-15, EXIT 277",Great Falls,MT,3.636,47.50024,-111.30081
67622,LOVES TRAVEL STOP #454,"I-5/US-12, EXIT 72",Chehalis,WA,4.589,46.66205,-122.96402
67623,LOVES TRAVEL STOP #301,"I-90, EXIT 2",Post Falls,ID,3.746,47.71796,-116.95159
67624,LOVES TRAVEL STOP #300,I-70 EXIT 304,Bennett,CO,3.326,39.75887,-104.42746
67625,LOVES TRAVEL STOP #453,"I-10, EXIT 130 & US-231",Cottondale,FL,3.553,30.79714,-85.3766
67626,KWIK TRIP #316,SR-15 N/SR-22 E,Hutchinson,MN,3.279,44.88774,-94.36971
67627,PILOT #4556,"I-75, EXIT 329",Wildwood,FL,3.226,28.86542,-82.04058
67628,LOVES TRAVEL STOP #394,"I-65,EXIT 230",Demotte,IN,3.512,41.19504,-87.19864
67629,KWIK TRIP #681,"I-94, EXIT 205",Saint Michael,MN,3.297,45.20996,-93.66496
67630,KWIK TRIP #630,US-151/SR-32/SR-57,Chilton,WI,3.366,44.02888,-88.16288
67634,54 TRUCK STOP,US-54,Mullinville,KS,3.466,37.58613,-99.47567
67635,LOVES TRAVEL STOP #456,I-280 EXIT 1B,Perrysburg,OH,3.761,41.557,-83.62716
67636,LOVES TRAVEL STOPS #258,"I-35, EXIT 183",Ottawa,KS,3.239,38.61557,-95.26775
67637,Power Gas & Truck Stop,US-1/US-9/US-46 & SR-5,Palisades Park,NJ,3.219,40.84816,-73.99764
67641,DANIEL BOONE TRAVEL CENTER,US-23 /US-421/US-58 & SR-871,Duffield,VA,3.557,36.71898,-82.796
67642,GO MART FOOD STORE #103,SR-16 & CR 50/39,Ellenboro,WV,3.699,39.26452,-81.05622
67643,QUALITY MART #62,I-77 EXIT 82,Jonesville,NC,2.859,36.2393,-80.84452
67644,PARKERS #31 (DISCOUNT AVAILABLE),US-80/SR-26 & US-280,Ellabell,GA,3.032,32.12354,-81.48567
67645,CIRCLE K #2721416,US-441 & SR-20,Gainesville,FL,3.899,29.65163,-82.32483
67647,BUCHS TRUCK STOP,SR-7,Steubenville,OH,3.692,40.36979,-80.63396
67650,VIRGINIA FAST STOP,SR-78 & SR-125,Virginia,IL,3.759,39.95116,-90.21234
67651,SIMMONS,US-60/SR-21,Ellsinore,MO,3.424,36.93422,-90.74679
67652,ON THE GO TRAVEL CENTER,"I-435, EXIT 8",Kansas City,KS,3.999,39.11417,-94.62746
67655,CIRCLE K #2706627,"I-10, EXIT 261",Slidell,LA,3.189,30.27519,-89.78117
67656,KWIK TRIP #888,US-10/US-49 & SR-54,Waupaca,WI,3.457,44.35803,-89.08595
67657,KWIK TRIP #463,US-52/SR-60,Zumbrota,MN,3.524,44.29413,-92.66908
67658,MIRABITO #41,I-81 EXIT 13,Tully,NY,4.299,42.79812,-76.10937
67664,CEFCO #16,SR-171,Godley,TX,2.982,32.44903,-97.52669
67665,ALL STAR,US-75 N,Sabetha,KS,3.499,39.90222,-95.80082
67666,5 STAR TRUCK STOP,"I-44, EXIT 137",Oklahoma City,OK,2.879,35.46756,-97.51643
67668,ADVENTURE TRUCK PLAZA,SR-3185 & SR-3107,Thibodaux,LA,3.399,29.79576,-90.82287
67669,CHEVRON DBA ONE9 #1271,SR-86,Thermal,CA,4.259,33.6403,-116.13945
67676,VALERO,"I-530/US-65, EXIT 34 & SR-365",White Hall,AR,3.166,34.27399,-92.09098
67677,BIGGAS TRUCK STOP,US-190/SR-6 & FM-2818,Bryan,TX,3.199,30.67436,-96.36996
67678,7-ELEVEN #40301,I-90/I-80,Genoa,OH,3.662,40.78284,-81.46651
67682,CASEYS #2739,1323 E MAIN ST,Beloit,KS,3.359,39.45612,-98.10616
67683,CASEYS #2734,"I-80, EXIT 222",Cozad,NE,3.032,40.85973,-99.98734
67684,CASEYS #2490,"I-35, EXIT 124 & US-69",Story City,IA,3.062,42.18721,-93.59577
67685,CASEYS #2792,"I-380/US-218, EXIT 13",Cedar Rapids,IA,3.499,42.00833,-91.64407
67686,CASEYS #2956,"I-315/US-81, EXIT 40",Hesston,KS,3.199,38.13834,-97.43143
67690,CEFCO #64,ST RT 14,Mexia,TX,3.099,31.67989,-96.4822
67695,MOREHEAD TRUCKSTOP,"I-64, EXIT 133 & SR- 801",Morehead,KY,3.599,37.27115,-87.17638
67697,FLORENCE TRAVEL PLAZA,"I-95, EXIT 150",Timmonsville,SC,3.999,34.13488,-79.93979
67698,FRONTIER TRAVEL CENTER,US-12 & US-85,Bowman,ND,3.532,46.18306,-103.39491
67699,GAP FARMS TRAVEL CENTER,"I-20, EXIT 69 & SR-151",Arcadia,LA,3.249,32.54904,-92.92016
67701,MARATHON,"I-94, EXIT 331",Casselton,ND,3.316,46.90053,-97.2112
67702,SPEEDWAY #6539,US-41/SR-45 & SR-52,Land O Lakes,FL,3.496,28.2189,-82.45759
67703,SPEEDWAY #6880,CR-611,Clearwater,FL,3.377,27.96585,-82.8001
67705,CITGO,US-1,North Brunswick,NJ,3.186,40.454,-74.482
67706,SPEEDWAY #3495,US-1/9,Elizabeth,NJ,3.599,40.66399,-74.2107
67707,SPEEDWAY #3503,"I-95, EXIT 13 & I-278/US-1/US-9",Linden,NJ,3.429,40.62205,-74.24459
67711,HOUMA COTEAU TRAVEL PLAZA,I-90/SR-20,Houma,LA,3.062,29.59577,-90.71953
67712,CASEYS #3810,"I-29, EXIT 132 & US-14",Volga,SD,3.279,44.32358,-96.92645
67715,HUTCH'S #109,"I-40, EXIT 38",Elk City,OK,2.969,35.41199,-99.40426
67716,HWY 19 SCALE,"SR-19/I-35, EXIT 66",Gaylord,MN,3.466,44.55302,-94.22053
67718,SUNSTOP #622,SR-52 & SR-167,Hartford,AL,3.599,31.1024,-85.69688
67720,REFUEL #1046,"I-20, EXIT 116 & US-15",Bishopville,SC,3.309,34.21821,-80.24841
67721,J AND D COUNTRYSIDE MARTHON,SR-76 & SR-173,Poplar Grove,IL,3.499,42.36835,-88.82205
67723,JET FOOD STORE #80,US-221/SR-135 & SR-206,Douglas,GA,3.457,31.50881,-82.84987
67724,LOVES TRAVEL STOP #458,"I-44, EXIT 88",Strafford,MO,3.372,37.26838,-93.11713
67726,SPEEDWAY #7909,"US-264, EXIT 73",Greenville,NC,3.132,35.61266,-77.36635
67727,SPEEDWAY #7907,US-264 & SR-33,Greenville,NC,2.944,35.61266,-77.36635
67728,SPEEDWAY #7905,SR-43 & SR-118,Vanceboro,NC,3.376,35.3085,-77.15412
67729,SPEEDWAY #6981,US-301 BYP,Rocky Mount,NC,3.432,35.93821,-77.79053
67732,Quik Pik,US-275 & SR-9,West Point,NE,3.216,41.84167,-96.70864
67734,TROTTER TRUCK PLAZA,ST 11,Ord,NE,3.299,41.60334,-98.9262
67735,Fast Fuel,US-81/SR-3,Kingfisher,OK,3.191,35.86143,-97.93172
67736,SPEEDWAY #9855,I-10 EXIT 49,Fabens,TX,3.236,31.50234,-106.15859
67738,SUPER JACK TRUCK STOP,US-84,Brookhaven,MS,3.116,31.57906,-90.44065
67739,STRIPES #40819,SR-359,Orange Grove,TX,3.066,27.95668,-97.93694
67742,STRIPES 7FLEET #42514,"I-20, EXIT 138",Midland,TX,3.459,31.99735,-102.07791
67743,STRIPES 7FLEET #42506,US-380 & US-277,Haskell,TX,3.539,33.1576,-99.7337
67744,STRIPES #40715,SR-107,La Villa,TX,3.169,26.29868,-97.92861
67745,STRIPES #40628,"I-2, EXIT 134 & US-83",Mission,TX,3.259,26.21591,-98.32529
67746,STRIPES #40598,I-2/US-83,Mission,TX,2.869,26.21591,-98.32529
67747,STRIPES 7FLEET #42424,US-87/US-190,Brady,TX,3.599,31.13517,-99.33506
67748,STRIPES 7FLEET #42428,"I-20 EXIT, 115",Odessa,TX,3.069,31.84568,-102.36764
67749,STRIPES 7FLEET #42436,I-20 EXIT 134,Midland,TX,3.066,31.99735,-102.07791
67750,STRIPES #40729,FM-511 & FM-802,Brownsville,TX,2.999,25.90175,-97.49748
67753,STRIPES #40892,SR-359 & SR-16,Hebbronville,TX,3.286,27.30688,-98.68032
67754,Refuel #185,US-220,Stokesdale,NC,3.699,36.23708,-79.97948
67755,BLUE WATER #12,"I-526, EXIT 23",Charleston,SC,3.232,32.77632,-79.93275
67757,KEITH'S SUPERSTORE,"I-59, I-20, EXIT 160",Meridian,MS,3.049,32.36431,-88.70366
67758,CLARKS PUMP N SHOP #47,SR-10/SR-9,Vanceburg,KY,3.599,38.59924,-83.3188
67762,CEFCO #2008,US-83/US-62 & US-287,Childress,TX,2.916,34.42645,-100.204
67763,SHELL,US-72,Mount Pleasant,MS,3.399,31.69655,-89.6973
67764,NINNEKAH TRUCK STOP,US-277/US-81 & SR-19,Ninnekah,OK,3.229,34.94785,-97.92393
67766,STOP IN Food Store #8143,US-221/US-460 & SR-607,Montvale,VA,3.366,37.38458,-79.73115
67768,SHELL,US-60 & SR-657,Lewisport,KY,3.499,37.937,-86.90221
67771,DUCK THRU FOOD STORE #26,"I-95, EXIT 154 & SR-308 & SR-11/SR-42",Lewiston Woodville,NC,3.399,36.12293,-77.17663
67772,STEVES SHELL,"I-55, EXIT 42",Brookhaven,MS,3.199,31.57906,-90.44065
67774,7-ELEVEN #39329,I-278/US-1,Linden,NJ,3.376,40.62205,-74.24459
67777,CIRCLE K #2721270,"I-95, EXIT 358B, SR-105",Jacksonville,FL,3.342,30.33218,-81.65565
67779,REATA PETROLEUM,I-76 & BARLOW RD,Fort Morgan,CO,3.439,40.25026,-103.79995
67782,SAMS MART #45,"I-40, EXIT 24 & SR-209",Waynesville,NC,3.599,35.48871,-82.98875
67783,RUTTERS #4,US-30 & SR-1016/2011,Wrightsville,PA,3.989,40.02565,-76.52997
67784,HAVANA CONVENIENCE,US-136,Havana,IL,3.799,40.30004,-90.06095
67787,PWI #109,"I-20, EXIT 126",Midland,TX,2.999,31.99735,-102.07791
67789,BEAR RIVER VALLEY CO OP,SR-13/SR-83,Corinne,UT,3.419,41.55104,-112.11023
67791,KINGSPORT TRUCK STOP,"I-81, EXIT 63",Kingsport,TN,3.899,36.54843,-82.56182
67792,CUBBYS #113,US-20/US-275,Oneill,NE,3.226,42.45778,-98.64759
67793,PILOT TRAVEL CENTERS #131,"I-35, EXIT 34",Osceola,IA,3.439,41.03389,-93.7655
67794,ROAD RANGER #181,"I-55, EXIT 90",Springfield,IL,3.299,39.80172,-89.64371
67795,ROAD RANGER #263,"I-80, EXIT 93",Ottawa,IL,3.219,41.34559,-88.84258
67797,CHEVRON,US-71 & SR-179,Coushatta,LA,3.156,32.01488,-93.34212
67798,SUNSTOP #631,SR-231/SR-53 & SR-123,Ozark,AL,3.599,31.45906,-85.64049
67801,SUNOCO,"I-275, EXIT 42/SR-747",Cincinnati,OH,3.099,39.12711,-84.51439
67804,SUNSTOP #616,US-84/SR-134 & CR-1,Daleville,AL,3.399,31.31017,-85.71299
67806,84 QUICK STOP,I-84,Brookhaven,MS,3.149,31.57906,-90.44065
67811,QUICK FUEL #5301,SR-360,Grand Prairie,TX,3.024,32.74596,-96.99778
67813,LEROY TRUCK PLAZA,"I-74, EXIT 149",Le Roy,IL,3.479,40.35198,-88.76424
67815,LOVES TRAVEL STOP #254,"I-70, EXIT 59 & SR-39",Mooresville,IN,3.929,39.61282,-86.37416
67818,LOVES TRAVEL STOP #457,"I-30/US-67/US-70, EXIT 128",Little Rock,AR,3.242,34.74648,-92.28959
67819,BREW #31,US-71/US-18,Spencer,IA,3.466,43.14136,-95.14444
67820,CIRCLE K #2723487,US-17 & SR-211,Supply,NC,3.289,34.01767,-78.2675
67821,FAS MART #5261,SR-9 & SR-57,Tollesboro,KY,3.352,38.55952,-83.57603
67822,SPINX #178 (DISCOUNT AVAILABLE),"I-385, EXIT 42 & I-85, EXIT 51B & US-25",Travelers Rest,SC,3.192,34.96762,-82.44345
67823,FLASH MARKET #17032,"I-555/US-63, EXIT 29 & SR-69",Trumann,AR,3.407,35.67369,-90.50733
67824,CIRCLE K #2723641,US-231/SR-87/SR-10/SR-53 & CR-21,Troy,AL,3.799,31.80877,-85.96995
67826,VALLEN MART,US-14,Volga,SD,3.319,44.32358,-96.92645
67827,GAS N GO,US-280/SR-27 & SR-520,Richland,GA,3.199,32.08793,-84.66742
67829,KWIK TRIP #721,SR-19 & SR-73,Marshall,WI,3.497,43.16833,-89.06678
67832,Sprint Mart #45,US-278/US-45,Tupelo,MS,3.189,34.25807,-88.70464
67833,PETES #05,US-59 & US-400,Parsons,KS,3.299,37.34034,-95.26108
67835,CIRCLE K #2723782,"I-40, EXIT 38 & US-421",Greensboro,NC,3.082,36.07264,-79.79198
67837,PILOT TRAVEL CENTER #1054,US-183 & SR-21,Buda,TX,3.416,30.08521,-97.84028
67839,EL TIGRE FOOD STORE #13,SR-336,Hidalgo,TX,3.216,26.10035,-98.26307
67841,CIRCLE K #2723844,US-15/US-501/US-1,Sanford,NC,3.049,35.47988,-79.1803
67842,CIRCLE K #4707627,"I-81, EXIT 48",Watertown,NY,4.099,43.97478,-75.91076
67844,UNCLE WILLIES #1288,US-13,Felton,DE,3.219,39.00845,-75.57798
67846,CEDAR RIVER PLAZA,SR-35,Stephenson,MI,3.419,45.41525,-87.60762
67847,E Z PICKENS,"US-20, EXIT 275 & SR-13",Manchester,IA,3.579,42.48415,-91.45543
67848,JEMISON EXXON,"I-65, EXIT 219 & CR-42",Jemison,AL,3.299,32.95985,-86.74665
67849,KUM & GO #0379,US-412/ US-63 & SR-25,Black Rock,AR,3.199,36.1084,-91.09735
67850,SMILEYS FUEL CITY,"I-64/I-81, EXIT 205 & SR-206",Raphine,VA,3.539,37.93735,-79.23281
67854,CircleK #2709341,US-411,Chatsworth,GA,3.499,34.76591,-84.76994
67855,FAS MART #5262,"I-64, EXIT 94 & SR-1958/SR-2888",Winchester,KY,2.907,37.99008,-84.17965
67859,PILOT #1135,US-281,Falfurrias,TX,3.459,27.22699,-98.14417
67860,SHELL,"I-55, EXIT 227 & SR-32",Oakland,MS,2.999,34.05567,-89.91648
67861,CASEYS #4308,US-34,Chariton,IA,3.539,41.01389,-93.3066
67862,SUNOCO TRUCK STOP,"I-70, EXIT 123 & SR-3",Spiceland,IN,3.399,39.83838,-85.43886
67865,PILOT TRAVEL CENTER #897,"I-95, EXIT 12B, INTERSECTION OF SR-826 & 817",Opa Locka,FL,3.699,25.90232,-80.25033
67866,QUICK DRAW TRAVEL PLAZA,"I-20, EXIT 49 & SR-531",Minden,LA,3.012,32.61543,-93.28684
67868,CHEVRON,SR-19,Huntsville,TX,2.979,30.72353,-95.55078
67871,BASIN MARKET #107,US-40,Vernal,UT,3.599,40.45552,-109.52875
67872,SMOKIES,US-45,Okolona,MS,3.099,34.00178,-88.75533
67874,RUTTERS #56,"I-83, EXIT 39A & SR-114",New Cumberland,PA,3.899,40.23231,-76.8847
67875,EXXON TIGER MART,"US-67/US-167, EXIT 28 & US-64",Beebe,AR,3.299,35.07064,-91.87959
67876,KUM & GO #0880,"US-412, EXIT 36",Stillwater,OK,2.954,36.11561,-97.05837
67877,CIRCLE K #4703701,I-24 EXIT 70,Smyrna,TN,3.032,35.98284,-86.5186
67879,Strike,US-287/96/69 & SR-347,Beaumont,TX,3.499,30.08605,-94.10185
67883,CASH MAGIC HOLLYWOOD,US-90,Berwick,LA,3.399,29.69465,-91.21899
67884,ROADRUNNER FUELS,US-550/SR-544,Aztec,NM,3.776,36.82223,-107.99285
67886,MAVERIK #5200,"I-70 BUSINESS, EXIT 25, CR-24",De Beque,CO,3.442,39.33442,-108.21508
67887,AIRLINE CHEVRON,US-61,Kenner,LA,3.099,29.99409,-90.24174
67890,KUM & GO #0449,US-60/US-71,Neosho,MO,3.056,36.86896,-94.368
67892,TURRELL FUEL STOP,"I-55, EXIT 21",Turrell,AR,3.466,35.37981,-90.25787
67894,CIRCLE K #2705098,US-27 & SR-44,Leesburg,FL,3.572,28.81082,-81.87786
67897,KENT KWIK #273,SR-302 & SR-18,Kermit,TX,3.039,31.85763,-103.09267
67900,SPRINT FOODS #725,"I-520, EXIT 16/SR-28",Beech Island,SC,3.349,33.42736,-81.89095
67906,ON THE GO,SR-239,Prescott,KS,3.199,38.06364,-94.69551
67908,CIRCLE K #2744062,"I-25, EXIT 74",Colorado City,CO,3.349,37.94529,-104.83526
67910,G FUEL,US-40 & SR-140,Penns Grove,NJ,3.399,39.72956,-75.46797
67917,STRIPES 7FLEET #42510,"I-10, EXIT 256/US-285",Fort Stockton,TX,3.379,30.89404,-102.87932
67918,DELAWARE TRUCK STOP,"I-80, EXIT 4C/US-46",Delaware,NJ,3.079,40.89288,-75.06462
67922,EXXON,"I-20, EXIT 44 & US-371 & US-80/US-79",Minden,LA,3.399,32.61543,-93.28684
67923,MONROE CENTER BP OASIS,"I-39, EXIT 111/US-51 & SR-72",Monroe Center,IL,3.599,42.09836,-89.00065
67924,KUM & GO #0026,"I-90, EXIT 26",Adrian,MN,3.191,43.63497,-95.9328
67925,CHEVRON,US-61,Baton Rouge,LA,3.899,30.44332,-91.18747
67927,STONES TRUCK STOP,"I-29, EXIT 77/US-212",Watertown,SD,3.382,44.89941,-97.11507
67929,Circle K,SR-574,Plant City,FL,3.326,28.01888,-82.11469
67930,CIRCLE K #2721426,US-98/SR-30A & SR-368,Panama City,FL,3.291,30.15946,-85.65983
67931,Forks 1&23,US-1/US-23/SR-4 & SR-19,Alma,GA,3.599,31.53937,-82.46236
67932,SPRINT MART #4144,US-82/US-45/SR-12 & SR-182,Columbus,MS,3.016,33.49567,-88.42726
67933,SUNOCO,SR-50 & SR-471,Webster,FL,3.336,28.60999,-82.05508
67934,WHISPERING PINES,SR-10,Greensburg,LA,3.099,30.83074,-90.67176
67935,CIRCLE K #2707610,"I-10, EXIT 26",Milton,FL,3.232,30.63241,-87.03969
67938,TEXACO,"I-84, EXIT 376",Tremonton,UT,3.456,41.71187,-112.16551
67939,DELTA FUEL,"I-80, EXIT 242 & SR-339",Mifflinville,PA,3.366,41.03231,-76.30799
67940,MARTIN GENERAL STORE,US-22,Ebensburg,PA,3.524,40.48507,-78.72474
67941,FIESTA MART #21,"I-40, EXIT 278",Warner,OK,3.639,35.49426,-95.30552
67943,LOVES TRAVEL STOP #459,"I-65, EXIT 133 & SR-267",Whitestown,IN,3.622,39.99726,-86.34583
67949,7-ELEVEN #36835,"I-85, EXIT 32",Pelzer,SC,3.182,34.64234,-82.45596
67952,CIRCLE K #2707682,"I-75, EXIT 164 & US-17/SR-35",Punta Gorda,FL,3.399,26.92978,-82.04537
67957,CITGO,US-27,Hialeah,FL,3.472,25.8576,-80.27811
67965,DIAMOND #7,"I-65, EXIT 69",Brewton,AL,3.399,31.10518,-87.07219
67968,WHITESBURG BP,US-27/SR-16,Whitesburg,GA,3.699,33.494,-84.91383
67974,TALL TIMBERS TRUCKSTOP,"I-10, EXIT 23 & SR-108",Sulphur,LA,3.832,30.23659,-93.37738
67976,KWIK TRIP #587,US-141 & SR-22,Lena,WI,3.282,44.9511,-88.04677
67977,KUM & GO #4127,"I-29, EXIT 127",Sloan,IA,3.109,42.23277,-96.22808
67994,Pure,US-82/SR-520/SR-135,Willacoochee,GA,3.466,31.34076,-83.04598
67997,CIRCLE K #2745137,"I-75/SR-401, EXIT 149 & SR-49",Byron,GA,3.199,32.65376,-83.75963
68002,CO RETAIL VENTURE DB,US-34 & SR-59,Yuma,CO,3.449,40.12221,-102.72521
68005,WESSON,"I-84, EXIT 22, SR-8, EXIT 22",Waterbury,CT,4.179,41.55815,-73.0515
68007,Highland oil,US-412,Hardy,AR,3.269,36.3159,-91.48264
68008,FAST LANE #3,US-64 & US-49,Mc Crory,AR,3.399,35.2562,-91.20012
68012,ROYAL FARMS #120,US-13/CR-16,Greenwood,DE,3.259,38.80706,-75.59132
68016,Chevron #386730,"I-10, EXIT 139",Phoenix,AZ,3.299,33.44838,-112.07404
68017,TEXACO,SR-89,Prescott,AZ,3.739,34.54002,-112.4685
68019,PAC PRIDE CARDLOCK,CR-25/CR-826,Miami,FL,3.479,25.77427,-80.19366
68020,EXXON,"I-10, EXIT 335/SR-121",Macclenny,FL,3.499,30.28218,-82.12206
68026,MINIT MART #600627,"I-57, EXIT 312",Kankakee,IL,3.449,41.12003,-87.86115
68029,MAPCO #3502,SR-151,Ringgold,GA,3.092,34.91591,-85.10912
68030,FIVE STAR EXPRESS,"I-520/SR-415, EXIT 16 & SR-28",Augusta,GA,3.499,33.47097,-81.97484
68031,ORCHARD STOP BP,US-30,Montgomery,IL,3.549,41.73058,-88.3459
68033,CIRCLE K #2703175,"I-520/SR-415, EXIT 9 & SR-56",Augusta,GA,3.282,33.47097,-81.97484
68036,MOBIL,"I-95, EXIT 60",Salisbury,MA,3.599,42.84176,-70.86061
68040,MISHAWAKA ROAD FLEET SITE,SR-19 & CR-20,Elkhart,IN,3.689,41.68199,-85.97667
68043,CARROLL MOTOR FUELS,US-40,Middle River,MD,3.139,39.33427,-76.43941
68048,CASEYS #3961,SR-3 & SR-143,Marcus,IA,3.299,42.82582,-95.80751
68052,CUBBYS #302,SR-39 & SR-175,Odebolt,IA,3.316,42.31221,-95.25055
68053,KJ TRAVEL CENTER,"US-20, EXIT 310",Idaho Falls,ID,3.407,43.46658,-112.03414
68055,Gallops,US-20,Michigan City,IN,3.399,41.70754,-86.89503
68062,FARMERS UNION OIL,US-83,Wilton,ND,3.899,47.1586,-100.78347
68065,Caseys #4450,US-160,Ulysses,KS,3.399,37.58141,-101.35517
68067,PUMP & PANTRY #2,US-30 & US-281,Grand Island,NE,3.307,40.92501,-98.34201
68068,ELGIN ONE STOP,SR-14 & SR-70,Elgin,NE,3.137,41.98334,-98.08368
68070,PAULS TRUCK STOP,US-171,Leesville,LA,3.449,31.14352,-93.261
68072,FAMILY FARE #834 (DISCOUNT AVAILABLE),"US-131, EXIT 175",Byron Center,MI,3.739,42.81225,-85.72281
68073,BIG BATS 2,US-20,Chadron,NE,3.699,42.82942,-102.99991
68076,JENNINGS TRUCKSTOP,"I-10, EXIT 65",Jennings,LA,2.999,30.22243,-92.65708
68079,NORTH FORK TRUCK STOP,US-12/CR-103,White Pigeon,MI,3.559,41.79811,-85.64332
68080,SAMMYS TRUCK AUTO PLAZA,"I-49, EXIT 53",Bunkie,LA,3.399,30.95325,-92.18263
68081,SHELL,SR-308 & SR-654,Mathews,LA,3.459,29.68632,-90.54675
68091,ALLTOWN MARKETS,"SR-101, EXIT 2",Auburn,NH,3.799,43.00453,-71.3484
68093,MARATHON,US-223/CR-52,Adrian,MI,3.599,41.89755,-84.03717
68095,ALEXS MARKET AND GRILL,"I-75, EXIT 101",Holly,MI,4.699,42.79197,-83.62773
68100,REFINED MARKETERS,"I-96, EXIT 31A/US-131, EXIT 88",Grand Rapids,MI,3.739,42.96336,-85.66809
68102,SUNOCO,ST 17,Carlstadt,NJ,3.162,40.84038,-74.0907
68107,SPEEDWAY #4500,"I-35, EXIT 171/CR-11",Pine City,MN,3.549,45.82607,-92.96854
68110,CIRCLE K #4705573,SR-82,Grafton,OH,3.749,41.27255,-82.05459
68112,QUICK FUEL #3138,"I-35, EXIT 98/CR-26",Saint Paul,MN,3.617,44.94441,-93.09327
68113,CIRCLE K #4705571,ST 2,Holland,OH,3.549,41.62172,-83.7116
68114,BP,US-130,Burlington,NJ,3.146,40.07122,-74.86489
68116,Circle K #2746335,"I-35, EXIT 22",Minneapolis,MN,3.799,44.97997,-93.26384
68122,CENEX,SR-11/SR-310,Roseau,MN,3.499,48.84609,-95.76277
68124,CIRCLE K #4705587,SR-585 & SR-57,Rittman,OH,3.659,40.97811,-81.78208
68129,CULVERS HAWKINS,"US-59/I-29, EXIT 43",Saint Joseph,MO,3.199,39.76861,-94.84663
68133,CASEYS #4256,US-71/SR-175,Joplin,MO,3.069,37.08423,-94.51328
68140,CROSSROADS RATON TRUCK STOP,"I-25/US-85, EXIT 451 & US-87",Raton,NM,3.499,36.90336,-104.43915
68147,Regal Truck Stop,SR 30,New Albany,MS,3.249,34.49427,-89.00784
68148,CIRCLE K #2723389,US-49,Gulfport,MS,2.944,30.36742,-89.09282
68151,KUM & GO #0498,SR-125,Rogersville,MO,3.052,37.117,-93.05573
68154,LOVES TRAVEL STOP #395,"I-57, EXIT 308",Kankakee,IL,3.379,41.12003,-87.86115
68155,SHEETZ #181,"I-80, EXIT 158 & SR-220",Bellefonte,PA,3.729,40.91339,-77.77833
68156,A PLUS MINI MARKET,"I-95, EXIT 26",Philadelphia,PA,3.999,39.95238,-75.16362
68157,RAJS MINI MART,US-1/SR-29,Morrisville,PA,3.899,40.2115,-74.78794
68158,SUNOCO,"I-78, EXIT 29A/SR-61",Shoemakersville,PA,3.639,40.50093,-75.96993
68161,KWIK FILL #390,SR-15 & TABER RD,Blossburg,PA,3.684,41.67952,-77.06386
68165,GOLDEN GATE Fallon,US-50,Fallon,NV,3.549,39.47353,-118.77737
68167,CIRCLE K #4707628,SR-90 & SR-5,Montezuma,NY,3.999,43.01006,-76.70328
68169,GOLDEN GATE GOLDEN VALLEY,"US-395, EXIT 73",Reno,NV,3.949,39.52963,-119.8138
68174,MIRABITO #42,"I-81, EXIT 7",Castle Creek,NY,3.999,42.22758,-75.91825
68177,ONVO TRAVEL PLAZA - MIFFLINVILLE,"I-80, EXIT 242/CR-339",Mifflinville,PA,3.366,41.03231,-76.30799
68178,CIRCLE K #2723748,"I-20, EXIT 48",Pearl,MS,3.389,32.27459,-90.13203
68179,WEST PAK A POK,SR-8,Houston,MS,3.399,33.89845,-88.99923
68180,One9 #1374,"I-81, EXIT 143, SR-924",Hazleton,PA,3.862,40.95842,-75.97465
68185,CITGO,US-22/SR-72,Jonestown,PA,3.749,40.4137,-76.4783
68188,ONVO TRAVEL PLAZA - GIBSON,"I-81, EXIT 219 & SR-848",New Milford,PA,3.589,41.87258,-75.72713
68189,EAGLE EXXON,US-27/SR-29,Dayton,TN,3.399,35.49396,-85.01245
68191,MARTIN GENERAL STORE # 207,SR-865/I-99 EXIT 41,Altoona,PA,3.539,40.51868,-78.39474
68196,CATDADDY MARKET,SR-33,Tazewell,TN,3.299,36.45425,-83.56935
68211,CEFCO #2005,"I-40, EXIT 73",Amarillo,TX,2.869,35.222,-101.8313
68212,CIRCLE K #2723415,"I-26, EXIT 16",Spartanburg,SC,3.099,34.94957,-81.93205
68213,CADOO MILLS,"I-30/US-67, EXIT 87 & FM-1903",Caddo Mills,TX,2.801,33.06567,-96.22776
68215,COWBOY TRAVEL PLAZA,"I-10, EXIT 833",Hamshire,TX,2.899,29.86161,-94.31241
68217,CIRCLE K #2723881,US-701 & US-501,Conway,SC,3.184,33.836,-79.04781
68225,OASIS TRUCK STOP,US-60 & US-83,Canadian,TX,3.299,35.91282,-100.38208
68227,QUARLES #4914,"I-64 EXIT 297, US-13",Chesapeake,VA,3.526,36.81904,-76.27494
68234,CIRCLE K #2723705,"I-81, EXIT 80 & SR-121",Wytheville,VA,3.266,36.94845,-81.08481
68236,TEX BEST #506,"I-35, EXIT 84",Dilley,TX,3.099,28.66748,-99.17059
68243,PILOT EXPRESS #1173,"I-5, EXIT 135",Tacoma,WA,4.599,47.25288,-122.44429
68245,STRIPES #40705,US-77/SR-374,Combes,TX,2.912,26.24869,-97.73388
68253,KENT KWIK #262,"CR-18/I-20, EXIT 80",Monahans,TX,2.859,31.5943,-102.89265
68256,EXTRA MILE TRUCK STOP,I-30 EXIT 208,Hooks,TX,2.817,33.46623,-94.28853
68257,LOVES TRAVEL STOP #292,"I-55, EXIT 220",Dwight,IL,3.349,41.09448,-88.42506
68258,CIRCLE K #2741536,SR-83/CR-1015,Weslaco,TX,3.036,26.15952,-97.99084
68260,ALVARADO MARKET STATION,"I-35W, EXIT 26A & US-67",Alvarado,TX,2.844,32.40653,-97.21168
68261,STRIPES #2294,US-83 & FM-1120,Leakey,TX,2.949,29.72884,-99.76145
68266,FREDS FUEL AND FOOD #2,"I-57, EXIT 283 & US-24",Gilman,IL,3.049,40.7667,-87.99226
68268,SPEED SMART,"I-10, EXIT 114",Buckeye,AZ,3.372,33.37032,-112.58378
68270,MPC #2,US-67 & CR-A,Fredericktown,MO,2.991,37.55978,-90.29401
68271,PHOENIX #308,ST 210,Rocky Point,NC,3.619,34.43517,-77.88776
68273,CHISUM TRAVEL CENTER,US-70/US-54,Tularosa,NM,2.999,33.07397,-106.0186
68274,CEFCO #6,SR-6 & SR-7,Marlin,TX,2.999,31.30629,-96.89804
68276,KWIK STAR #895,US-18/US-63 EXIT 204,New Hampton,IA,3.449,43.05914,-92.31768
68277,WHITE OAK STATION #15,US-65,Harrison,AR,3.599,36.22979,-93.10768
68279,MACS MARKET #101,ST 22A,Fair Haven,VT,3.599,43.59479,-73.26567
68282,SUNSTOP #612,US-84,Andalusia,AL,3.486,31.30808,-86.48243
68290,WALTON TRUCK STOP,US-78/SR-10 & SR-83,Monroe,GA,3.999,33.79484,-83.71323
68292,GAS N GO,US-280/US-19,Americus,GA,3.299,32.07239,-84.23269
68294,BP,"I-74, EXIT 51",Galesburg,IL,3.499,40.94782,-90.37124
68298,MR FUEL #719,"I-80, EXIT 6",Gary,IN,3.566,41.59337,-87.34643
68301,LOVES TRAVEL STOP #463,I-10 EXIT 604,Seguin,TX,3.179,29.56884,-97.96473
68302,FLYING J #493,I-95 EXIT 77,Saint George,SC,3.519,33.186,-80.57565
68303,KWIK TRIP #351,SR-13 & SR-64,Medford,WI,3.401,45.13858,-90.34014
68306,BIG D #018,SR-387 & SR-59,Gillette,WY,3.459,44.29109,-105.50222
68307,EXPRESSWAY LUVERNE,"I-90, EXIT 12",Luverne,MN,3.239,43.65414,-96.21281
68308,PINECONE TRAVEL PLAZA,"I-94, EXIT 267",Johnson Creek,WI,3.219,43.07611,-88.77427
68311,SUN DO KWIK SHOP,SR-242,Evergreen,NC,3.159,34.296,-78.21778
68314,Refuel #313,US-183 & SR-29,Liberty Hill,TX,2.909,30.66491,-97.92252
68315,SHELL,"I-40, EXIT 200 & SR-99",Seminole,OK,2.859,35.22452,-96.67057
68316,CIRCLE K #2723622,"I-75, EXIT 345",Ringgold,GA,3.076,34.91591,-85.10912
68318,NINOS TRUCK PLAZA,"I-10, EXIT 151",Port Allen,LA,3.039,30.45214,-91.21011
68319,HOLIDAY STATIONSTORE #2746484,US-61 & US-10,Hastings,MN,3.569,44.7433,-92.85243
68321,Big's #304,"I-35, EXIT 141",Moore,TX,2.999,29.05524,-99.01031
68323,TRAINER MART,"I-10, EXIT 593",Marion,TX,2.999,29.57134,-98.14029
68328,TONKAWA TRAVEL CENTER,"I-35, EXIT 214 & US-60",Tonkawa,OK,3.099,36.67837,-97.31004
68330,SHREES TRUCK STOP,"I-90, EXIT 149 & SR-281",George,WA,3.569,47.07902,-119.85588
68332,CIRCLE K #2701526,"I-40, EXIT 208",Colfax,NC,2.957,36.11264,-80.01448
68333,GO MART FOOD STORE #106,US-250/US-219/SR-92/SR-55,Elkins,WV,3.499,38.92594,-79.84673
68335,PILOT #481,"I-75, EXIT 20",Mc Donald,TN,3.599,35.11341,-84.98273
68337,SPEEDWAY #1426,US-30 & SR-51,Merrillville,IN,3.886,41.48281,-87.33281
68339,LOVES TRAVEL STOP #464,"I-10, EXIT 523 & US-87",Comfort,TX,3.212,29.96771,-98.90503
68343,HUTCH'S #119,I-40 EXIT 40,Elk City,OK,2.969,35.41199,-99.40426
68347,ENERGY EXPRESS TRAVEL CENTER,I-70 EXIT 247,Saint Louis,MO,2.909,38.62727,-90.19789
68348,HOT SPOT #6007,"I-85, EXIT 80",Spartanburg,SC,3.089,34.94957,-81.93205
68349,SAPP BROS TRAVEL CENTER,"US-75, EXIT 116",Le Mars,IA,3.269,42.79416,-96.16558
68350,JOAQUIN QUICK STOP,US-84,Joaquin,TX,3.432,31.96578,-94.05499
68354,LEERJAK TRAVEL CENTER,US-60,Ellsinore,MO,3.409,36.93422,-90.74679
68359,LOVES TRAVEL STOP #466,"I-78, EXIT 65",Jasper,AL,3.556,33.83122,-87.27751
68360,A PLUS MINI MARKET,"I-95, EXIT 19",Philadelphia,PA,4.049,39.95238,-75.16362
68361,DUCK THRU FOOD STORE #34,US-158 & US-17,Elizabeth City,NC,3.499,36.2946,-76.25105
68362,RUTTERS #5,US-30 & SR-997,Fayetteville,PA,3.859,39.9112,-77.54999
68364,Maplefields,"I-89, EXIT 19",Saint Albans,VT,3.539,44.81088,-73.08319
68365,7-ELEVEN #36834,SR-72,Abbeville,SC,3.619,34.17817,-82.37901
68366,MARATHON,US-68/SR-80,Russellville,KY,3.199,36.84532,-86.88722
68367,LOVES TRAVEL STOP #447,"I-10 E, EXIT 0",Anthony,TX,3.449,31.99927,-106.60555
68368,AKAL TRAVEL CENTER,I-80 EX 360,Waco,NE,2.799,40.89696,-97.46338
68369,WORKMANS TRAVEL CENTER,"I-40 EXIT, 35 & SR-23",Ozark,AR,3.297,35.48703,-93.8277
68370,GULF EXPRESS DIESEL AND GAS,"I-295, EXIT 4 & SR-14",Johnston,RI,3.799,41.82186,-71.50675
68372,SPEEDWAY #8062,SR-26/CR-00,Kokomo,IN,3.799,40.48643,-86.1336
68375,PILOT #491,"I-81, EXIT 251 & US-11",Harrisonburg,VA,3.659,38.44957,-78.86892
68377,PILOT #4568,I-20 EXIT 11,Graniteville,SC,3.392,33.56375,-81.80789
68378,PILOT TRAVEL CENTERS #596,I-69 EXIT 196,Smiths Creek,MI,3.959,42.91392,-82.60381
68381,Fast Stop Travel Centers #2241,US-26 S & SR-39,Blackfoot,ID,3.999,43.19047,-112.34498
68382,QUIKTRIP #766,US-29 & SR-316,Dacula,GA,3.321,33.98872,-83.89796
68383,AYERCO 32,US-61 & SR-P,Canton,MO,3.016,40.1295,-91.51852
68386,KWIK TRIP #884,US-45 & SR-22,Clintonville,WI,3.559,44.62053,-88.76232
68389,WEBERS OF PLYMOUTH,SR-57 N/CR-PP E,Plymouth,WI,3.499,43.74861,-87.97704
68394,CHEVRON,"I-84, EXIT 343/CR-104",Ogden,UT,3.442,41.223,-111.97383
68396,TOOT N TOTUM #44,SR-287 E/CR-335 N,Amarillo,TX,3.042,35.222,-101.8313
68403,RUTTERS #16,"I-83, EXIT 10 & SR-214",York,PA,4.199,39.9626,-76.72774
68405,PILOT TRAVEL CENTER #1028,"I-45, EXIT 178/US-79 N",Buffalo,TX,3.549,31.46379,-96.05802
68406,TOOT N TOTUM #114,US-385/US-54,Dalhart,TX,3.199,36.05948,-102.51325
68411,PAWNEE TRAVEL PLAZA,US-412 & SR-18,Pawnee,OK,3.044,36.33783,-96.80392
68416,STRIPES 7FLEET #42515,US-87 N,Lamesa,TX,3.099,32.7376,-101.95099
68417,7-ELEVEN #42072,"I-20, EXIT 599/SR-281",Longview,TX,3.207,32.5007,-94.74049
68419,ROAD RANGERS #270,"I-35, EXIT 114/SR-462",Moore,TX,3.169,29.05524,-99.01031
68420,SHELBINA Phillips 66,US-36 & SR-15,Shelbina,MO,3.099,39.69393,-92.04295
68421,STRIPES,US-77,Refugio,TX,3.074,28.30528,-97.27527
68423,GOLDEN GATE TRUCKSTOP,"I-80, EXIT 106 & SR-398",Lovelock,NV,3.649,40.17935,-118.47348
68424,MAVERICK TRAVEL CENTER,"I-20, EXIT 386/US-281",Santo,TX,3.099,32.60319,-98.21532
68428,STRIPES #40519,US-90/CR-1023,Uvalde,TX,3.359,29.20968,-99.78617
68432,PAPA ROCK,US-79/SR-76,Clarksville,TN,3.199,36.52977,-87.35945
68434,Circle K #2741789,"I-30, EXIT 98 & US-270",Malvern,AR,3.439,34.36231,-92.81295
68440,EXPRESS GAS,"I-40, EXIT 2A/US-51",Memphis,TN,2.979,35.14953,-90.04898
68441,QUIKTRIP #1106,US-76,Anderson,SC,2.959,34.50344,-82.65013
68444,Sunoco,US-30,Roebling,NJ,3.159,40.11594,-74.78627
68446,J J OIL #07,US-160,Ulysses,KS,3.399,37.58141,-101.35517
68447,JUMPIN JACKS 419,SR-161,Rockport,IN,3.999,37.88311,-87.04944
68451,CASEYS #3439,US-63,Lime Springs,IA,3.566,43.44886,-92.28073
68453,Marathon,US-82/US-27,Cuthbert,GA,3.699,31.77127,-84.78937
68458,SPEEDWAY #6278,"I-96, EXIT 16",Coopersville,MI,3.499,43.06391,-85.93477
68462,CHEVRON,SR-24 & SR-660,Houma,LA,3.099,29.59577,-90.71953
68463,SPANISH LAKE TRUCK AND CASINO PLAZA,SR-182,New Iberia,LA,3.329,30.00354,-91.81873
68465,LOVES TRAVEL STOP #470,"I-75, EXIT 451",Jasper,FL,3.327,30.51827,-82.94819
68466,KWIK TRIP #462,SR-11 & SR-83,Burlington,WI,3.274,42.67807,-88.2762
68468,SHELL,SR-193/SR-163 & CR-26,Theodore,AL,3.039,30.54769,-88.17528
68469,8 MILE STORE,"US-64/I-40, EXIT 127",Conway,AR,3.399,35.0887,-92.4421
68471,B LINE SHELL,SR-710,Jupiter,FL,3.957,26.93422,-80.09421
68476,CREEK TRAVEL PLAZA,"I-65, EXIT 54",Atmore,AL,3.136,31.02379,-87.49387
68480,KUM & GO #0414,US-212/SR-265,Springdale,AR,3.142,36.18674,-94.12881
68493,FAST TRACK 427,"I-10, EXIT 225/US-19",Lamont,FL,3.739,30.37715,-83.81294
68494,LOVES TRAVEL STOPS #469,"I-85, EXIT 15 & US-1",South Hill,VA,3.949,36.72653,-78.12889
68497,JACKSONS FOOD STORE #30,"I-86, EXIT 61",Pocatello,ID,3.459,42.8713,-112.44553
68499,DUBOIS TRAVEL STOP,I-15 & MAIN,Dubois,ID,4.299,44.1763,-112.23082
68506,WARRIOR RIDGE,US-22 & SR-3035,Ashland,PA,3.699,40.78175,-76.34578
68511,PWI #675,I-10/US-85/US-180 EXIT 155 & SR-227,Vado,NM,2.949,32.11176,-106.6625
68512,BP,US-29/SR-154,Palmetto,GA,3.249,33.51789,-84.66965
68518,CHEVRON,SR-243,Gordon,GA,3.359,32.88209,-83.33238
68520,SPEED GAS,SR-56,Rosenhayn,NJ,3.459,39.47817,-75.13129
68522,MINIT MART #600632,"I-474, EXIT 9 & SR-29",Pekin,IL,3.739,40.56754,-89.64066
68524,Coastal Fuel,US-421,Wilmington,NC,3.399,34.23556,-77.94604
68531,CASEYS #2845,"SR-150, I-380, EXIT 41",Urbana,IA,3.449,42.22416,-91.87434
68533,MACH ONE FOOD SHOP #17,US-45/US-50,Flora,IL,3.899,38.66894,-88.4856
68534,BG FOOD MART,US-31,Bowling Green,KY,3.057,36.99032,-86.4436
68535,CASEYS #3295,SR-35 & SR-27,Prairie Du Chien,WI,3.499,43.05165,-91.14124
68541,DUCK THRU #3,SR-11 & SR-561,Ahoskie,NC,3.562,36.28682,-76.98468
68542,EXCELL FUELS,SR-5,Buffalo,NY,3.999,42.88645,-78.87837
68549,GOOD 2 GO #212,US-310/SR 789,Lovell,WY,3.657,44.83745,-108.38956
68552,HUCKS FOOD & FUEL #368,"US-41, EXIT 44/SR-281",Madisonville,KY,3.399,37.3281,-87.49889
68556,MONICARLO FUEL STOP,US-61 & SR-54,Garyville,LA,3.199,30.05604,-90.61926
68559,KUM & GO #0779,"I-35, EXIT 92 & US-136",Bethany,MO,2.956,40.26833,-94.02829
68562,CHEVRON,SR-3235,Galliano,LA,3.499,29.44216,-90.29925
68572,FOOD N FUN #17,US-90 & SR-83 & CR-605,New Iberia,LA,3.067,30.00354,-91.81873
68574,SPRING STREET SERVICE STATION,US-1/US-9,Elizabeth,NJ,3.099,40.66399,-74.2107
68581,CHEVRON #308195,"I-82, EXIT 58/US-12 & SR-223",Granger,WA,4.329,46.34207,-120.18727
68588,SHELL,"US-202, EXIT 16",Orange,MA,3.649,42.59036,-72.30981
68592,Sprint Food #742,US-25/SR-121,North Augusta,SC,3.159,33.5018,-81.96512
68593,ONE9 #1285,"I-20, EXIT 386 & US-281",Santo,TX,2.924,32.60319,-98.21532
68594,CIRCLE K #2723796,SR-S-8-33 & SR-S-8-119,Charleston,SC,3.199,32.77632,-79.93275
68595,SUPER LUCKY LOUIES,US-190/SR-1,Port Allen,LA,3.032,30.45214,-91.21011
68596,FLASH MARKET SHELL,US-63,Koshkonong,MO,3.499,36.59589,-91.6457
68598,7-ELEVEN #41032,US-84 & US-259,Mount Enterprise,TX,3.349,31.91795,-94.68104
68602,NEW DIXIE MART #19,"I-95, EXIT150",Whitakers,NC,3.339,36.10543,-77.71275
68606,SAMS MART #95,SR-49,Harrisburg,NC,3.799,35.32395,-80.65784
68613,SHEETZ #236,SR-441 & SR-772,Marietta,PA,3.389,40.05704,-76.55219
68618,MINER TOWNE MART,206 R-11,Shullsburg,WI,3.399,42.57334,-90.23096
68621,CIRCLE K #2723367,"I-77, EXIT 8 & SR-148",Fancy Gap,VA,3.291,36.66596,-80.69229
68622,PILOT #474,"I-79, EXIT 67 & SR-19",Sutton,WV,3.866,38.66454,-80.70982
68623,FLYING J TRAVEL PLAZA #304,"I-469, EXIT 19 & US-30",New Haven,IN,3.859,41.0706,-85.01441
68624,PILOT #586,"I-10, EXIT 69 & SR-63",Moss Point,MS,3.459,30.41159,-88.53446
68625,FLYING J #470 HUDSON,"I-94, EXIT 10 & US-65",Roberts,WI,3.559,44.98386,-92.55603
68626,BECKS EXPRESS MART #14,SR-26,Princeton,IL,3.249,41.36809,-89.46481
68630,DOWNSTREAM Q STORE,US-166/US-400,Joplin,MO,3.199,37.08423,-94.51328
68642,EXXON SANDY RIDGE MART,"I-40/US-421, EXIT 208",Colfax,NC,3.099,36.11264,-80.01448
68643,SHELL,"I-95, EXIT 58 & US-13",Wade,NC,3.199,35.16294,-78.73613
68644,SUPERPUMPER #32,US-2,Minot,ND,3.599,48.23251,-101.29627
68650,MARATHON,"I-75, EXIT 8",Cincinnati,OH,3.899,39.12711,-84.51439
68653,KWIK TRIP #679,"I-43, EXIT 128 & SR-42",Sheboygan,WI,3.216,43.75083,-87.71453
68656,TA Express Williston,US-2 & US-85,Williston,ND,3.447,48.14697,-103.61797
68659,KWIK TRIP #659,"US-52, EXIT 56 & CR-22",Rochester,MN,3.549,44.02163,-92.4699
68663,LOVES TRAVEL STOP #474,US-85/US-2 & CR-6,Williston,ND,3.519,48.14697,-103.61797
68665,BIG D 14,"I-90, EXIT 46/US-14/SR-79",Piedmont,SD,3.137,44.23165,-103.38908
68671,CASEYS #2969,US-81 & RD F,Fairmont,NE,3.282,40.63695,-97.58533
68672,24 NORTH MOBIL,"I-495, EXIT 7A & SR-24, EXIT 14B",Bridgewater,MA,3.699,41.99038,-70.97504
68674,TEXACO,US-290 & SR-696,Elgin,TX,3.099,30.34965,-97.37027
68684,Rebecca Plantation Truck Plaza,"US-90, EXIT 200 & SR-311",Schriever,LA,2.999,29.74215,-90.81037
68685,QUICK FUEL #2403,"I-29/I-35/SR-71, EXIT 5B",Kansas City,MO,3.344,39.09973,-94.57857
68689,CHEVRON,"I-10, EXIT 59 & SR-395",Roanoke,LA,3.609,30.23687,-92.74709
68690,MARATHON,US-30 & SR-30,Mansfield,OH,3.499,40.75839,-82.51545
68691,BYRNE DAIRY #43,"I-81, EXIT 36 & SR-13",Pulaski,NY,4.099,43.56701,-76.1277
68692,DANDY MINI MART #57,SR-14,Horseheads,NY,3.899,42.16702,-76.82051
68693,SUPER STOPS,SR-70 & SR-308,Belle Rose,LA,3.499,30.05048,-91.04149
68696,STRIPES #40800,FM-351 & US-181,Beeville,TX,3.016,28.40095,-97.74974
68697,STRIPES #40915,"I-35, EXIT 8 & SR-20 & FM-1472",Laredo,TX,2.979,27.50641,-99.50754
68698,GAS N WASH,"I-80, EXIT 145 & SR-84",Mokena,IL,3.499,41.52614,-87.88922
68699,ORGANIC CONNECTION MOBIL,SR-997,Homestead,FL,3.344,25.46872,-80.47756
68701,SPEEDWAY #1421,US-45 & CR-74,Frankfort,IL,3.299,41.49587,-87.84866
68702,QUIKTRIP #1120,"I-85, EXIT 90 & SR-105",Gaffney,SC,3.191,35.07179,-81.64982
68708,LOVES TRAVEL STOP #476,"I-80, EXIT 292 & SR-130",Davenport,IA,3.862,41.52364,-90.57764
68716,ALLTOWN MARKETS #833,I-95 EXIT 41,Milford,CT,3.599,41.22232,-73.0565
68722,Pilot #140,US-40/US-191,Roosevelt,UT,3.759,40.2994,-109.98876
68730,KENT KWIK #315,SR-158 & FM-1788,Midland,TX,3.437,31.99735,-102.07791
68734,LOVES TRAVEL STOP #478,"I-15, EXIT 113",Idaho Falls,ID,3.756,43.46658,-112.03414
68737,KWIK TRIP #691,"I-39, EXIT 161",Stevens Point,WI,3.559,44.52358,-89.57456
68738,CASEYS #2316,US-136/SR-5 & SR-5,Unionville,MO,3.214,40.47696,-93.00326
68740,Certified Oil #400352,US-20 & SR-510 & SR-101,Clyde,OH,3.379,41.30422,-82.97519
68741,COUNTY LINE TRUCK STOP,SR-22,Dickinson,ND,3.532,46.87918,-102.78962
68742,ARTESIA #401,SR-82 & SR-285,Artesia,NM,3.439,32.84233,-104.4033
68796,MR FUEL #731,"I-70, EXIT 123 & SR-3",Spiceland,IN,3.699,39.83838,-85.43886
68797,SPEEDWAY #1412,SR-43,Frankfort,IL,3.359,41.49587,-87.84866
68798,PILOT DEALER #1179,SR-189,Nogales,AZ,4.249,31.34038,-110.93425
68799,SHELL FOOD MART # 25,"I-20, EXIT 77 & SR-13",Morton,MS,3.199,32.35376,-89.65452
68801,7-ELEVEN #40574,US-281,Blanco,TX,3.399,30.09799,-98.42141
68803,SHELL,"I-45, EXIT 152",Madisonville,TX,3.182,30.94991,-95.91162
68806,SHELL,US-90,Westwego,LA,3.066,29.90604,-90.1423
68808,SPEEDWAY #4574,US-701,Loris,SC,3.269,34.05628,-78.8903
68813,SPEEDWAY #8741,"I-96, EXIT 86 & SR-100",Eagle,MI,3.789,42.80781,-84.7886
68814,TA HOLBROOK,"I-40/US-180, EXIT 283",Holbrook,AZ,3.656,34.90225,-110.15818
68815,LOVES TRAVEL STOP #471,"I-35, EXIT 127 & FM-471",Natalia,TX,3.203,29.18968,-98.86253
68821,Joe's Kwik Mart #473,CR-139,Lancaster,NY,3.659,42.90061,-78.67031
68822,CASEYS #3919,"I-35/US-50, EXIT 148 & SR-131",Lebo,KS,3.089,38.41668,-95.85304
68823,FRIENDS FOOD MART,SR-13,Mansfield,OH,4.199,40.75839,-82.51545
68824,EXPRESSWAY,SR-60 & CR-9,Heron Lake,MN,3.299,43.79496,-95.32028
68825,ALLTOWN MARKETS #832,"I-95, EXIT 40",Milford,CT,3.599,41.22232,-73.0565
68826,HIGHWAY SERVICE,US-44,Seekonk,MA,3.319,41.80843,-71.337
68828,CIRCLE K #2721540,US-78 & SR-15,New Albany,MS,3.759,34.49427,-89.00784
68831,KWIK TRIP #896,SR-65 & CR-J,Minneapolis,MN,3.599,44.97997,-93.26384
68835,SPEEDWAY #7954,US-258/SR-24,Richlands,NC,3.324,34.89933,-77.54663
68836,Corner Market #160,US-60,Pampa,TX,3.399,35.53616,-100.95987
68839,CHOCTAW TRAVEL PLAZA #641,US-69/SR-43,Stringtown,OK,3.159,34.46676,-96.05333
68840,LOVES TRAVEL STOP #475,"I-20/US-84, EXIT 242 & FM-142",Sweetwater,TX,3.189,32.47095,-100.40594
68841,PILOT TRAVEL CENTER #575,"I-95, EXIT 1",Saint Marys,GA,3.599,30.73051,-81.54649
68843,PILOT #467,"I-37, EXIT 125",San Antonio,TX,3.399,29.42412,-98.49363
68844,FLYING J #553,"I-10, EXIT 259",Fort Stockton,TX,3.659,30.89404,-102.87932
68845,PILOT TRAVEL CENTER #4651,"I-95, EXIT 4",Skippers,VA,3.799,36.61182,-77.54665
68847,CIRCLE K #2741553,US-190/US-183 & US-281,Lampasas,TX,2.759,31.06378,-98.1817
68848,CIRCLE K #2741328,"I-35, EXIT 328 & FM-2063",Hewitt,TX,2.866,31.46239,-97.19584
68849,Circle K #2706632,US-80/SR-8 & CR-480,Selma,AL,3.699,32.40736,-87.0211
68850,SPRINT MART #67,US-84/US-425,Vidalia,LA,3.082,31.56544,-91.42595
68856,KWIK N EZ #1,"I-40, EXIT 265",Checotah,OK,2.909,35.4701,-95.52304
68860,PETRO STOP #394,"I-35, EXIT 101 & FM-140",Pearsall,TX,3.536,28.89219,-99.09503
68861,KWIK TRIP #733,SR-76/SR-44,Caledonia,MN,3.491,43.63469,-91.49681
68864,QUICK FUEL #3190,"I-75, EXIT 68",Dayton,OH,3.677,39.75895,-84.19161
68865,QUICK FUEL #3192,"I-275, EXIT 42B & SR-747",Cincinnati,OH,3.252,39.12711,-84.51439
68868,PUMP & PANTRY #14,SR-92/SR-2,Broken Bow,NE,3.299,41.40195,-99.63928
68869,PUMP & PANTRY #4,SR-2 & SR-11,Cairo,NE,3.327,41.00112,-98.60757
68873,ONVO TRAVEL PLAZA - MOUNTAIN COBB,"I-84, EXIT 8",Lake Ariel,PA,3.586,41.45397,-75.38268
68874,QUIKTRIP #492,"I-10, EXIT 114 & SR-85",Buckeye,AZ,3.369,33.37032,-112.58378
68875,SHEETZ #512,"I-40, EXIT 203 & SR-66",Kernersville,NC,2.844,36.11986,-80.07365
68882,CAPITAL FUELS MYTON,US-40/191,Myton,UT,3.502,40.1944,-110.06182
68883,CBH TRAVEL CENTER,US-85,Belle Fourche,SD,3.299,44.67137,-103.85215
68885,FLYING J #488,"I-35, EXIT 69",Cotulla,TX,3.599,28.43693,-99.23503
68886,BEBO'S,SR-38,Kentwood,LA,3.016,30.93824,-90.50898
68888,Express Lane,"US-80, EXIT 33 & US-6/SR-78",Annawan,IL,3.299,41.39726,-89.90455
68890,Circle K #2741795,"I-430, EXIT 12 & SR-100",Maumelle,AR,3.186,34.86676,-92.40432
68891,LOVES TRAVEL STOP #480,I-40 EXIT 364,Lenoir City,TN,3.439,35.7973,-84.25603
68892,OLIVE EXXON,US-31,Holland,MI,3.799,42.78752,-86.10893
68893,J & H FAMILY STORE,"I-96, EXIT 52 & SR-50",Lowell,MI,3.789,42.93364,-85.34196
68894,ROCKFORD MOBIL MART,"US-131, EXIT 97",Rockford,MI,3.299,43.12003,-85.56003
68895,J & H FAMILY STORE #103,"I-196, EXIT 62",Hudsonville,MI,3.399,42.87086,-85.86504
68897,TA CARYVILLE,"I-75, EXIT 141",Pioneer,TN,3.007,36.41758,-84.3141
68899,XTRAMART,SR-9,Westborough,MA,3.649,42.26954,-71.61618
68900,DUCK THRU #41,US-17/SR-37,Hertford,NC,3.599,36.19016,-76.46605
68901,SPEEDWAY #1224,"SR-741 & I-71, EXIT 25",Mason,OH,3.159,39.36006,-84.30994
68902,CASEYS #3062,SR-281 & SR-160,Medicine Lodge,KS,3.114,37.28113,-98.58036
68903,BIG D KWIK SHOP,SR-59,Gillette,WY,3.379,44.29109,-105.50222
68907,QUIKTRIP #943,"I-35E, EXIT 405 & US-77",Waxahachie,TX,2.896,32.38653,-96.84833
68908,SPEEDWAY #1804,"I-270, EXIT 32 & I-71, EXIT 116",Columbus,OH,3.692,39.96118,-82.99879
68912,Chisholm Corner #13,"SR-19 & I-35, EXIT 72",Pauls Valley,OK,3.089,34.74008,-97.22225
68913,CASEYS #3263,"I-90, EXIT 43 & SR-60",Worthington,MN,3.142,43.61996,-95.5964
68915,PUMP & PANTRY #53,US-20,Jackson,NE,3.412,42.44861,-96.56476
68916,YESWAY #1075,"I-20, EXIT 278",Tye,TX,2.876,32.45762,-99.87148
68919,GULF MART 5150,"I-90 E, MM 117",Natick,MA,4.066,42.28343,-71.3495
68921,GAS N GO,US-341/SR-7 & SR-96/SR-49,Fort Valley,GA,3.182,32.55376,-83.88741
68923,STRIPES 7FLEET #42509,US-67 & SR-137,Big Lake,TX,3.599,31.19154,-101.46039
68924,KWIK TRIP #326,"I-90, EXIT 171 & US-51 & US-14",Janesville,WI,3.374,42.68279,-89.01872
68925,KWIK TRIP #874,"I-35, EXIT 132 & US-8",Chisago City,MN,3.327,45.37358,-92.88994
68926,KWIK TRIP #872,SR-26,Jefferson,WI,3.382,43.00556,-88.80733
68927,MARATHON,US-19 & SR-80,Rosedale,VA,3.749,36.95928,-81.93124
68928,PILOT TRAVEL CENTER #475,"I-40, EXIT 196 & SR-41",Moriarty,NM,3.244,34.99005,-106.04919
68929,SPEEDWAY #6953,"I-74/US-311, EXIT 65",High Point,NC,3.529,35.95569,-80.00532
68930,PILOT #4569,"I-95, EXIT 5",Hardeeville,SC,3.376,32.28714,-81.08067
68933,RUTTERS #23,US-30 & SR-462,Mountville,PA,3.979,40.03926,-76.4308
68935,JACKSONS FOOD STORES #144,I-84 & SR-55,Nampa,ID,3.899,43.54072,-116.56346
68936,AMOCO,US-421/SR-11 & SR-53,Burgaw,NC,3.599,34.55211,-77.9261
68937,LANTZ CORNERS MINI MART #255,US-6 & US-219,Kane,PA,3.716,41.66284,-78.81114
68938,TOOT N TOTUM #23,SR-136/207 & SR-152,Borger,TX,3.016,35.66782,-101.39739
68941,ALLTOWN MARKETS #2743,"US-3, EXIT 28",North Billerica,MA,3.682,42.58343,-71.2845
68946,FLYING J #97,"I-75, EXIT 64",Vandalia,OH,3.352,39.89061,-84.19883
68947,PILOT TRAVEL CENTER #593,"I-10, EXIT 268",Tucson,AZ,3.302,32.22174,-110.92648
68949,JOES KWIK MARTS #475,US-15 & SR-20,Orange,VA,3.332,38.24541,-78.11083
68950,KWIK TRIP #608,US-52 & SR-30,Chatfield,MN,3.482,43.84552,-92.18905
68951,KWIK TRIP #313,US-10 & SR-73,Neillsville,WI,3.339,44.55996,-90.59625
68952,MAVERIK COUNTRY STORE #425,"I-84, EXIT 376, US-30/US-95",Fruitland,ID,3.366,44.00766,-116.91655
68956,SPEEDWAY #4533,"US-18/US-12, EXIT 146",Madison,WI,3.599,43.07305,-89.40123
68957,TA EXPRESS #6259,US-85/SR-200,Alexander,ND,3.526,47.84308,-103.6427
68959,SPEEDWAY #5215,"I-70, EXIT 66 & SR-54",South Vienna,OH,3.159,39.927,-83.61242
68960,MAVERIK COUNTRY STORE #484,"I-15/84, EXIT 343 & SR-126",Ogden,UT,3.392,41.223,-111.97383
68964,JIFFY TRIP #201,US-64/SR-58,Cherokee,OK,3.269,36.75447,-98.35674
68969,MAVERIK COUNTRY STORE #474,"I-80, EXIT 115, CR-154",Salt Lake City,UT,3.389,40.76078,-111.89105
68971,FLYING J #580,"I-20, EXIT 121",Odessa,TX,3.566,31.84568,-102.36764
68972,SUNOCO CLARA BARTON PLAZA #7005,NJTP MM 5 SB,Penns Grove,NJ,3.899,39.72956,-75.46797
68974,STRIPES #40801,US-181 & SR-123 & CR-347,Karnes City,TX,3.174,28.88498,-97.90084
68976,MAVERIK COUNTRY STORE #453,"I-80, EXIT 223 & SR-305",Battle Mountain,NV,3.389,40.64213,-116.93427
68977,MAVERIK COUNTRY STORE #444,US-491 & US-666,Monticello,UT,3.489,37.87138,-109.34289
68978,MAVERIK COUNTRY STORE #287,"I-84, EXIT 36 & US-30",Nampa,ID,3.386,43.54072,-116.56346
68979,MAVERIK COUNTRY STORE #478,"I-40, EXIT 286 & SR-77",Holbrook,AZ,3.224,34.90225,-110.15818
68981,PETRO-CARD 24 #910450,US-63 & US-36,Macon,MO,3.239,39.74226,-92.47269
68982,SHELL,US-23,Grand Blanc,MI,3.799,42.92753,-83.62995
68985,LOVES TRAVEL STOP #500,"I-35, EXIT 106",Eagleville,MO,3.789,40.46917,-93.98717
68987,STRIPES #40535,I-35,Cotulla,TX,3.339,28.43693,-99.23503
68988,7-ELEVEN #40547,US-281 & SR-29,Burnet,TX,2.957,30.75824,-98.22836
68989,QUARLES #4907,SR-166,Norfolk,VA,3.809,36.84681,-76.28522
68990,LOVES TRAVEL STOP #490,"I-24, EXIT 158",Jasper,TN,3.252,35.07424,-85.62608
68991,LOVES TRAVEL STOP #514,"I-90/US-395, EXIT 221 & SR-261",Ritzville,WA,3.919,47.12755,-118.37999
68992,SHORT STOP #24,US-24,Saint Marys,KS,2.967,39.19416,-96.0711
68993,SHORT STOP #22,SR-15,Clay Center,KS,2.972,37.51946,-96.77114
68994,SHORT STOP #25,US-36 & SR-15,Washington,KS,2.902,39.81806,-97.05086
68995,ALLTOWN MARKETS #839,"I-95, EXIT 10",Darien,CT,3.832,41.07871,-73.46929
68996,BLU / DRIVEN FUELS,"I-15, EXIT 113",Idaho Falls,ID,3.479,43.46658,-112.03414
69002,KWIK TRIP #863,US-10,Stevens Point,WI,3.584,44.52358,-89.57456
69004,Maplefields,HWY 9 N & ROUTE 22,Ticonderoga,NY,3.749,43.84867,-73.42345
69005,SPEEDWAY #1017,"I-70, EXIT 186 & SR-285",Lore City,OH,3.232,39.98479,-81.45845
69006,PILOT #449,"I-70, EXIT 208",Belmont,OH,3.539,39.7295,-84.13966
69007,SPEEDWAY #7136,US-41 & US-70,Nashville,TN,3.242,36.16589,-86.78444
69008,SPEEDWAY #7137,SR-42 & SR-111,Cookeville,TN,3.077,36.16284,-85.50164
69009,PILOT #1140,US-287,Rhome,TX,3.176,33.05346,-97.47197
69010,PILOT TRAVEL CENTER #1023,US-69 & US-59/SR-287,Lufkin,TX,3.659,31.33824,-94.7291
69013,SPEEDWAY #7124,US-231/SR-10,Lebanon,TN,3.024,36.20811,-86.2911
69014,SPEEDWAY #4100,"I-94, EXIT 308 & US-41",Milwaukee,WI,3.599,43.0389,-87.90647
69015,Joe's Kwik Mart,"I-75, EXIT 7 & US-11 & US-64",Chattanooga,TN,3.149,35.04563,-85.30968
69016,SPEEDWAY #7606,"I-75, EXIT 25",Corbin,KY,3.519,36.9487,-84.09688
69017,SHELL,US-71 & SR-511,Bossier City,LA,2.999,32.51599,-93.73212
69021,SWEET CRUDE TRAVEL CENTER,HWY 85 & SR 200,Grassy Butte,ND,3.641,47.39251,-103.24797
69027,SPINX #134 (DISCOUNT AVAILABLE),SR-55 & 418,Simpsonville,SC,3.066,34.73706,-82.25428
69028,LOVES TRAVEL STOP #427,"I-75, EXIT 51",Dayton,OH,3.319,39.75895,-84.19161
69029,LOVES TRAVEL STOP #461,"I-70, EXIT 246A",Saint Louis,MO,3.114,38.62727,-90.19789
69030,LOVES TRAVEL STOP #424,"I-20, EXIT 51",Lexington,SC,3.407,33.98154,-81.23621
69031,LOVES TRAVEL STOPS #492,"I-20, EXIT 42 & US-285",Pecos,TX,3.449,31.42291,-103.49323
69036,REFUEL #1038,US-15 & SR-151,Hartsville,SC,3.366,34.37404,-80.0734
69037,CIRCLE K #2723192,US-64 & US-421,Siler City,NC,2.949,35.72347,-79.46224
69038,REFUEL #1028,US-421/US-52 & US-15,Society Hill,SC,3.399,34.51266,-79.8509
69041,SPEEDWAY #7960,US-258/US-13,Farmville,NC,2.899,35.59544,-77.58525
69042,Joes Kwik Mart #7012,US-17/701,Georgetown,SC,2.999,33.37683,-79.2945
69043,KWIK TRIP #204,"US-51, EXIT 188",Wausau,WI,3.332,44.95914,-89.63012
69045,TA BRUNSWICK #6258,"I-95, EXIT 29",Brunswick,GA,3.461,31.15013,-81.49147
69046,SPEEDWAY #6303,"I-96, EXIT 4 & US-31",Muskegon,MI,3.279,43.23418,-86.24839
69047,SPEEDWAY #7461,I-294 & SR-50/SR-31,Alsip,IL,3.219,41.66892,-87.73866
69048,QUICK FUEL #2104,"I-74, EXIT 11",Indianapolis,IN,3.662,39.76838,-86.15804
69049,CIRCLE K #2741787,"I-440, EXIT 7 & US-165",North Little Rock,AR,3.369,34.76954,-92.26709
69051,PILOT TRAVEL CENTER #1225,"I-64, EXIT 23 & SR-4",Mascoutah,IL,3.799,38.49033,-89.79315
69052,PILOT DEALER #1193,US-93,Wikieup,AZ,3.839,34.70335,-113.61132
69053,PILOT #1192,US-60,Wittmann,AZ,4.899,33.77642,-112.5285
69055,PILOT DEALER #1058,US-301 & SR-200,Waldo,FL,3.799,29.78969,-82.16732
69057,MACH ONE FOOD SHOP #18,US-45/SR-15,Fairfield,IL,3.729,42.21919,-88.06147
69058,FOOD N FUEL,SR-53,Joliet,IL,3.499,41.52519,-88.0834
69059,LOVES TRAVEL STOP #530,"I-20, EXIT 147",Moody,AL,3.176,33.59094,-86.49082
69061,SPINX #125 (DISCOUNT AVAILABLE),US-25 & SR-331,Piedmont,SC,3.066,34.70234,-82.46457
69064,DUCK THRU #7,US-258,Rich Square,NC,3.699,36.27404,-77.28441
69067,AP FUEL STOP,"I-75, EXIT 120",Lima,OH,3.081,40.74255,-84.10523
69069,SPINX #179 (DISCOUNT AVAILABLE),SR-291,Greenville,SC,3.799,34.85262,-82.39401
69073,LOVES TRAVEL CENTER #518,"I-15, EXIT 260 & SR-77",Springville,UT,3.689,40.16523,-111.61075
69076,A PLUS MINI MARKET,"I-95, MM 82",Aberdeen,MD,3.832,39.50956,-76.16412
69077,FLYING J #554,"I-37, EXIT 56",George West,TX,3.199,28.3325,-98.11751
69078,PILOT #559,"I-20, EXIT 178",Big Spring,TX,3.659,32.2504,-101.47874
69079,Circle K #2746432,SR-2,Stanley,ND,3.549,48.31724,-102.39045
69084,TIGER MART #79,SR-287 & FM-664,Waxahachie,TX,2.849,32.38653,-96.84833
69085,FATDOGS OGALLALA,"US-80, EXIT 126 & US-26/SR-61",Ogallala,NE,3.014,41.12805,-101.71962
69088,SPEEDWAY #3478,US-9 & SR-184,Perth Amboy,NJ,3.419,40.50677,-74.26542
69091,SPEEDWAY #6670,US-36/SR-67,Indianapolis,IN,3.229,39.76838,-86.15804
69095,JACKSONS FOOD STORE #23,"SR-395, EXIT 78",Reno,NV,3.999,39.52963,-119.8138
69096,SPEEDWAY #2907,US-62 & SR-18,Hermitage,PA,3.937,41.23339,-80.44868
69097,CIRCLE K #2741192,"I-30, EXIT 42B & SR-180",Dallas,TX,2.899,32.78306,-96.80667
69098,CIRCLE K #2741318,SR-285 & CR-160,Dripping Springs,TX,3.049,30.19021,-98.08668
69099,LOVES TRAVEL STOP #523,"I-10, EXIT 92",Rayne,LA,3.149,30.23493,-92.26846
69100,DADS NORTH YELLOWSTONE,US-26,Idaho Falls,ID,3.599,43.46658,-112.03414
69101,BROMPTON VALERO,"I-20, EXIT 147 WEST",Moody,AL,3.122,33.59094,-86.49082
69102,CIRCLE K #4701445,"I-57, EXIT 250 & US-36",Rantoul,IL,3.599,40.30837,-88.15588
69103,LOVES TRAVEL STOP #539,US-385 & FM-1910,Andrews,TX,3.689,32.31872,-102.54572
69104,QUIKTRIP #970,SR-12 & SR-180,Dallas,TX,2.976,32.78306,-96.80667
69106,SPINX #201,"I-185, EXIT 1A, I-385, EXIT 30",Simpsonville,SC,2.966,34.73706,-82.25428
69109,SHEETZ #497,"I-99, EXIT 15 & US-220 (BUSINESS)",Claysburg,PA,3.644,40.29674,-78.44974
69110,SHEETZ #498,US-22/US-119,Blairsville,PA,3.527,40.43118,-79.26087
69112,LOVES TRAVEL STOP #529,"I-39, EXIT 54",Oglesby,IL,3.389,41.29531,-89.05953
69115,BP,"I-90, EXIT 387/CR-151",Hartford,SD,2.977,43.62303,-96.94255
69117,SPEEDWAY #6395,US-24 & SR-64,Waterville,OH,3.699,41.50089,-83.71827
69119,CIRCLE K #2741217,"I-24, EXIT 242 & US-550/SR-24",Bernalillo,NM,3.526,35.30004,-106.55114
69122,DOUBLE QUICK #61,US-82,Leland,MS,3.299,33.40539,-90.8976
69123,LATTA TRAVEL STOP,SR-1,Ada,OK,3.107,34.77453,-96.67834
69124,LOVES TRAVEL STOP #467,"I-95, EXIT 131 & SR-68",Fort Pierce,FL,3.506,27.44671,-80.32561
69125,TA BROOKLYN,"I-80, EXIT 197",Brooklyn,IA,3.819,41.73361,-92.44546
69127,TALL TIMBERS TRUCK STOP,"I-55, EXIT 46 & SR-16",Amite,LA,2.999,30.72657,-90.50898
69128,BEACON & BRIDGE #34,"US-127, EXIT 194 & SR-55",Houghton Lake,MI,3.399,44.31474,-84.76475
69132,PILOT #1001,US-67 & SR-137,Big Lake,TX,4.059,31.19154,-101.46039
69133,PILOT TRAVEL CENTERS #557,US-180 & US-62,Hobbs,NM,3.729,32.70261,-103.13604
69134,LOVES TRAVEL STOP #486,"I-40 & US-270, EXIT 166",Choctaw,OK,3.337,35.49756,-97.26892
69135,SPEEDWAY #8013,"I-70, EXIT 21",Brookville,OH,3.341,39.83672,-84.41134
69137,CIRCLE K #2741564,"I-35/US-77, EXIT 338B",Waco,TX,2.889,31.54933,-97.14667
69139,CIRCLE K #2741545,SR-72 & US-87,Cuero,TX,3.099,29.09387,-97.28916
69141,LOVES TRAVEL STOP #558,US-283 & US-400/US-56,Dodge City,KS,3.789,37.7528,-100.01708
69142,LOVES TRAVEL STOP #517,"I-70, EXIT 26 & US-50/6",Grand Junction,CO,3.989,39.06387,-108.55065
69143,MACH 1 #21,US-45 & SR-34,Harrisburg,IL,3.689,37.73838,-88.54061
69144,STRIPES 7FLEET #42530,SR-71 & SR-16,Llano,TX,3.232,30.75935,-98.67504
69145,SPEEDWAY #9561,"I-77, EXIT 132",Ripley,WV,3.499,38.8187,-81.71069
69146,DRUMS FUEL STOP,I-80 EXIT 262,Drums,PA,3.569,41.01814,-75.99493
69149,BLU STATION- LAMAR AVE,"I-240, EXIT 30",Memphis,TN,2.969,35.14953,-90.04898
69150,BLU STATION,"I-70, EXIT 66 & SR-267",Plainfield,IN,3.479,39.70421,-86.39944
69151,PILOT #592,"I-70, EXIT 26 & US-50",Grand Junction,CO,3.999,39.06387,-108.55065
69152,LOVES TRAVEL STOP #557,"US-64/167, EXIT 44 & SR-367",Searcy,AR,3.362,35.25064,-91.73625
69153,Pilot Travel Center #1550,"I-65, EXIT 304 & SR-69/CR-437",Cullman,AL,3.859,34.17482,-86.84361
69155,PILOT TRAVEL CENTERS #1004,"I-35, EXIT 214 & US-60",Tonkawa,OK,3.596,36.67837,-97.31004
69156,BLU STATION,"I-55, EXIT 5A",Memphis,TN,2.969,35.14953,-90.04898
69159,EXXON,US-15 & SR-49,Lawrenceville,PA,3.699,40.46757,-79.96061
69162,Shell,US-20 & SR-15,Goshen,IN,3.549,41.58227,-85.83444
69163,CUBBYS #406,"I-229, EXIT 9 & SR-115",Sioux Falls,SD,3.099,43.54369,-96.72796
69164,CIRCLE K #2741557,US-190 & SR-195 & SR-3470,Killeen,TX,2.762,31.11712,-97.7278
69165,EL TIPI QUICK STOP,US-283 & SR-15,Shattuck,OK,3.232,36.27614,-99.88276
69167,HOBO TRUCK STOP 2,US-50/400 & US-83,Garden City,KS,3.399,37.97169,-100.87266
69168,STRIPES 7FLEET #42470,I-20 EXIT 324 & CR-134,Cisco,TX,3.127,32.38819,-98.97923
69169,LAMBOS #5,"I-57, EXIT 212 & SR-36/CR-950",Tuscola,IL,3.229,39.7992,-88.2831
69170,SPEEDWAY #9381,US-50 & SR-14,Parkersburg,WV,3.464,39.26674,-81.56151
69171,KWIK STAR #215,US-61,Davenport,IA,3.649,41.52364,-90.57764
69172,KWIK TRIP #210,"US-53, EXIT 90",Eau Claire,WI,3.407,44.81135,-91.49849
69173,KWIK TRIP #231,US-61 & SR-310,Boscobel,WI,3.474,43.13443,-90.7054
69174,KWIK TRIP #860,SR-17,Rhinelander,WI,3.452,45.63662,-89.41208
69175,KWIK TRIP #854,US-212 & CR-33,Norwood Young America,MN,3.674,44.77357,-93.92163
69176,FLYING J TRAVEL PLAZA #1015- TOWN PUMP,SR-200/SR-16 & CR-123,Sidney,MT,3.384,47.71668,-104.15633
69177,LOVES TRAVEL STOP #426,"I-80, EXIT 34",Shelby,IA,3.649,41.5161,-95.45028
69178,LOVES TRAVEL STOP #495,"I-75, EXIT 143 & CR-78",North Fort Myers,FL,3.789,26.66729,-81.88009
69182,XtraMart #1513,"I-87, EXIT 10 & US-9",Clifton Park,NY,3.899,42.86563,-73.77095
69183,SPEEDWAY #7611,"I-71, EXIT 65 & SR-435",Jeffersonville,OH,3.229,39.65367,-83.56381
69185,LOVES TRAVEL STOP #560,US-258 & US-58,Franklin,VA,3.889,36.67765,-76.92246
69186,LOVES TRAVEL STOP #551,US-20 & CR-127,Angola,IN,3.889,41.63477,-84.99941
69187,LOVES TRAVEL STOP #559,US-82 & US-49,Indianola,MS,3.316,33.45095,-90.65509
69188,PILOT TRAVEL CENTER #1013-TOWN PUMP,"I-90, EXIT 298",Belgrade,MT,3.631,45.77604,-111.1769
69189,LOVES TRAVEL STOP #542,"I-10, EXIT 261/US-67 & I-10 BUS",Fort Stockton,TX,3.649,30.89404,-102.87932
69190,LOVES TRAVEL STOP #561,"I-10, EXIT 70 & US-90 & SR-285",Defuniak Springs,FL,3.609,30.72102,-86.11522
69193,Certified Oil #400305,SR-2 & SR-7,New Martinsville,WV,3.317,39.64452,-80.8576
69194,CHESAPEAKE HOUSE SUNOCO,"I-95, EXIT 97",North East,MD,3.832,39.60011,-75.94133
69200,BECKS EXPRESS MART #22,"I-55, EXIT 126",Lincoln,IL,3.299,40.14838,-89.36482
69201,CASEYS #3654,SR-210,Brainerd,MN,3.446,46.35802,-94.20083
69203,SPEEDWAY #1414,US-45,Mokena,IL,3.339,41.52614,-87.88922
69207,CIRCLE K #2705988,"I-10, EXIT 209A & US-90/SR-10",Tallahassee,FL,3.619,30.43826,-84.28073
69211,KWIK TRIP #213,"I-35/US-61, EXIT 139 & CR-19",Stacy,MN,3.377,45.39802,-92.98744
69213,Circle K #2741498,SR-72 & SR-16,Tilden,TX,3.199,28.46194,-98.54918
69214,MAVERIK #5031,"I-70, EXIT 90 & US-24",Rifle,CO,3.462,39.5347,-107.78312
69215,GASWAY,US-1,North Brunswick,NJ,3.159,40.454,-74.482
69217,Circle K #4705624,"I-76, EXIT 2 & US-224",Seville,OH,3.066,41.01006,-81.86236
69218,DANDY MINI MART #58,"I-86, EXIT 41 & US-17/15",Campbell,NY,3.899,42.23313,-77.19747
69220,CIRCLE K #2705097,"I-275, EXIT 2 & US-41",Palmetto,FL,3.699,27.52143,-82.57232
69221,PILOT TRAVEL CENTER #483,"I-80, EXIT 112 & SR-47",Morris,IL,3.799,41.35725,-88.42118
69222,PILOT TRAVEL CENTERS #1003,US-287 & US-283,Childress,TX,3.799,34.42645,-100.204
69223,LOVES TRAVEL STOP #566,"US-231/CR-53, EXIT 12",Ozark,AL,3.989,31.45906,-85.64049
69226,STRIPES #40812,US-77,Odem,TX,3.199,27.95057,-97.58222
69228,QUIKTRIP #993,"I-20, EXIT 501 & SR-34",Terrell,TX,2.871,32.73596,-96.27526
69229,SPEEDWAY #7154,"I-40, EXIT 87 & US-70",Jackson,TN,3.399,35.61452,-88.81395
69230,JOES KWIK MARTS #6013,SR-16 & SR-73,Denver,NC,3.189,35.53125,-81.0298
69233,PILOT TRAVEL CENTER #597,US-23 & US-50,Chillicothe,OH,3.799,39.33312,-82.9824
69234,KWIK TRIP #220,US-53/SR-194,Duluth,MN,3.499,46.78327,-92.10658
69235,KWIK TRIP #203,US-2 & SR-35,Superior,WI,3.339,46.72077,-92.10408
69236,KWIK TRIP #225,SR-54/SR-55,Seymour,WI,3.391,44.51499,-88.33038
69237,KWIK TRIP #239,"I-43, EXIT 50 & SR-164",Big Bend,WI,3.332,42.8814,-88.20676
69238,KWIK TRIP #242,"US-41, EXIT 97",Fond Du Lac,WI,3.341,43.775,-88.43883
69239,LOVES TRAVEL STOP #580,SR-20/157 & SR-133,Tuscumbia,AL,3.849,34.7312,-87.70253
69245,SPEEDWAY #7946,SR-24,Newport,NC,3.699,34.78655,-76.85911
69250,MAVERIK #5150,"I-25, EXIT 278 & SR-1",Wellington,CO,3.199,40.70387,-105.00859
69252,SPEEDWAY #6977,SR-96,Youngsville,NC,2.952,36.02487,-78.47444
69255,THE LANDING,US-82,Greenwood,MS,3.199,33.51623,-90.17953
69257,CATARINA ONE STOP,US-83,Catarina,TX,3.024,28.34555,-99.61338
69258,TEX-BEST #525,"I-37, EXIT 109 & SR-97",Pleasanton,TX,3.099,28.96719,-98.47863
69259,SPEEDWAY #7162,US-74/SR-311,Cleveland,TN,3.449,35.15952,-84.87661
69261,THORNTONS #314,SR-83,Bensenville,IL,3.409,41.95503,-87.94007
69263,LOVES TRAVEL STOP #564,US-82 & SR-50 & SR-12,Columbus,MS,3.249,33.49567,-88.42726
69288,KWIK STAR #207,"US-61, EXIT 311B & US-30",De Witt,IA,3.624,41.82336,-90.53819
69289,KWIK TRIP #224,"I-35, EXIT 254",Duluth,MN,3.499,46.78327,-92.10658
69290,LOVES TRAVEL STOP #587,"I-41/US-45, EXIT 97",Fond Du Lac,WI,3.446,43.775,-88.43883
69291,LOVES TRAVEL STOP #581,"I-70, EXIT 56 & US-89",Salina,UT,3.706,38.95774,-111.85993
69294,KWIK TRIP #317,"I-90, EXIT 28 & SR-16",Sparta,WI,3.242,43.94413,-90.81291
69296,KWIK TRIP #234,"I-35, EXIT 239",Cloquet,MN,3.319,46.72161,-92.45936
69297,KWIK TRIP #241,"US-51, EXIT 208 & SR-64",Merrill,WI,3.407,45.18052,-89.68346
69299,SPEEDWAY #7912,US-421/SR-16,Wilkesboro,NC,3.134,36.14596,-81.16064
69300,SPEEDWAY #8262,SR-306 & SR-55,Grantsboro,NC,3.441,35.14044,-76.84244
69301,SPEEDWAY #6969,US-264 & SR-99,Belhaven,NC,3.197,35.54017,-76.62299
69305,ROAD RANGER #268,"I-64, EXIT 130 & SR-1",Grayville,IL,3.799,38.25755,-87.99364
69306,PILOT TRAVEL CENTER #500,"I-75, EXIT 460 & SR-6",Jasper,FL,3.369,30.51827,-82.94819
69307,LOVES TRAVEL STOP #578,I-55 EXIT 30 & SR-140,Hamel,IL,3.419,38.88894,-89.84538
69308,LOVES TRAVEL STOP #535,SR-283,Middletown,PA,3.759,40.19981,-76.73108
69309,PILOT TRAVEL CENTER #1012,"US-218, EXIT 42B & US-34",Mount Pleasant,IA,3.566,40.96364,-91.55794
69310,PILOT TRAVEL CENTER #1006,"I-10, EXIT 456 & US-377",Junction,TX,3.599,30.48936,-99.77201
69311,GOLDEN GATE TRUCKSTOP HAWTHORNE,US-95/SR-362,Hawthorne,NV,4.079,38.52464,-118.62458
69312,ONVO TRAVEL PLAZA - DUNCANNON,US-11/15,Duncannon,PA,3.552,40.39814,-77.02303
69313,PETERSONS DIESEL FUELING,"I-5, EXIT 156",Seattle,WA,4.399,47.60621,-122.33207
69314,Circle K #4706799,"I-55, EXIT 283 & SR-43",Bridgeview,IL,3.919,41.75003,-87.80422
69315,ROAD RANGER #269,"I-70, EXIT 147 & SR-1",Marshall,IL,3.249,39.39143,-87.69364
69318,FUEL ONE,US-9 & SR-35,Avenel,NJ,3.372,40.58038,-74.28515
69319,SPEEDWAY #8190,US-117/13 BYP S,Goldsboro,NC,3.599,35.38488,-77.99277
69321,CIRCLE K #2741546,US-90,Gonzales,TX,2.876,29.50163,-97.45249
69322,SHELL SERVICE STATION,"I-10, EXIT 828 & SR-73",Winnie,TX,3.232,29.82022,-94.38408
69324,CIRCLE K #4707006,"I-95, EXIT 302 & US-1",Houlton,ME,3.899,46.12616,-67.8403
69330,KWIK TRIP #292,"I-43, EXIT 183",Green Bay,WI,3.391,44.51916,-88.01983
69333,SPEEDWAY #3578,"US-131, EXIT 64",Wayland,MI,3.499,42.67392,-85.64474
69336,SPEEDWAY #7148,"I-40, EXIT 232 & SR-109",Lebanon,TN,2.922,36.20811,-86.2911
69338,SPEEDWAY #6139,US-30 & SR-13,Pierceton,IN,3.729,41.20032,-85.70554
69339,SPEEDWAY #9383,"I-75, EXIT 29 & SR-63",Monroe,OH,3.202,39.44034,-84.36216
69341,CIRCLE K #2741067,"I-410/US-281, EXIT 41",San Antonio,TX,2.899,29.42412,-98.49363
69342,WARREN OIL,"I-90, EXIT 3 & US-41 & SR-912",Hammond,IN,3.439,41.58337,-87.50004
69344,CIRCLE K #2741078,SR-97 & SR-123,Stockdale,TX,3.079,29.23691,-97.96
69345,RUTTERS #20,"I-76, EXIT 247 & I-283, EXIT 1A",Middletown,PA,3.822,40.19981,-76.73108
69346,D AND C FUEL SALES,US-6 & CR-4019,Tunkhannock,PA,3.699,41.53869,-75.94659
69353,SPEEDWAY #2910,"I-79, EXIT 55",Pittsburgh,PA,3.909,40.44062,-79.99589
69354,CIRCLE K #4702411,US-36,Danville,IN,3.789,39.7606,-86.52639
69362,HART MARATHON,US-31,Hart,MI,3.449,43.69834,-86.36397
69365,Circle K #4703911,SR-109 & SR-52,Portland,TN,2.959,36.58171,-86.51638
69369,SPEEDWAY #2912,SR-65,Baden,PA,3.912,40.63507,-80.22812
69374,7-ELEVEN #40558,SR-6 & CR-185,Woodway,TX,2.986,31.506,-97.20501
69377,CIRCLE K #4705628,SR-21 & SR-585,Barberton,OH,3.582,41.01283,-81.60512
69379,Kum & Go #0535,US-6 & US-65,Des Moines,IA,2.987,41.60054,-93.60911
69380,CASEYS #2967,SR-43 & SR-2,Bennet,NE,3.229,40.68,-96.5064
69384,KWIK TRIP #209,"US-41, EXIT 148 & SR-55",Kaukauna,WI,3.369,44.27804,-88.27205
69390,MINIT MART #600625,"I-57, EXIT 283 & US-24",Gilman,IL,3.399,40.7667,-87.99226
69392,LOVES TRAVEL STOP #600,"I-69, EXIT 214",Pendleton,IN,3.576,39.99754,-85.74664
69393,LOVES TRAVEL STOP #594,US-35 & SR-850,Bidwell,OH,3.849,38.91869,-82.29904
69394,SPEEDWAY #3424,"I-75, EXIT 73 & SR-55",Troy,OH,3.136,40.0395,-84.20328
69395,SPEEDWAY #3766,US-52,Indianapolis,IN,3.599,39.76838,-86.15804
69396,SPEEDWAY #7158,"I-40, EXIT 320 & SR-98",Crossville,TN,3.072,35.94896,-85.0269
69397,SPEEDWAY #7163,"I-40/US-412, EXIT 85",Jackson,TN,3.349,35.61452,-88.81395
69398,SPEEDWAY #7114,"I-75, EXIT 4, SR-153, EXIT 1 & US-64/US-11",Chattanooga,TN,3.082,35.04563,-85.30968
69399,SPEEDWAY #7147,"I-75, EXIT 49 & SR-30",Athens,TN,3.349,35.44285,-84.59299
69400,CASEYS #4411,US-641 & SR-58,Benton,KY,3.199,36.85728,-88.35031
69401,CASEYS #3205,"I-29, EXIT 47 & US-275/SR-92",Council Bluffs,IA,3.599,41.26194,-95.86083
69402,SHELL,"I-71, EXIT 151 & SR-95",Mount Gilead,OH,3.759,40.54923,-82.8274
69403,SHORTYS ONE STOP,US-83/12/SR-20,Selby,SD,3.089,45.50638,-100.03207
69405,FLYING J #551,"I-20, EXIT 330 & SR-206",Cisco,TX,3.142,32.38819,-98.97923
69407,Cenex,US-14/CR-812 & US-83,Blunt,SD,3.102,44.5122,-99.99207
69410,LOVES TRAVEL STOP #602,"I-90, EXIT 67B",Box Elder,SD,3.989,44.11249,-103.06823
69412,CIRCLE K #4705724,US-127 & CR-144,Paulding,OH,3.699,41.13811,-84.58051
69413,ASAP GENERAL STORE #300,"I-40, EXIT 66 & US-183",Clinton,OK,3.149,35.51561,-98.96731
69414,FLEX MARKET,"I-65 EXIT20, US-31 W EXIT 4",Bowling Green,KY,2.999,36.99032,-86.4436
69416,CIRCLE K #2740541,HWY 90,Roans Prairie,TX,3.072,30.58437,-95.94384
69417,LOVLEN FOODS,US-58 & SR-615,Drewryville,VA,3.049,36.71571,-77.30636
69421,CIRCLE K #2741257,"I-10, EXIT 19B",El Paso,TX,2.916,31.75872,-106.48693
69423,FAST MARKET #4574,SR-375 & CR-258,El Paso,TX,2.906,31.75872,-106.48693
69425,5R TRAVEL CENTER,"I-10, US HWY 180, EXIT 82A",Deming,NM,3.049,32.2687,-107.75864
69426,LOVES TRAVEL STOP #553,"I-40 E, EXIT 163",Williams,AZ,3.596,35.24946,-112.191
69434,CIRCLE K #2741559,US-281 & SR-29,Burnet,TX,2.916,30.75824,-98.22836
69436,CIRCLE K #2741077,SR-97 & CR-433,Pleasanton,TX,2.949,28.96719,-98.47863
69437,CountryMark,SR-66,Evansville,IN,3.699,37.97476,-87.55585
69438,LOVES TRAVEL STOP #585,"I-49/US-71, EXIT 27 & SR-86",Neosho,MO,3.397,36.86896,-94.368
69439,LOVES TRAVEL STOP #608,"I-135, EXIT 60 & US-56",Mcpherson,KS,3.324,38.37084,-97.66421
69440,LOVES TRAVEL STOP #592,US-24 & SR-101,Woodburn,IN,3.849,41.12533,-84.8533
69441,LOVES TRAVEL STOP #610,"I-20, EXIT 307 & US-283",Baird,TX,3.107,32.39402,-99.39424
69442,Eagle #51,US-83 & FM-1917,Carrizo Springs,TX,3.279,28.52193,-99.86061
69446,SUPER SAVE #4,SR-33 & SR-15,Farmerville,LA,3.479,32.77347,-92.4057
69448,STRIPES #42525,"I-27/US-87, EXIT 2",Lubbock,TX,2.957,33.57786,-101.85517
69451,LOVES TRAVEL STOP #603,I-95 EXIT 366 AT PECAN PARK RD,Jacksonville,FL,3.399,30.33218,-81.65565
69452,DANDY MINI MART #5,HWY 6,Towanda,PA,3.999,41.76758,-76.44272
69453,7-ELEVEN #41033,US-69,Woodville,TX,3.149,30.7752,-94.41548
69454,SPEEDWAY #6092,"I-65, EXIT 76A & US-31",Taylorsville,IN,3.357,39.29588,-85.95083
69455,SPEEDWAY #4214,"I-45, EXIT 46 & US-100",Milwaukee,WI,3.366,43.0389,-87.90647
69458,PEOSTA KWIK STOP,"US-20, EXIT 308",Peosta,IA,3.489,42.45056,-90.85041
69459,LOVES TRAVEL STOP #583,"I-64, EXIT 27 & SR-161",New Baden,IL,3.849,38.53505,-89.70065
69462,LOVES TRAVEL STOP #619,"I-59, EXIT 29 & SR-26",Poplarville,MS,3.176,30.84019,-89.53423
69465,MAVERIK COUNTRY STORE #476,US-59,Gillette,WY,3.366,44.29109,-105.50222
69467,CIRCLE K #2741547,US-181,Floresville,TX,2.996,29.13358,-98.15612
69468,TOOT N TOTUM #100,US-83,Perryton,TX,2.999,36.40003,-100.80265
69469,QUIKTRIP #1110,"I-85, EXIT 60 & US-101",Greer,SC,3.086,34.93873,-82.22706
69471,Circle K #2741501,"I-37, EXIT 3A",Corpus Christi,TX,3.104,27.80058,-97.39638
69474,LOVES TRAVEL STOP #577,"I-85, EXIT 22",Shorter,AL,3.221,32.39486,-85.9169
69475,GUTHRIE TRAVEL CENTER,I-35 EXT 138C,Guthrie,OK,2.966,35.87894,-97.42532
69477,LOVES TRAVEL STOP #621,US-36 & SR-110,Bevier,MO,3.439,39.74698,-92.56408
69480,VAN HOOK TRAVEL CENTER,US-23,New Town,ND,3.562,47.98085,-102.49018
69483,LOVES TRAVEL STOP #607,"US-63, EXIT 40 & SR-463",Jonesboro,AR,3.439,35.8423,-90.70428
69484,KWIK TRIP #774,SR-13,Adams,WI,3.274,43.95608,-89.81818
69485,7-ELEVEN #41036,US-96,San Augustine,TX,3.159,31.5299,-94.10603
69486,DUCK THRU FOOD STORE #42,SR-186 & SR-305,Seaboard,NC,3.299,36.49015,-77.44136
69487,CIRCLE K #2742034,"I-35, EXIT 176",Schertz,TX,2.794,29.55217,-98.26973
69489,SPRINT FOODS #728,SR-38,Bennettsville,SC,3.399,34.61738,-79.68478
69492,GOOD 2 GO #418,"I-15, EXIT 273 & US-54 & US-91",Mona,UT,3.429,39.81607,-111.85549
69494,TMI FUEL STOP,SR 1,Port Allen,LA,3.066,30.45214,-91.21011
69495,QUIKTRIP #72,US-69 & US-62,Muskogee,OK,3.032,35.74788,-95.36969
69496,LOVES TRAVEL STOP #601,"I-70, EXIT 115 & SR-109",Knightstown,IN,3.949,39.7956,-85.52636
69497,MACH ONE FOOD SHOP #10,"I-70 & EXIT 129, SR-49",Casey,IL,3.199,39.2992,-87.99253
69499,HANKS TRUCK STOP,US-39 & US-30,Hanna,IN,3.499,41.41199,-86.78002
69500,ROAD RANGER #271,"I-20, EXIT 108",Odessa,TX,3.516,31.84568,-102.36764
69501,VALLEY COUNTRY STORE,"I-84, EXIT 16B & SR-79",Jerome,ID,3.432,42.72407,-114.51865
69504,KWIK TRIP #245,SR-42,Plainview,MN,3.624,44.16497,-92.17156
69505,KWIK TRIP #282,"I-43, EXIT 43 & SR-83",Mukwonago,WI,3.337,42.86668,-88.33343
69506,KWIK TRIP #290,"I-94/US-41, EXIT 321",Oak Creek,WI,3.719,42.88585,-87.86314
69508,KWIK TRIP #777,SR-49 & CR-F,Berlin,WI,3.426,43.96804,-88.94345
69510,CLARK #3121,SR-46 & SR-24,Caro,MI,3.399,43.49073,-83.39885
69512,LOVES TRAVEL STOP #589,"I-27/US-87, EXIT 8 & FM-2641",Lubbock,TX,3.332,33.57786,-101.85517
69513,KWIK TRIP #885,WI-29 EXIT 132,Abbotsford,WI,3.452,44.94636,-90.31597
69514,Flying J #1033,"I-20, EXIT 138 & SR-158",Midland,TX,3.566,31.99735,-102.07791
69520,SPEEDWAY #2908,SR-51,Perryopolis,PA,3.916,40.08702,-79.7506
69521,CASEYS #3319,"US-30, EXIT 158",Nevada,IA,2.989,42.02277,-93.45243
69522,FUEL EXPRESSO 17,"I-35 & EXIT 187, SR-68",Ottawa,KS,3.172,38.61557,-95.26775
69524,CONCORD XTRAMART,"I-93, EXIT 17 & US-4",Concord,NH,3.659,43.20814,-71.53757
69525,DILLEY TRUCK STOP,"I-35 & EXIT 85, FM 117",Dilley,TX,3.066,28.66748,-99.17059
69526,STRIPES 7FLEET #42469,"I-20, US-80 EXIT 15A",Santo,TX,2.917,32.60319,-98.21532
69527,Exxon,"I-96, EXIT 129",Fowlerville,MI,3.749,42.66059,-84.07301
69528,KWIK STAR #283,"I-380/US-218/SR-27, EXIT 13",Cedar Rapids,IA,3.532,42.00833,-91.64407
69530,CIRCLE K #2741030,"I-35, EXIT 160",San Antonio,TX,2.999,29.42412,-98.49363
69531,Kwik Star#223,"I-35, EXIT 194 & US-18/SR-122",Clear Lake,IA,3.079,43.13802,-93.37937
69532,JACKSONS FOOD STORE #147,"I-84, EXIT 27/US-20 & SR-19",Caldwell,ID,3.579,43.66294,-116.68736
69534,CAIRO TRAVEL CENTER,US-84/SR-38,Cairo,GA,3.424,30.87751,-84.20214
69536,7-ELEVEN #40802,US-87,Nixon,TX,3.079,29.26746,-97.76444
69541,PILOT #1027,US-385 & CR-E,Vega,TX,3.306,35.24283,-102.42826
69542,PILOT #1030,"I-57, EXIT 353",Alsip,IL,3.359,41.66892,-87.73866
69545,LOVES TRAVEL STOP #628,"I-35E, EXIT 386 & FM-1134",Italy,TX,3.102,32.18404,-96.88472
69546,KWIK TRIP #186,"I-35, EXIT 183",Hinckley,MN,3.352,46.01134,-92.94437
69547,KWIK TRIP #297,"US-10, WI-441",Menasha,WI,3.491,44.20221,-88.4465
69549,KWIK TRIP #178,"I-494, EXIT 64B & SR-156",South Saint Paul,MN,3.607,44.89274,-93.03494
69550,KWIK TRIP #273,"I-35, EXIT 251B & SR-23",Duluth,MN,3.499,46.78327,-92.10658
69553,SPEEDWAY #2120,US-30,Oswego,IL,3.249,41.68281,-88.35146
69554,SPEEDWAY #8047,"I-70, EXIT 104 & SR-9",Greenfield,IN,3.599,39.78504,-85.76942
69558,CIRCLE K #2741070,FM-1560,San Antonio,TX,2.914,29.42412,-98.49363
69559,CASEYS #3424,"I-35, EXIT 26 & SR-30",Ellendale,MN,3.499,43.87274,-93.30132
69560,LOVES TRAVEL STOP #614,"I-40, EXIT 149",Albuquerque,NM,3.521,35.08449,-106.65114
69561,SPEEDWAY #7156,"I-40/75, EXIT 374 & SR-131",Knoxville,TN,3.266,35.96064,-83.92074
69562,SPEEDWAY #8796,"I-496, EXIT 11",Lansing,MI,3.699,42.73253,-84.55553
69563,SPEEDWAY #9651,"I-75, EXIT 104",Lexington,KY,3.149,37.98869,-84.47772
69564,SPEEDWAY #7106,"I-40, EXIT 280 & SR-56",Baxter,TN,3.066,36.15367,-85.64359
69565,PILOT #1021,"I-196, EXIT 49",Holland,MI,3.999,42.78752,-86.10893
69566,PILOT TRAVEL CENTER #1024,"I-80, EXIT 132B & SR-53",Joliet,IL,3.799,41.52519,-88.0834
69567,KWIK TRIP #166,"I-35, EXIT 214",Moose Lake,MN,3.319,46.45411,-92.76187
69568,KWIK TRIP #295,SR-26 & SR-59,Milton,WI,3.399,42.77556,-88.944
69570,CENEX CONVENIENCE,SR-34 & CR-21,Detroit Lakes,MN,3.499,46.81718,-95.84533
69572,AC & T GARLAND GROH,I-81 EXIT 7B,Hagerstown,MD,3.559,39.64176,-77.71999
69573,AC & T Falling Waters,"I-81, EXIT 23",Falling Waters,WV,3.849,39.55926,-77.89083
69574,LOVES TRAVEL STOP #622,"I-94, EXIT 45 & CR-B",Menomonie,WI,3.579,44.87552,-91.91934
69575,LOVES TRAVEL STOP #537,"I-68, EXIT 46 & US-220/SR-144",Cumberland,MD,4.249,39.65287,-78.76252
69576,PILOT #498,US-69/75 & SR-7,Atoka,OK,3.499,34.38593,-96.12833
69580,GORES TRAVEL PLAZA,US-270/SR-3,Seiling,OK,3.149,36.1481,-98.92426
69581,BYRNE DAIRY #22,"I-81, EXIT 15 & US-20",La Fayette,NY,4.299,42.89229,-76.1052
69584,LOVES TRAVEL STOP #648,US-70,Valliant,OK,3.099,34.00233,-95.09384
69585,LOVES TRAVEL STOP #618,"I-75, EXIT 136 & SR-32",Sadieville,KY,3.139,38.38924,-84.53744
69587,LAMBOS #3,"I-57, EXIT 190A & SR-16",Mattoon,IL,3.399,39.48309,-88.37283
69588,FUEL CITY,"I-30, EXIT 52B & US-80",Mesquite,TX,2.966,32.7668,-96.59916
69589,LOVES TRAVEL STOP #604,I-35 EXIT 157 & SR-33,Guthrie,OK,3.319,35.87894,-97.42532
69590,LOVES TRAVEL STOP #654,US-81,Union City,OK,3.376,35.39172,-97.94144
69591,REBEL PLUS #841,"I-75, EXIT 116 & CR-865",Bonita Springs,FL,3.539,26.33981,-81.7787
69592,SPEEDWAY #6131,"I-465, EXIT 49",Indianapolis,IN,3.799,39.76838,-86.15804
69594,SPEEDWAY #8480,US-30 & CR-36,Plainfield,IL,3.279,41.62697,-88.20395
69595,SPEEDWAY #7176,US-31/SR-6,Columbia,TN,3.359,35.61507,-87.03528
69596,SPEEDWAY #4250,SR-72,Des Plaines,IL,3.289,42.03336,-87.8834
69597,SPEEDWAY #2918,US-119,Uniontown,PA,3.916,39.90008,-79.71643
69598,SPEEDWAY #8133,SR-237,Berea,OH,3.499,41.36616,-81.8543
69599,One9 SPEEDWAY #2917,SR-48 & SR-130,Monroeville,PA,3.992,40.42118,-79.7881
69601,LOVES TRAVEL STOP #638,US-54,Texhoma,OK,3.509,36.50503,-101.78294
69605,CASEYS #3305,SR-23 & SR-47,Ogilvie,MN,3.371,45.83218,-93.42634
69607,PANOLA PINES PLAZA,I-59,Carthage,TX,3.139,32.15738,-94.33742
69608,STRIPES,FM 1924,Mission,TX,3.099,26.21591,-98.32529
69611,CUBBYS #2104,CR-131,Shelby,NE,3.399,41.19224,-97.42532
69612,ROAD RANGER #272,"I-35, EXIT 39 & SR-44",Encinal,TX,3.539,28.04112,-99.35448
69614,RUTTERS #36,US-15 & SR-234,York Springs,PA,4.299,40.00898,-77.11554
69615,LOVES TRAVEL STOP #631,US-275/SR-64,Valley,NE,3.346,41.31278,-96.34614
69616,FLYING J #552,"I-71, EXIT 32 & SR-350",Lebanon,OH,3.399,39.43534,-84.20299
69618,LOVES TRAVEL STOP #656,US-50/400,Holcomb,KS,3.729,37.98614,-100.98933
69621,Circle K #2741096,"I-10/US-90, EXIT 591 & FM-1518",Converse,TX,2.936,29.51801,-98.31612
69625,RUTTERS #34,US-30 & SR-23,Leola,PA,4.199,40.08787,-76.18495
69626,CASEYS #2860,US-160 & FM-6070,West Plains,MO,3.419,36.72812,-91.85237
69627,STRIPES #40601,US-83 & FM-2360,Rio Grande City,TX,2.996,26.37979,-98.8203
69629,SWANTON MOBIL,"I-89, EXIT 21 & SR-78",Swanton,VT,3.539,44.9181,-73.1243
69630,MANSFIELD TRAVEL PLAZA,SR-175 & SR-509,Mansfield,LA,3.019,32.03766,-93.70018
69632,Circle K #2709300,US-72/SR-2,Huntsville,AL,2.977,34.7304,-86.58594
69633,ONE9 EXPRESS FUEL,"I-10, EXIT 42 & FM-1110",Clint,TX,2.802,31.59234,-106.22414
69636,PETRO WILMINGTON,"I-55, EXIT 240",Wilmington,IL,3.399,41.30781,-88.14672
69637,PILOT TRAVEL CENTER #1041,SR-64 & CR-23,Carol Stream,IL,3.699,41.91253,-88.13479
69643,Tex-Best #524,SR-44 E,Alice,TX,2.899,27.75225,-98.06972
69646,Arco dba One9 #1258,"I-10, EXIT 19",Quartzsite,AZ,3.359,33.66391,-114.22995
69647,SPEEDWAY #6207,SR-25,Batavia,IL,3.599,41.85003,-88.31257
69648,BP-GIANT OIL #440,"I-71, EXIT 204 & SR-83",Burbank,OH,3.232,40.98867,-81.99487
69649,SPEEDWAY #2921,"I-80, EXIT 29 & SR-8",Harrisville,PA,3.434,41.13673,-80.00922
69651,LOVES TRAVEL STOP #074,SR-19 & SR-76,Lindsay,OK,3.091,34.8348,-97.60253
69652,LOVES TRAVEL STOP #633,US-30,Plymouth,IN,3.849,41.34366,-86.30973
69653,LOVES TRAVEL STOP #644,"I-70, EXIT 437 & US-385",Burlington,CO,3.889,39.30611,-102.26936
69654,LOVES TRAVEL STOP #636,US-169,Nowata,OK,3.399,36.70065,-95.63803
69657,JIFFY MART,US-7 & SR-22A,Ferrisburgh,VT,3.599,44.20561,-73.24623
69658,Missouri Travel,"I-29, EXIT 75 & US-30",Missouri Valley,IA,3.424,41.55638,-95.88779
69659,QUIKTRIP #1092,"I-77, EXIT 77 & US-21/SR-5",Rock Hill,SC,3.134,34.92487,-81.02508
69662,STRIPES 7FLEET #42472,US-377,Brownwood,TX,2.962,31.70932,-98.99116
69663,STRIPES #2484,SR-480 & FM-1021,Eagle Pass,TX,3.199,28.70914,-100.49952
69664,7-ELEVEN #40544,US-281,Lampasas,TX,2.916,31.06378,-98.1817
69666,7-ELEVEN #40587,SR-21 & FM-150,Maxwell,TX,3.152,29.88105,-97.79334
69668,LOVES TRAVEL STOP #643,"I-55/57, EXIT 66A & US-60",Sikeston,MO,3.549,36.87672,-89.58786
69669,LOVES TRAVEL STOP #623,"I-20/SR-349, EXIT 131",Midland,TX,3.556,31.99735,-102.07791
69670,LOVES TRAVEL STOP #611,"I-90, EXIT B3 & SR-22",Canaan,NY,3.979,42.41203,-73.44706
69671,LOVES TRAVEL STOP #655,US-83 & SR-96,Scott City,KS,3.637,38.48252,-100.90709
69672,STRIPES 7FLEET #42507,US-285,Pecos,TX,3.379,31.42291,-103.49323
69673,QUIKTRIP #1863,"SEC HWY 114, I-35",Roanoke,TX,2.976,33.00401,-97.22585
69674,WEIGLES #64,"I-75, EXIT 122 & SR-61",Clinton,TN,2.996,36.10341,-84.13186
69676,SPEEDWAY #8495,"US-19/SR-400, EXIT 12",Alpharetta,GA,3.349,34.07538,-84.29409
69679,LOVES TRAVEL STOP #627,US-27 & SR-54,Davenport,FL,3.552,28.1614,-81.60174
69680,PILOT #1042,I-55 EXIT 283,Bridgeview,IL,3.799,41.75003,-87.80422
69681,PILOT TRAVEL CENTER #1549,"I-20, EXIT168 & SR-77",Lincoln,AL,3.109,33.61316,-86.11831
69682,PILOT #1577,"I-75, EXIT 141 & SR-63",Pioneer,TN,3.026,36.41758,-84.3141
69683,GOOD TO GO #88,"I-55, EXIT 283",Chicago,IL,3.619,41.85003,-87.65005
69684,KWIK TRIP #140,"SR-29, EXIT 177",Schofield,WI,3.424,44.90969,-89.60457
69686,CASEYS #3472,SR-125 & SR-78,Virginia,IL,3.659,39.95116,-90.21234
69687,CASEYS #3470,US-421 & SR-16,Monon,IN,3.779,40.86782,-86.8789
69688,CASEYS #3431,US-150 & SR-54,Farmer City,IL,3.339,40.24337,-88.64257
69693,MAVERIK COUNTRY STORE #527,"US-89, EXIT 405",Ogden,UT,3.439,41.223,-111.97383
69694,MAVERIK COUNTRY STORE #533,US-91 & SR-101,Wellsville,UT,3.444,41.63854,-111.93383
69695,MAVERIK COUNTRY STORE #488,"I-15/US-89, EXIT 288",Draper,UT,3.446,40.52467,-111.86382
69696,MAVERIK COUNTRY STORE #531,"I-80/15, EXIT 305D",Logan,UT,3.431,41.73549,-111.83439
69698,KUM & GO #0891,I-44 (EASTBOUND),Vinita,OK,3.059,36.63869,-95.15413
69699,CIRCLE K #2741552,"SR-969, SR-130, EXIT 444",Austin,TX,2.932,30.26715,-97.74306
69701,PUMP & PANTRY #48,US-30 & SR-25,Fremont,NE,3.319,41.43333,-96.49808
69702,SPEEDWAY #7159,"I-40/SR-66, EXIT 412",Dandridge,TN,3.259,36.01537,-83.41489
69703,CIRCLE K #2741831,"I-35, EXIT 8B & SR-20",Laredo,TX,2.902,27.50641,-99.50754
69707,SUPER S TRAVEL PLAZA,"I-49, EXIT 241",Ida,LA,3.059,33.0043,-93.8949
69708,TA Express #289,US-59,Nacogdoches,TX,3.139,31.60351,-94.65549
69709,LOVES TRAVEL STOP #626,US-287,Dumas,TX,3.416,35.86559,-101.97324
69710,LOVES TRAVEL STOP #625,"I-80, EXIT 59 & SR-17J",Sidney,NE,3.472,41.14276,-102.97798
69711,PILOT #1047,"I-295, EXIT 25",Jacksonville,FL,3.359,30.33218,-81.65565
69712,LOVES TRAVEL STOP #650,"I-84/US-30, EXIT 159",Boardman,OR,3.522,45.83986,-119.70058
69713,EAGLE #56,"I-45, Exit 189",Teague,TX,3.482,31.62711,-96.28386
69715,CASEYS #2712,SR-8/SR-14,Superior,NE,3.362,40.02085,-98.07004
69719,SHEETZ #033,"I-99/US-220, EXIT 41 & SR-865",Altoona,PA,3.529,40.51868,-78.39474
69720,PILOT #1046,US-27 & SR-80,South Bay,FL,3.799,26.66396,-80.71617
69721,MFA,US-36,Brookfield,MO,3.249,39.78447,-93.07353
69723,SPEEDWAY #5036,I-90 & US-20,Hampshire,IL,3.369,42.0978,-88.53036
69727,PETRO-CARD 24 #910880,SR-6/13,Gallatin,MO,3.299,39.91445,-93.96217
69729,MFA OIL,US-63 & HWY E,Queen City,MO,3.249,40.4092,-92.56769
69731,PETRO-CARD 24 #910561,"I-49, EXIT 102A",Nevada,MO,3.349,37.83921,-94.35467
69732,PETRO-CARD 24 #911043,US-65,Sedalia,MO,3.249,38.70446,-93.22826
69735,PETRO-CARD 24 #910200,US-65 & BUS US-36,Chillicothe,MO,3.289,39.79529,-93.55244
69740,LOVES TRAVEL STOP #613,"I-81, EXIT 24 & SR-80",Meadowview,VA,3.599,36.76039,-81.8629
69741,LOVES TRAVEL STOP #659,"I-10, EXIT 133B",Tolleson,AZ,3.569,33.45004,-112.25932
69742,LOVES TRAVEL STOP #630,US-412/64,Enid,OK,3.787,36.39559,-97.87839
69743,LOVES TRAVEL STOP #647,US-81,Belleville,KS,3.816,39.82445,-97.63254
69744,LOVES TRAVEL STOP #632,US-54 & US-83,Liberal,KS,3.666,37.04308,-100.921
69745,PILOT #1070,"I-40/US-54, EXIT 277 & US-84",Santa Rosa,NM,3.462,34.93867,-104.68249
69746,Maverik Country Store #5014,I-80 E EXIT 110 & HWY169,De Soto,IA,3.099,41.53166,-94.00967
69747,SUNOCO,I-69 & YS HWY 30,Fort Wayne,IN,3.604,41.1306,-85.12886
69748,SUNOCO,SR-930 E,Fort Wayne,IN,3.597,41.1306,-85.12886
69750,CIRCLE K #2704041,"I-35, EXIT 183",New Braunfels,TX,2.859,29.703,-98.12445
69751,MFA,CR-37,Purdy,MO,3.349,36.81729,-93.92076
69755,PILOT #1082,"I-526, EXIT 19",Charleston,SC,3.416,32.77632,-79.93275
69758,MAVERIK COUNTRY STORE #537,I-215 EXIT 21,Salt Lake City,UT,3.382,40.76078,-111.89105
69764,MAVERIK COUNTRY STORE #538,I-15 & SR-99,Fillmore,UT,3.387,38.96885,-112.32355
69765,7-ELEVEN #40509,I-90/80 EB,Howe,IN,3.899,41.72144,-85.42054
69766,Marathon,"I-75, EXIT 99 & SR-119",Anna,OH,3.029,40.39449,-84.17272
69770,SASSYS TRUCK STOP,"I-86, EXIT 23 & US-219",Limestone,NY,3.159,42.02729,-78.62947
69772,CIRCLE K #2741825,"I-410, EXIT 2 & FM-2536",San Antonio,TX,3.099,29.42412,-98.49363
69780,Bolingbrook Mart,"I-55, EXIT 269",Bolingbrook,IL,3.639,41.69864,-88.0684
69782,BYRNE DAIRY #14,SR-414 & SR-318,Waterloo,NY,3.999,42.90479,-76.86274
69783,SHEETZ #603,"I-78 US-22, EXIT 13 & SR-501",Bethel,PA,3.327,40.47454,-76.29134
69784,KWIK TRIP #158,US-10 & SR-23,Saint Cloud,MN,3.277,45.5608,-94.16249
69785,LOVES TRAVEL STOP #662,US-287 & SR-285,Quanah,TX,3.849,34.29785,-99.74037
69786,LOVES TRAVEL STOP #671,"I-55, EXIT 63 & US-61",Blytheville,AR,3.456,35.9273,-89.91898
69787,LOVES TRAVEL STOP #616,"I-49, EXIT 158",Harrisonville,MO,3.429,38.65334,-94.34884
69788,LOVES TRAVEL STOP #612,"SR-370, EXIT 9 & SR-141",Bridgeton,MO,3.121,38.767,-90.41151
69789,LOVES TRAVEL STOP #620,US-301 & SR-20,Hawthorne,FL,3.789,29.59191,-82.08732
69790,LOVES TRAVEL STOP #641,I-155/US-412 EXIT 13 & SR-78,Dyersburg,TN,3.402,36.03452,-89.38563
69791,PILOT #1083,US-287 & US-54,Stratford,TX,3.499,36.33614,-102.07212
69792,FLYING J #1061,"I-44, EXIT 72",Springfield,MO,3.382,37.21533,-93.29824
69797,KWIK TRIP #149,US-10,Saint Cloud,MN,3.211,45.5608,-94.16249
69798,LOVES TRAVEL STOP #060,US-36 & US-283,Norton,KS,3.109,39.83389,-99.89151
69799,MAVERIK COUNTRY STORE #387,"I-40, EXIT 253",Winslow,AZ,3.236,35.02419,-110.69736
69800,MAVERIK COUNTRY STORE #502,US-385 & SR-2,Alliance,NE,3.259,42.10163,-102.87215
69801,MAVERIK COUNTRY STORE #409,"I-580, EXIT 41 & SR-531",Carson City,NV,3.589,39.1638,-119.7674
69803,THORNTONS #319,"I-55, EXIT 248 & US-6",Channahon,IL,3.249,41.42948,-88.22867
69804,KWIK TRIP #184,"I-94, EXIT 293",Pewaukee,WI,3.449,43.08057,-88.2612
69809,KWIK TRIP #162,"I-94, EXIT 202",Elk River,MN,3.297,45.30385,-93.56718
69811,Chisholm Corner #16,US-81 & SR-7,Marlow,OK,3.016,34.64813,-97.95809
69813,SHEETZ #608,"I-81, EXIT 24 & CR-696",Shippensburg,PA,3.286,40.05065,-77.52026
69814,Allsup's #2454,US-87 & SR-163,Sterling City,TX,3.224,31.83625,-100.98483
69815,CENEX ZIP TRIP #75,"I-94/US-12, EXIT 138 & US-59",Miles City,MT,3.497,46.40834,-105.84056
69816,STRIPES #42503,"I-27, EXIT 1",Lubbock,TX,2.951,33.57786,-101.85517
69817,LOVES TRAVEL STOP #639,"I-20, EXIT 96",Lake,MS,3.162,32.3432,-89.32868
69818,LOVES TRAVEL STOP #675,US-75,Okmulgee,OK,3.217,35.62344,-95.96055
69819,FLYING J #1086,SR-18 & SR-5,Marion,IN,3.489,40.55837,-85.65914
69820,CUBBYS #304,SR-7,Manson,IA,3.299,42.52914,-94.53414
69821,FUEL CITY HALTOM CITY,"I-35W, EXIT 52B & TX-121",Haltom City,TX,2.966,32.79957,-97.26918
69823,LOVES TRAVEL STOP #664,US-41,Terre Haute,IN,3.949,39.4667,-87.41391
69824,LOVES TRAVEL STOP #663,US-190 & LA-103,Port Barre,LA,3.124,30.5602,-91.95401
69825,KWIK TRIP #154,MN-15,Sauk Rapids,MN,3.302,45.59191,-94.1661
69826,LOVES TRAVEL STOP #629,I-65 EXIT 108 & SR-76,White House,TN,3.159,36.47032,-86.65138
69827,KWIK TRIP #164,US-12/SR-29,Menomonie,WI,3.499,44.87552,-91.91934
69830,RUTTERS #69,"I-78/US-22, EXIT 29 & SR-61",Hamburg,PA,3.866,40.55565,-75.98188
69832,LOVES TRAVEL STOP #595,"I-10, EXIT 28 & SR-49",Gulfport,MS,3.144,30.36742,-89.09282
69833,LOVES TRAVEL STOP #658,US-412,Watts,OK,3.347,36.10925,-94.57022
69835,LOVES TRAVEL STOP #653,US-287,Eads,CO,3.476,38.48056,-102.78186
69837,LOVES TRAVEL STOP #606,"I-94, EXIT 73B & US-6",South Holland,IL,3.329,41.60087,-87.60699
69840,KUM & GO #0370,"I-80, EXIT 439 & SR-370",Gretna,NE,2.921,41.14083,-96.23974
69842,KUM & GO #0863,"I-44, EXIT 215 & SR-97",Sapulpa,OK,3.232,35.9987,-96.11417
69845,Maverik Country Store #5013,US-40 & SR-13,Craig,CO,3.459,40.51525,-107.54645
69847,KWIK STAR #145,US-52,Guttenberg,IA,3.599,42.78582,-91.09957
69848,KWIK TRIP #173,SR-17,Rhinelander,WI,3.452,45.63662,-89.41208
69850,KUM & GO #0539,"I-80 E, & SR-415 EXIT 135",Des Moines,IA,3.072,41.60054,-93.60911
69851,SPEEDWAY #3995,I-90,Belvidere,IL,3.849,42.26391,-88.84427
69852,KWIK TRIP #141,SR-61,Two Harbors,MN,3.499,47.02271,-91.67073
69854,LOVES TRAVEL STOP #637,"I-39, EXIT 115 & CR-CS",Poynette,WI,3.789,43.39026,-89.4029
69855,LOVES TRAVEL STOP #670,US-18,Floyd,IA,3.649,43.12775,-92.7363
69856,LOVES TRAVEL STOP #657,"I-77, EXIT 5 & SR-48",Cayce,SC,3.397,33.96571,-81.07398
69858,TEX-BEST #528,US-181,Elmendorf,TX,2.892,29.25607,-98.33279
69859,BIG BOSS TRAVEL PLAZA,I-12 EXIT 22,Livingston,LA,3.166,30.50213,-90.74787
69861,HUCKS FOOD & FUEL #379,"I-57, EXIT 53",Marion,IL,2.929,37.73061,-88.93313
69862,CASEYS #3503,US-69/SR-52,Pleasanton,KS,3.199,38.17781,-94.71135
69863,GOLDEN GATE,I-80 EXIT 352A & US-93,Wells,NV,3.416,41.11159,-114.96449
69865,7-ELEVEN #40036,SR-33 & SR-632,Lanexa,VA,3.659,37.42376,-76.90108
69870,CIRCLE K #4705720,"I-280, EXIT 7 & SR-2",Oregon,OH,3.609,41.64366,-83.48688
69871,CIRCLE K #2741595,SR-71 & FM-1209,Bastrop,TX,2.954,30.11049,-97.31527
69873,KWIK TRIP #142,"US-10, EXIT 186 & SR-13",Marshfield,WI,3.479,44.66885,-90.1718
69874,LOVES TRAVEL STOP #687,"I-72, EXIT 64 & US-67",Jacksonville,IL,3.489,39.73394,-90.22901
69875,LOVES TRAVEL STOP #680,US-81,Norfolk,NE,3.316,42.02834,-97.417
69876,LOVES TRAVEL STOP #684,"I-35, EXIT 133 & SR-175",Ellsworth,IA,3.689,42.31276,-93.57882
69877,LOVES TRAVEL STOP #669,US-61 & SR-19,New London,MO,3.236,39.58532,-91.40098
69878,SPEEDWAY #7412,SR-83 & SR-19,Bensenville,IL,3.379,41.95503,-87.94007
69879,SPEEDWAY #3700,I-70 EXIT 77,Indianapolis,IN,3.319,39.76838,-86.15804
69880,Speedway #6809,"I-290, EXIT 13A",Franklin Park,IL,3.329,41.93531,-87.86562
69881,KWIK TRIP #458,SR-55,Buffalo,MN,3.549,45.17191,-93.87469
69882,SPEEDWAY #7103,US-43,Lawrenceburg,TN,3.574,35.2423,-87.33474
69884,AKAL TRAVEL CENTER,"I-40, EXIT 267 & SR-379",Santa Rosa,NM,2.879,34.93867,-104.68249
69885,BELL STORES #146,SR-43 & SR-183,Malvern,OH,3.579,40.69173,-81.18121
69886,LOVES TRAVEL STOP #676,SR-50,Syracuse,NE,3.444,40.65722,-96.1864
69887,CIRCLE K #2701869,SR-21 & SR-307,Savannah,GA,3.116,32.08354,-81.09983
69888,OASIS STOP N GO #17,US-30,Twin Falls,ID,3.699,42.56297,-114.46087
69892,MAVERIK COUNTRY STORE #547,US-26,Casper,WY,3.186,42.86663,-106.31308
69893,DOMINO EXPRESS #24,US-412/US-270/US-183/SR-3 & SR-15,Woodward,OK,2.999,36.43365,-99.39039
69894,Circle K #2746446,US-2,Williston,ND,4.042,48.14697,-103.61797
69895,Shell,"I-80, EXIT 122",Minooka,IL,3.149,41.45531,-88.26173
69900,LOVES TRAVEL STOP #605,"I-70, EXIT 59 & SR-41",Springfield,OH,3.479,39.92423,-83.80882
69901,KWIK TRIP #638,SR-42,Two Rivers,WI,3.391,44.15388,-87.56925
69902,MAVERIK COUNTRY STORE #441,"I-182/US-12, EXIT 9",Pasco,WA,4.279,46.23958,-119.10057
69903,LOVES TRAVEL STOP #642,US-60 & US-385,Hereford,TX,3.416,34.81521,-102.39932
69904,LOVES TRAVEL STOP #695,US-54/400,Cunningham,KS,3.657,37.64391,-98.43119
69905,KWIK TRIP #105,"I-41, EXIT 157",De Pere,WI,3.352,44.44888,-88.06038
69906,LOVES TRAVEL STOP #692,US-169 & SR-39,Chanute,KS,3.276,37.67921,-95.4572
69907,STRIPES #41023,SR-358 & FM-665,Corpus Christi,TX,3.071,27.80058,-97.39638
69908,LOVES TRAVEL STOP #685,"I-74, EXIT 51",Knoxville,IL,3.889,40.90837,-90.28485
69912,AMPM,"I-10, EXIT 140",Phoenix,AZ,3.282,33.44838,-112.07404
69913,ROSS FUEL CENTER,US-60/US-67,Poplar Bluff,MO,3.491,36.757,-90.39289
69914,PETRO COLUMBIA,"I-77, EXIT 5 & SR-48",Columbia,SC,3.412,34.00071,-81.03481
69915,PETES #16,"I-49/US-71, EXIT 120 & CR-B",Rich Hill,MO,3.149,38.09642,-94.36106
69921,LOVES TRAVEL STOP #688,"I-70, EXIT 119 & SR-130",Greenup,IL,3.289,39.24782,-88.16337
69922,LOVES TRAVEL STOP #686,"I-84/I-15, EXIT 363",Brigham City,UT,3.756,41.51021,-112.0155
69923,Circle K #2741821,FM 471 & SR 211,San Antonio,TX,3.032,29.42412,-98.49363
69926,TONKAWA TRADING POST,"I-35, EXIT 214 & US-60",Tonkawa,OK,2.999,36.67837,-97.31004
69927,LOVES TRAVEL STOP #682,"I-81, EXIT 10A",Hagerstown,MD,3.949,39.64176,-77.71999
69928,KUM & GO #1837,SR-51,Broken Arrow,OK,3.052,36.0526,-95.79082
69929,PETES #14,US-69/SR 7,Fort Scott,KS,3.199,37.83976,-94.7083
69930,CONCORDE TRAVEL CENTER,"I-65, EXIT 219 & CR-42",Jemison,AL,3.299,32.95985,-86.74665
69931,SHELL,"I-565, EXIT 7 & CR-127",Madison,AL,3.349,34.69926,-86.74833
69932,CIRCLE K #2741847,SR-16,San Antonio,TX,3.072,29.42412,-98.49363
69933,Flyers #3202,"I-17, EXIT 201",Phoenix,AZ,3.369,33.44838,-112.07404
69934,KWIK TRIP #135,SR-35 N,Superior,WI,3.499,46.72077,-92.10408
69935,KWIK TRIP #586,"I-41, EXIT 45",Butler,WI,3.474,43.10584,-88.06953
69936,LOVES TRAVEL STOP #683,US-27,Moore Haven,FL,3.789,26.83312,-81.09312
69937,MAVERIK COUNTRY STORE #385,"I-15, EXIT 119",Idaho Falls,ID,3.426,43.46658,-112.03414
69938,MAVERIK COUNTRY STORE #388,US-60 & SR-77,Show Low,AZ,3.229,34.25421,-110.02983
69939,MAVERIK COUNTRY STORE #377,"I-15, EXIT 244 & US-6",Santaquin,UT,3.402,39.97551,-111.78521
69940,SAPP BROS TRAVEL CENTER,"I-49, EXIT 157",Harrisonville,MO,3.402,38.65334,-94.34884
69941,QUIKTRIP #949,"I-20 E, EXIT 406",Weatherford,TX,2.917,32.7593,-97.79725
69943,ASAP GENERAL STORE #313,US-81,Duncan,OK,3.132,34.5023,-97.95781
69944,TRUCK WORLD,"I-76, EXIT 57",North Jackson,OH,3.259,41.10006,-80.85731
69945,BP,"I-465, EXIT 49",Indianapolis,IN,3.799,39.76838,-86.15804
69946,KUM & GO #0119,"I-35, EXIT 214 & SR-105",Northwood,IA,3.116,43.44412,-93.22104
69947,THORNTONS #607,I-24 EXIT 62 & SR-171,Antioch,TN,2.899,35.78979,-88.97423
69948,CIRCLE T,US-190/SR-21,Bryan,TX,3.459,30.67436,-96.36996
69949,THE CROSSING TRAVEL MARK,US-83 & SR-153,Winters,TX,3.041,31.95653,-99.96231
69952,HUTCH'S #120,"I-40, EXIT 25",Sayre,OK,2.984,35.29116,-99.6401
69954,Exxon,"I-80, EXIT 27A & US-46",Budd Lake,NJ,3.119,40.87121,-74.73405
69955,QUIKTRIP #1044,"I-85, EXIT 63 & SR-2180",Kannapolis,NC,3.154,35.48736,-80.62173
69957,LOVES TRAVE STOP #698,"I-75/SR-401, EXIT 153",Macon,GA,3.369,32.84069,-83.6324
69958,LOVES TRAVEL STOP #693,US-30/23 & SR-199,Upper Sandusky,OH,3.889,40.82728,-83.28131
69959,BISCUIT HILL TRAVEL PLAZA,"I-40, EXIT 192",Shawnee,OK,2.909,35.32729,-96.9253
69960,PILOT CENTER #1014- TOWN PUMP,"I-94, EXIT 213 & SR-16",Glendive,MT,3.419,47.10529,-104.71246
69962,LUFKIN TRAVEL PLAZA,US-59 & CR-819,Lufkin,TX,2.816,31.33824,-94.7291
69963,7 CLANS RED ROCK GASINO,US-177,Red Rock,OK,3.089,36.45921,-97.17893
69964,SHEETZ #621,"I-77 & US-70, Exit 49A",Statesville,NC,2.849,35.78264,-80.8873
69969,USA GAS,SR-47,Newfield,NJ,3.169,39.54688,-75.02636
69974,LOVES TRAVEL STOP #672,US-77BUS & FM-1945,Sinton,TX,3.149,28.03668,-97.50916
69975,LOVES TRAVEL STOP #703,US-50,South Hutchinson,KS,3.301,38.02807,-97.94033
69976,KWIK TRIP #583,"I-94, EXIT 89 & SR-23",Wisconsin Dells,WI,3.237,43.62748,-89.77096
69977,KWIK TRIP #855,US-12,Baraboo,WI,3.116,43.47109,-89.74429
69978,LOVES TRAVEL STOP #678,US-271,Paris,TX,3.366,33.66094,-95.55551
69979,LOVES TRAVEL STOP #681,"I-82/US-12, EXIT 80",Prosser,WA,4.589,46.2068,-119.76892
69980,RUTTERS #70,SR-896 & SR-741,Strasburg,PA,4.199,39.98316,-76.18412
69981,RANCHLAND GAS STATION,US-82,Benjamin,TX,3.299,33.58398,-99.79231
69982,RUTTERS #68,US-422 & SR-934,Annville,PA,4.299,40.32954,-76.51524
69983,MICKEY MART #57,US-250,Strasburg,OH,3.492,40.59478,-81.52679
69986,YESWAY #1061,US-180 & SR-137,Lamesa,TX,3.099,32.7376,-101.95099
69987,LOVES TRAVEL STOP #679,"I-90, EXIT 495 & SR-47",Hardin,MT,3.704,45.73248,-107.61203
69988,LOVES TRAVEL STOP #640,"I-43, EXIT 120 & CR-OK",Sheboygan,WI,3.289,43.75083,-87.71453
69989,LOVES TRAVEL STOP #677,US-45A,West Point,MS,3.259,33.60762,-88.65033
69990,LOVES TRAVEL STOP #691,US-50/93 & US-6,Ely,NV,3.649,39.24744,-114.88863
69991,WA SHE SHU TRAVEL PLAZA,US-395,Gardnerville,NV,3.699,38.9413,-119.74962
69992,KWIK TRIP #120,SR-15 & CR-4,Saint Cloud,MN,3.277,45.5608,-94.16249
69993,CEFCO #99,US-290,Giddings,TX,3.159,30.18272,-96.93637
69995,PILOT EXPRESS #1178,"I-10, EXIT 273",Tucson,AZ,3.219,32.22174,-110.92648
69996,YESWAY #1078,US-83 & SR-153,Winters,TX,2.999,31.95653,-99.96231
69998,CASEYS #3604,US-75,Hinton,IA,3.299,42.62777,-96.29169
69999,RUTTERS #71,"I-99, EXIT 28 & US-22",Duncansville,PA,4.099,40.42341,-78.4339
70001,LOVES TRAVEL STOP #690,US-23,Circleville,OH,3.789,39.60062,-82.94601
70002,LOVES TRAVEL STOP #699,US-49,Magee,MS,3.607,31.87377,-89.73369
70003,SPEEDWAY #2926,SR-837,Clairton,PA,3.926,40.29229,-79.88171
70004,SPEEDWAY #7775,US-23 & CR-192,Delaware,OH,3.619,40.29867,-83.06797
70007,FLYING J #1096,"I-95, EXIT 201 & CR-524",Cocoa,FL,3.699,28.38612,-80.742
70008,Amigo's,"I-10, EXIT 661 & FM-609",Flatonia,TX,3.082,29.68773,-97.1086
70009,KWIK TRIP #661,SR-69 & BUS-11,Monroe,WI,3.362,42.60112,-89.63845
70010,Kwik Star #567,US-65 & SR-3,Hampton,IA,3.504,42.74192,-93.20242
70011,KWIK TRIP #279,"US-63, EXIT 59",Rochester,MN,3.549,44.02163,-92.4699
70012,MAVERIK COUNTRY STORE #549,"I-70, EXIT 283",Aurora,CO,3.186,39.72943,-104.83192
70014,PETRO-CARD 24 #919141,SR-179,Jamestown,MO,3.479,38.76559,-92.48074
70016,CASEYS #2743,SR-43/SR-2 & SR-66A,Palmyra,NE,3.199,40.70445,-96.38751
70017,PACIFIC PRIDE,I-79 & US-19,Morgantown,WV,3.459,39.62953,-79.9559
70019,QUICKLEES #1,"I-390, EXIT 9 & SR-15",Avon,NY,3.999,42.91201,-77.74556
70022,SHEETZ #583,US-322 & SR-655,Reedsville,PA,3.416,40.66396,-77.59583
70024,KWIK TRIP #827,"I-41, EXIT 167",Green Bay,WI,3.499,44.51916,-88.01983
70025,SPEEDWAY #6245,SR-43,Carrollton,OH,3.559,40.57284,-81.08565
70026,SPEEDWAY #8883,I-80 EXIT 73,Peru,IL,3.149,41.32753,-89.12897
70027,SPEEDWAY #8851,SR-31,South Elgin,IL,3.559,41.99419,-88.2923
70028,LOVES TRAVEL STOP #697,"US-321, EXIT 37",Newton,NC,3.689,35.66986,-81.22147
70029,LOVES TRAVEL STOP #696,"I-10, EXIT 843",Beaumont,TX,3.294,30.08605,-94.10185
70030,SPEEDWAY #3991,"I-80 E, & I-94 E",Gary,IN,3.712,41.59337,-87.34643
70031,SPEEDWAY #8020,US-30,Upper Sandusky,OH,3.799,40.82728,-83.28131
70032,Kwik Star #569,US-20,Waterloo,IA,3.574,42.49276,-92.34296
70033,KWIK TRIP #111,SR-36 & CR-15,Stillwater,MN,3.541,45.05636,-92.80604
70034,SPEEDWAY #8799,I-55 EXIT 282A & SR-171,Bedford Park,IL,3.599,41.76281,-87.80006
70035,SPEEDWAY #8064,"I-55, EXIT 178 & SR-43",West Lafayette,IN,3.582,40.42587,-86.90807
70036,Speedway #3994,SR-38 & CR-21,West Chicago,IL,3.599,41.88475,-88.20396
70037,SPEEDWAY #8738,"I-70, EXIT 23 & SR-59",Brazil,IN,3.699,39.52365,-87.12502
70038,SPEEDWAY #1830,US-31,Grand Haven,MI,3.899,43.06307,-86.22839
70039,TEX-BEST #527,SR-162 & SR-16,Jourdanton,TX,2.921,28.91803,-98.54641
70040,TEX BEST #503,"I-35, EXIT 215 & CR-210",Kyle,TX,2.806,29.98911,-97.87723
70041,LOVES TRAVEL STOP #705,"I-64/SR-33, EXIT 211 & SR-609",Providence Forge,VA,3.889,37.44181,-77.04358
70042,Kwik Star #103,US-65,Iowa Falls,IA,3.374,42.52248,-93.25131
70043,KWIK TRIP #571,"I-35, EXIT 235 & SR-210",Carlton,MN,3.319,46.66383,-92.42491
70044,Thorntons #325,"I-94, EXIT 73B & US-6",South Holland,IL,3.699,41.60087,-87.60699
70049,KWIK STAR #581,"I-380, EXIT 17",Cedar Rapids,IA,3.541,42.00833,-91.64407
70050,KWIK TRIP #124,US-51,De Forest,WI,3.236,43.24777,-89.34373
70053,KWIK TRIP #964,"US-12, EXIT 250 & CR-M",Middleton,WI,3.529,43.09722,-89.50429
70054,KWIK TRIP #976,CR-241 & CR-ZZ,Oak Creek,WI,3.579,42.88585,-87.86314
70058,KWIK TRIP #590,CR-4 & CR-22,Rochester,MN,3.624,44.02163,-92.4699
70059,KWIK TRIP #118,US-2 & LAKESHORE DRIVE,Ashland,WI,3.699,46.59244,-90.8838
70062,KWIK TRIP #970,SR-164 & SR-59,Waukesha,WI,3.532,43.01168,-88.23148
70063,QUICK FUEL #2206,US-41,Marietta,GA,3.519,33.9526,-84.54993
70066,KWIK TRIP #957,US-18 & CR-PD,Madison,WI,3.604,43.07305,-89.40123
70067,KWIK TRIP #240,"I-94, EXIT 115 & CR-A",Black River Falls,WI,3.312,44.29468,-90.85153
70068,LOVES TRAVEL STOP #712,"I-44, EXIT 107",Newcastle,OK,3.426,35.24729,-97.59976
70069,CASEYS #3486,"I-49, EXIT 159",Harrisonville,MO,3.229,38.65334,-94.34884
70074,CASEYS #3430,US-71 & US-136/SR-46,Maryville,MO,3.137,40.3461,-94.87247
70075,KWIK TRIP #815,US-63 & SR-48,Cumberland,WI,3.624,45.53218,-92.01935
70076,PETRO-CARD 24 #910681,SR-32,Salem,MO,3.099,37.6456,-91.53598
70078,KWIK TRIP #573,I-94 & CR-EE,Eau Claire,WI,3.399,44.81135,-91.49849
70079,PILOT #1118,US-60,Clovis,NM,4.079,34.4048,-103.20523
70080,FLYING J #1117,SR-25,Rochester,IN,3.859,41.06476,-86.21583
70081,PILOT EXPRESS #1032,SR-7,Steubenville,OH,3.629,40.36979,-80.63396
70082,KWIK TRIP #588,US-51 & SR-70,Woodruff,WI,3.096,45.89634,-89.69904
70083,KWIK TRIP #596,US-14,Black Earth,WI,3.444,43.13722,-89.74679
70084,SPEEDWAY #4440,SR-131,Waukegan,IL,3.659,42.36363,-87.84479
70085,Pilot #1114,SR-83,Bensenville,IL,3.389,41.95503,-87.94007
70087,PILOT EXPRESS  #1098,"I-95, EXIT 14",Newark,NJ,3.999,40.73566,-74.17237
70088,KWIK TRIP #138,SR-13,Park Falls,WI,3.147,45.9344,-90.44155
70090,SPEEDWAY #7111,"I-40, EXIT 143 & SR-13",Hurricane Mills,TN,3.032,35.97117,-87.78197
70091,SPEEDWAY #7503,I-70 & I-57 EXIT 159,Effingham,IL,3.199,39.12004,-88.54338
70093,LOVES TRAVEL STOP #694,US-45/SR-5 & SR-57,Ramer,TN,3.462,35.06953,-88.62227
70095,LOVES TRAVEL STOP #713,US-380 & FM-1304,Bridgeport,TX,2.949,33.21012,-97.75476
70096,LOVES TRAVEL STOP #661,US-65 & SR-81,Pine Bluff,AR,3.319,34.22843,-92.0032
70097,KWIK TRIP #112,SR-32 & SR-23,Sheboygan Falls,WI,3.292,43.73197,-87.82213
70098,KWIK TRIP #110,US-2,Ashland,WI,3.699,46.59244,-90.8838
70099,QUIKTRIP #1883,"I-35, EXIT 497 & US-82",Gainesville,TX,2.976,33.62594,-97.13335
70100,LOVES TRAVEL STOP #718,"I-65, EXIT 158",Hope Hull,AL,3.266,32.26986,-86.35719
70104,LOVES TRAVEL STOP #649,"I-76/US-6, EXIT 89",Brush,CO,4.089,40.25887,-103.62384
70105,LOVES TRAVEL STOP #708,"I-75, EXIT 314 & CR-48",Bushnell,FL,3.296,28.66499,-82.11286
70106,LOVES TRAVEL STOPS #719,"I-35, EXIT 308",Troy,TX,3.159,31.20684,-97.30278
70107,LOVES TRAVEL STOP #711,"I-71, EXIT 165 & SR-97",Bellville,OH,3.709,40.62006,-82.51072
70108,RICKY ROCKETS FUEL CENTER,SR-50 & SR-83,Midlothian,IL,3.099,41.62531,-87.71755
70111,KWIK TRIP #557,"I-39, EXIT 126 & CR-V",De Forest,WI,3.311,43.24777,-89.34373
70117,RUTTERS #72,"I-81, EXIT 16 & US-30",Saint Thomas,PA,4.399,39.91759,-77.79777
70118,SPEEDWAY #7118,US-41,Smyrna,TN,3.016,35.98284,-86.5186
70122,Circle K #2709301,SR-67,Decatur,AL,3.899,34.60593,-86.98334
70124,TA Express Lamar,US-50/385,Lamar,CO,3.439,38.08723,-102.62075
70125,SPEEDWAY #7391,I-76 EXIT 232,North Lima,OH,3.699,40.94839,-80.65896
70126,SPEEDWAY #3535,"I-71,EXIT 165 & SR-97",Bellville,OH,3.599,40.62006,-82.51072
70127,SPEEDWAY #2929,"US-22, US-119",New Alexandria,PA,3.972,40.39868,-79.42198
70128,CIRCLE K #4703913,"I-40 E, EXIT 87",Jackson,TN,3.349,35.61452,-88.81395
70130,SIDE TRACK,SR-57,Wrightsville,GA,3.316,32.72933,-82.71986
70131,THORNTONS #323,SR-64,Lombard,IL,3.299,41.88003,-88.00784
70135,KUM & GO #1455,"I-44, EXIT 130",Lebanon,MO,3.092,37.6806,-92.66379
70136,FUEL CITY SAGINAW,CR-156,Fort Worth,TX,2.966,32.72541,-97.32085
70137,RUTTERS #8,"I-83, EXIT 14 & SR-182",York,PA,4.199,39.9626,-76.72774
70140,CASEYS #3593,SR-7 & US-50,North Vernon,IN,3.592,39.00617,-85.62358
70142,ONVO TRAVEL PLAZA - AVIS,"US-220, EXIT 118",Avis,PA,3.539,41.18479,-77.31386
70143,KWIK TRIP #104,"I-94, HWY-24, EXIT 178",Clearwater,MN,3.277,45.41941,-94.04887
70144,LOVES TRAVEL STOP #635,"I-49, EXIT 24 & SR-282",Alma,AR,3.459,35.47787,-94.22188
70145,MAVERIK COUNTRY STORE #578,US-26 & US-91,Idaho Falls,ID,3.402,43.46658,-112.03414
70146,MAVERIK COUNTRY STORE #567,"I-90, EXIT 291A",Spokane,WA,3.969,47.65966,-117.42908
70150,LOVES TRAVEL STOP #704,"I-29, EXIT 35B & US-34",Pacific Junction,IA,3.789,41.01861,-95.79917
70151,LOVES TRAVEL STOP #721,"I-45, EXIT 246 & FM-1183",Ennis,TX,3.036,32.32931,-96.62527
70154,Stinker,"US-34, CR-56",Kersey,CO,3.499,40.38748,-104.56163
70155,MARATHON,"US-24, I-96 EXIT 179",Redford,MI,4.999,42.38337,-83.2966
70156,MAVERIK COUNTRY STORE #348,"US-91, SR-130",Cedar City,UT,3.452,37.67748,-113.06189
70157,LOVES TRAVEL STOP #702,US-63,Waterloo,IA,3.769,42.49276,-92.34296
70158,FLYING J #1068,"I-26, EXIT 194 & SR-16",Summerville,SC,3.509,33.0185,-80.17565
70159,LOVES TRAVEL STOP #717,US-460 & SR-156,Disputanta,VA,3.562,37.12432,-77.22581
70160,COMMON CENTS #212,I-90 & SR-337,Sheridan,WY,3.561,44.79719,-106.95618
70162,PILOT #1049,US-58,Suffolk,VA,3.899,36.72836,-76.58496
70163,KWIK TRIP #598,SR-23,Paynesville,MN,3.399,45.38052,-94.71195
70164,ONVO TRAVEL PLAZA - BLAKESLEE,I-80 EXIT 284,Blakeslee,PA,3.566,41.09259,-75.59269
70168,KWIK TRIP #575,CR-75,Saint Joseph,MN,3.302,45.56496,-94.31833
70169,ROCKING Oil,SR-21,Caldwell,TX,3.099,30.53132,-96.69303
70170,LOVES TRAVEL STOP #716,SR-3005,Elizabethtown,KY,3.599,37.69395,-85.85913
70171,CITGO HERITAGE RIDGE,US-151 & SR-26,Waupun,WI,3.147,43.63332,-88.72955
70172,MACH 1 #3,I-57 & SR-14,Benton,IL,3.379,37.99672,-88.92007
70174,LOVES TRAVEL STOP #701,"I-69, EXIT 176",Capac,MI,3.949,43.01253,-82.92799
70176,MAVERIK COUNTRY STORE #565,I-84,Boise,ID,3.396,43.6135,-116.20345
70177,MAVERIK COUNTRY STORE #497,US-160 & SR-145,Cortez,CO,3.416,37.34888,-108.58593
70179,WORKMANS TRAVEL CENTER,"I-49, EXIT 78 & SR-264",Lowell,AR,3.402,36.25535,-94.13076
70180,Gulf,SR-83,Bensenville,IL,3.059,41.95503,-87.94007
70181,CIRCLE K #2723778,US-501 & SR-78/CR-1303,Sanford,NC,3.049,35.47988,-79.1803
70182,SHELL,US-169,Blue Earth,MN,3.299,43.63746,-94.10218
70183,PILOT # 1134,US-285 & CR-652,Orla,TX,3.759,31.82513,-103.90881
70185,PILOT # 1147,SR-302,Kermit,TX,3.256,31.85763,-103.09267
70187,PILOT # 1146,I-20 & SR-17,Pecos,TX,3.466,31.42291,-103.49323
70188,KUM & GO #0890,I-44 (WESTBOUND),Vinita,OK,3.059,36.63869,-95.15413
70189,HUDSON IRVING 24,SR-3A,Hudson,NH,3.799,42.76481,-71.43979
70190,LOVES TRAVEL STOP #726,I-25 EXIT 191,Belen,NM,3.522,34.66284,-106.77642
70191,LOVES TRAVEL STOP #734,"I-44, EXIT 5 & US-70",Randlett,OK,3.121,34.17731,-98.46367
70192,LOVES TRAVEL STOP #720,"I-49, EXIT 94 & SR-1",Boyce,LA,3.174,31.39046,-92.66931
70207,PILOT TRAVEL CENTERS #1344,I-20 EXIT 425,Fort Worth,TX,2.909,32.72541,-97.32085
70208,GOLDEN GATE PETRO,SR-648,Sparks,NV,3.986,39.53491,-119.75269
70209,PUMP N PETES #42,"I-49, EXIT 66 & CR-K",Jasper,MO,3.199,37.33616,-94.30134
70210,CASEYS #3889,SR-29 & CR-1350,Henry,IL,3.349,41.11142,-89.35648
70214,RACETRAC #688,I-20 & SR-6,Lithia Springs,GA,2.972,33.794,-84.66049
70216,PILOT #1110,I-25 & SR-105,Monument,CO,3.579,39.09166,-104.87276
70217,MR GAS #20,I-84 EXIT 165,Jerome,ID,3.407,42.72407,-114.51865
70218,LOVES TRAVEL STOP #725,I-69 & SR-260,Hanson,KY,3.599,37.41727,-87.48083
70219,LOVES TRAVEL STOP #709,US-59 & SR-116,Lufkin,TX,3.649,31.33824,-94.7291
70220,LOVES TRAVEL STOP #497,"I-40, EXIT 154 & US-64",Statesville,NC,3.689,35.78264,-80.8873
70221,PILOT #1092,CR-70 E,Cedar Rapids,IA,3.779,42.00833,-91.64407
70222,GOOD TO GO #45,"US-52 & SR-55, SR-18",Fowler,IN,3.699,40.6167,-87.32085
70223,SPEEDWAY #8749,"I-75, EXIT 116",Flint,MI,3.089,43.01253,-83.68746
70224,GOLDEN GATE PETROLEUM,I-70 EXIT 42,Palisade,CO,3.549,39.11026,-108.35092
70225,Union 76 Pilot,US-130,Riverton,NJ,3.999,40.0115,-75.01489
70227,LOVES TRAVEL STOP #724,"I-75, EXIT 414 & US-41",Lake City,FL,3.339,30.18968,-82.63929
70229,TA EXPRESS HENDERSON #969,I-11 EXIT 15A,Henderson,NV,3.639,36.0397,-114.98194
70232,RUTTERS #73,"I-81, EXIT 8 & CR-32",Inwood,WV,3.659,39.35788,-78.04
70233,RUDS,SR-31 & I-94 EXIT 127,New Salem,ND,3.499,46.845,-101.41125
70236,LOVES TRAVEL STOP #733,"I-25, EXIT 347",Las Vegas,NM,3.489,35.59393,-105.2239
70238,ROAD RANGER #275,"I-10, EXIT 400 & US-277",Sonora,TX,3.549,30.56685,-100.64343
70239,GOOD 2 GO #717,"I-25, EXIT 145",Colorado Springs,CO,3.479,38.83388,-104.82136
70240,MAVERIK COUNTRY STORE #370,"I-15, EXIT 10",Saint George,UT,3.542,37.10415,-113.58412
70241,MAVERIK COUNTRY STORE #460,SR-88,Minden,NV,3.526,38.95407,-119.76573
70242,ROAD RANGER #276,"I-35, EXIT 342A",Waco,TX,3.049,31.54933,-97.14667
70243,CASEYS #4415,US-68 & US-31W /SR-526,Bowling Green,KY,2.999,36.99032,-86.4436
70245,YESWAY #1168,US-287 & CR-368,Iowa Park,TX,2.889,33.95148,-98.66867
70246,7-Eleven #37565,SR-944 & SR-9,Miami,FL,3.249,25.77427,-80.19366
70247,EXXON DBA ONE9 #1416,I-20 EXIT 458,Dallas,TX,2.992,32.78306,-96.80667
70249,Caseys #4466,US-231 & SR-100,Scottsville,KY,3.312,36.75338,-86.19054
70251,Marathon,SR-42 & US-49,Hattiesburg,MS,3.032,31.32712,-89.29034
70254,LOVES TRAVEL STOP #732,I-70 & CR-829,Abilene,KS,3.762,38.91722,-97.21391
70255,J&H  FAMILY STORE #152,SR-55,Cadillac,MI,3.259,44.25195,-85.40116
70256,PILOT TRAVEL CENTER #1128,SR-60,Bartow,FL,3.599,27.89641,-81.84314
70257,LOVES TRAVEL STOP #739,I-2,Donna,TX,3.649,26.17035,-98.05195
70258,CASEYS #3677,US-59 & SR-30,Slayton,MN,3.299,43.98774,-95.75585
70262,ASAP GENERAL STORE #332,US-70 & US-377,Madill,OK,3.016,34.09038,-96.77167
70263,ENMARKET #769,US-301,Statesboro,GA,3.699,32.44879,-81.78317
70265,Speedee Mart # 2875,I-80 & CR-238,Milford,NE,3.432,40.77445,-97.05059
70266,PILOT #1161,I-20,Odessa,TX,3.566,31.84568,-102.36764
70267,LOVES TRAVEL STOP #728,"I-5, EXIT 238 & SR-164",Albany,OR,3.847,44.63651,-123.10593
70268,CASEYS #3396,SR-92 & SR-149,Sigourney,IA,3.362,41.33334,-92.20463
70269,CASEYS #3589,"I-29, EXIT 2",North Sioux City,SD,3.059,42.52722,-96.48309
70270,CASEYS #3685,US-50/US400  & SR-25,Lakin,KS,3.192,37.94058,-101.25489
70271,CASEYS #1160,US-20,Plainview,NE,3.229,42.34973,-97.79201
70273,SPEEDWAY #5457,"I-264 E, EXIT 14 & SR-864 N",Louisville,KY,3.029,38.25424,-85.75941
70274,Kwik Star #920,US-18 & US-69,Garner,IA,3.399,43.10246,-93.60188
70276,STAR EXPRESS #5,US-301 & SR-648,Petersburg,VA,3.049,37.22793,-77.40193
70277,KWIK TRIP #595,SR-46,Amery,WI,3.561,45.30691,-92.36214
70278,KWIK TRIP #923,"I-41, EXIT 146 & CR-N",Little Chute,WI,3.269,44.27999,-88.31844
70279,KWIK TRIP #926,SR-19 & SR-21,New Prague,MN,3.291,44.5433,-93.57607
70280,LOVES TRAVEL STOP #668,"I-25, EXIT 250 & SR-56",Berthoud,CO,3.391,40.30832,-105.08109
70281,LOVES TRAVEL STOP #645,"I-75, EXIT 18",Monroe,MI,3.239,41.91643,-83.39771
70282,PLEASANT SPRINGS TRAVEL,"I-39, EXIT 147 & CR-N",Cottage Grove,WI,3.391,43.07611,-89.19956
70283,SPEEDWAY #3996,US-12 & SR-120,Round Lake,IL,3.399,42.35336,-88.09341
70285,IRVING MAINWAY,SR-16 E,Dover Foxcroft,ME,3.866,45.18339,-69.22699
70286,ROBINSONS IRVING,SR-7,Corinna,ME,3.932,44.92117,-69.26171
70287,LOVES TRAVEL STOP #710,US-31 & SR 28,Tipton,IN,3.847,40.28226,-86.0411
70291,LOVES TRAVEL STOP #723,"I-80, EXIT 310 & CR-322",Laramie,WY,3.616,41.31137,-105.5911
70292,FLYING J #1171,I-15,Mesquite,NV,3.706,36.80553,-114.06719
70293,KWIK TRIP #922,US-8,Cameron,WI,3.664,45.40857,-91.74406
70295,SPEEDWAY #8080,I-69 & US-20,Angola,IN,3.599,41.63477,-84.99941
70296,MAVERIK COUNTRY STORE #573,SR-68 & SR-154,Riverton,UT,3.136,40.52189,-111.9391
70297,KWIK STAR #509,SR-169 & BUS-20,Fort Dodge,IA,3.202,42.49747,-94.16802
70298,LOVES TRAVEL STOP #740,"I-95, EXIT 38 & SR-68",Yemassee,SC,3.419,32.69018,-80.85066
70299,Mr Fuel dba Pilot Express #1149,"I-295, EXIT 41 & SR-105",Jacksonville,FL,3.239,30.33218,-81.65565
70300,PILOT #1194,I-10 & US-60,Phoenix,AZ,6.039,33.44838,-112.07404
70301,GOLDEN GATE TRUCKSTOP,I-80 & SR-535,Elko,NV,3.599,40.83242,-115.76312
70302,KWIK TRIP #117,CR-9 & CR-4,Duluth,MN,3.499,46.78327,-92.10658
70303,Kwik Star #1004,US-63,Waterloo,IA,3.574,42.49276,-92.34296
70304,Rusty Lantern,"I-95, EXIT 109A & SR-202",Augusta,ME,3.887,44.31062,-69.77949
70305,LOVES TRAVEL STOP #737,I-40/US-270,El Reno,OK,3.344,35.53227,-97.95505
70306,KWIK STAR #1001,US-6,Newton,IA,3.249,41.69971,-93.04798
70307,KWIK TRIP #592,"I-35, EXIT 159 & CR-1",Rush City,MN,3.377,45.68551,-92.96549
70308,KWIK TRIP #946,SR-32,Pulaski,WI,3.457,44.67222,-88.2426
70309,PILOT #1165,SR-18 & SR-128,Jal,NM,3.366,32.11318,-103.19351
70310,LANCASTER CONVENIENCE,US-2 & US-70,Lancaster,MA,3.706,42.45565,-71.67312
70311,RACING MART,SR-8,Adams,MA,3.699,42.62425,-73.1176
70313,Flyer's #3207,"SR-143, EXIT 2",Phoenix,AZ,3.389,33.44838,-112.07404
70314,CASEYS #2721,US-34,Lincoln,NE,3.337,40.8,-96.66696
70318,LOVES TRAVEL STOP #738,"I-30/US-67, EXIT 122 & SR-19/SR-11",Sulphur Springs,TX,3.309,33.13845,-95.60107
70319,SPEEDWAY #3650,"I-76, EXIT 11 & SR-261",Wadsworth,OH,3.699,41.02561,-81.72985
70320,SPEEDWAY #7177,"I-24, EXIT 158 & SR-27",Jasper,TN,3.014,35.07424,-85.62608
70321,PILOT TRAVEL CENTER #1132,SR-171 & SR-78,Brawley,CA,4.759,32.97866,-115.53027
70322,INDIAN HILL IRVING,SR 6,Greenville,ME,3.866,45.45949,-69.59061
70323,LOVES TRAVEL STOP #750,I-74 EXIT 206,Oakwood,IL,3.389,40.11615,-87.77836
70324,LOVES TRAVEL STOP #729,CR-17 & US-20,Goshen,IN,3.722,41.58227,-85.83444
70325,KWIK STAR #927,US-169 & US-169 BUS/US-20 BUS,Fort Dodge,IA,3.202,42.49747,-94.16802
70326,PILOT #1207,"I-20, EXIT 79 & SR-464",Monahans,TX,3.466,31.5943,-102.89265
70328,Thorntons #7,US-12 & US-45,Franklin Park,IL,3.329,41.93531,-87.86562
70329,1 STOP TRAVEL PLAZA,US-14 & US-83,Pierre,SD,3.382,44.36832,-100.35097
70331,LOVES TRAVEL STOP #707,"I-64, EXIT 21",Covington,VA,3.649,37.79346,-79.99395
70333,KWIK STAR #932,"I-80, EXIT 143 & CR-S14",Altoona,IA,2.959,41.64416,-93.46466
70334,KWIK TRIP #1021,SR-11 & CR-E,Brodhead,WI,3.416,42.61834,-89.37623
70336,SPEEDWAY #3962,"I-39,  EXIT 3 & SR-9",Roscoe,IL,3.469,42.41335,-89.00927
70337,LOVES TRAVEL STOP #700,I-10 EXIT 404 & SR-467,Sonora,TX,3.647,30.56685,-100.64343
70338,LOVES TRAVEL STOP #747,"I-75, EXIT 90",Sidney,OH,3.346,40.28422,-84.1555
70340,PIT STOP,SR-53 & SR-74,Joliet,IL,3.499,41.52519,-88.0834
70341,LOVES TRAVEL STOP #741,US-29,Reidsville,NC,3.999,36.35486,-79.66447
70342,AF TRUCK CENTER,"I-294, EXIT 33 & SR-64",Melrose Park,IL,3.459,41.90059,-87.85673
70343,PILOT TRAVEL CENTER #1103,"I-5, EXIT 208 & SR-530",Arlington,WA,4.559,48.19871,-122.12514
70344,KWIK TRIP #928,US-169,Princeton,MN,3.399,45.56997,-93.58163
70345,LOVES TRAVEL STOP #742,"I-196, EXIT 52",Holland,MI,4.089,42.78752,-86.10893
70346,Kwik Star #924,SR-17 & US-20 EXIT 140,Webster City,IA,3.202,42.46942,-93.81605
70349,WEIGELS #90,SR-139 & SR-66,Kodak,TN,3.199,35.97453,-83.62684
70350,CIRCLE K #2741859,CR-802,Brownsville,TX,3.029,25.90175,-97.49748
70351,MAVERIK COUNTRY STORE #606,US-91,Franklin,ID,3.579,42.01354,-111.80717
70352,KWIK TRIP #1019,CR-5 & SR-65,Isanti,MN,3.474,45.49024,-93.24773
70353,ASAP General Store #314,"US-62, US-81, SR-9",Chickasha,OK,3.132,35.05257,-97.93643
70357,Certified Oil #400489,"I-71, EXIT 104",Columbus,OH,3.409,39.96118,-82.99879
70358,FOOD N FUEL #25,SR-15 & US-12,Milbank,SD,3.369,45.21913,-96.63562
70359,PILOT # 1185,"I-15, EXIT 9   3",Littlefield,AZ,3.689,36.8872,-113.92969
70360,MAVERIK COUNTRY STORE #595,"I-84, EXIT 28",Caldwell,ID,3.369,43.66294,-116.68736
70361,MAVERIK COUNTRY STORE #599,US-89 & CR-122,Thayne,WY,3.669,42.92076,-111.00216
70366,FAST STOP,US-41,Escanaba,MI,3.399,45.74525,-87.06458
70371,KENT KWIK #440,US-277,Haskell,TX,3.539,33.1576,-99.7337
70373,KWIK TRIP #791,US-45 & SR-54,New London,WI,3.484,44.39276,-88.73983
70374,LOVES TRAVEL STOP #746,I-72 & SR-121,Decatur,IL,3.449,39.84031,-88.9548
70375,QUIKTRIP #1853,US-81,Decatur,TX,2.899,33.23428,-97.58614
70376,QUIKTRIP #1935,SR-183,Dallas,TX,2.976,32.78306,-96.80667
70377,WEIGELS #81,I-81 & SR-32,Morristown,TN,3.259,36.21398,-83.29489
70379,SPEEDWAY #7209,US-411 & SR-20,Cartersville,GA,3.116,34.16533,-84.80231
70380,LOVES TRAVEL STOP #714,"I-85, EXIT 29",Charlotte,NC,3.522,35.22709,-80.84313
70383,SPEEDWAY #4400,I-10 & SR-59,Loxley,AL,3.282,30.61825,-87.75305
70385,LONGHORN EXPRESS,US-70,Ardmore,OK,3.009,34.17426,-97.14363
70388,PILOT #1205,"I-20, EXIT 80",Monahans,TX,3.466,31.5943,-102.89265
70389,PILOT #1145,SR-191,Midland,TX,3.566,31.99735,-102.07791
70390,FLYING J #1206,SR-302 & CR-313,Kermit,TX,3.256,31.85763,-103.09267
70391,MACH 1 #12,I-57 EXIT 65,West Frankfort,IL,3.199,37.89783,-88.93146
70403,MAVERIK COUNTRY STORE #607,"I-90, EXIT 1",Post Falls,ID,3.376,47.71796,-116.95159
70404,MAVERIK COUNTRY STORE #602,"I-25 EXIT, 138",Colorado Springs,CO,3.289,38.83388,-104.82136
70405,LOVES TRAVEL STOP #760,SR-18 & SR-234,Eunice,NM,3.329,32.43734,-103.15908
70406,LOVES TRAVEL STOP #754,SR-251,Rochelle,IL,3.749,41.92392,-89.06871
70407,BOLLA MARKET,"I-495, EXIT 57",Islandia,NY,3.539,40.80426,-73.169
70408,BOLLA MARKET,"I-495, EXIT 64",Medford,NY,3.539,40.8176,-73.00011
70409,SPEEDWAY #6512,"I-196, EXIT 49 & SR-40",Holland,MI,3.899,42.78752,-86.10893
70410,SPEEDWAY #4107,I-285 & US-78,Stone Mountain,GA,3.529,33.80816,-84.1702
70411,MARATHON,SR-72,Elberton,GA,3.899,34.11159,-82.86863
70413,CASEYS #3782,US-169 & SR-2,Mount Ayr,IA,3.164,40.71471,-94.23523
70415,GARDEN TRUCK STOP,SR-55 /EXIT 35,Vineland,NJ,3.999,39.48623,-75.02573
70416,ALLSUPS CONVENIENCE STORE #2361,US-54 & US-287,Stratford,TX,2.957,36.33614,-102.07212
70417,CASEYS #3434,US-63,Denver,IA,3.499,42.67137,-92.3374
70419,FUEL AMERICA TRAVEL CENTER,I-35 EXIT 24,Laredo,TX,3.099,27.50641,-99.50754
70420,Circle K #2709302,SR-67,Decatur,AL,3.507,34.60593,-86.98334
70421,CASEYS #3581,US-62/US-67,Corning,AR,3.282,36.40784,-90.57983
70422,CIRCLE K #2741675,"I-10, EXIT 134",Tolleson,AZ,3.519,33.45004,-112.25932
70423,LOVES TRAVEL STOP #763,I-90 & US-20,Hampshire,IL,3.449,42.0978,-88.53036
70424,LOVES TRAVEL STOP #743,"I-75, EXIT 144A",Bridgeport,MI,3.279,43.35947,-83.88164
70425,LOVES TRAVEL STOP #731,"I-79, EXIT 105 & SR-108",Slippery Rock,PA,4.249,41.06395,-80.05645
70426,BISHOPS TRAVEL CENTER,US-27,Attapulgus,GA,3.699,30.74932,-84.48568
70427,PARKERS #64 (DISCOUNT AVAILABLE),SR-307,Savannah,GA,3.032,32.08354,-81.09983
70428,PARKERS #63 (DISCOUNT AVAILABLE),US-301,Jesup,GA,3.116,31.60785,-81.88634
70429,BP,SR-76,Adel,GA,2.969,31.13727,-83.42408
70430,SPRINT FOODS #715,I-520 & SR-56,Augusta,GA,3.192,33.47097,-81.97484
70431,TA EXPRESS HOLSTEIN #941,I-20 E,Holstein,IA,3.559,42.48915,-95.545
70432,GAS N WASH,SR-43,Frankfort,IL,3.499,41.49587,-87.84866
70433,GAS N WASH,SR-126,Plainfield,IL,3.599,41.62697,-88.20395
70434,HUCKS FOOD & FUEL #371,SR-148 & SR-142,Mount Vernon,IL,3.099,38.31727,-88.90312
70436,CASEYS #3492,US-36,Marysville,KS,3.299,39.84111,-96.64724
70437,Thorntons #155,"SR-1020 N, & SR1065 E",Louisville,KY,2.906,38.25424,-85.75941
70438,BREAU BRIDGE TRUCKSTOP AND CASINO,SR-94,Breaux Bridge,LA,3.229,30.27353,-91.89928
70439,CHEVRON,I-20 & SR-151,Arcadia,LA,3.189,32.54904,-92.92016
70440,MOUND MINI MART,I-696,Warren,MI,3.699,42.49044,-83.01304
70441,BREAK TIME #3165,US-50 & SR-13,Warrensburg,MO,3.292,38.76279,-93.73605
70442,GOLDEN GATE PETRO,I-580 & US-50,Carson City,NV,3.599,39.1638,-119.7674
70443,GLUCKSTADT FLEETWAY,"I-55, EXIT 112",Madison,MS,3.199,32.46181,-90.11536
70445,CASEYS #3514,SR-1,Oakes,ND,3.382,46.13858,-98.09038
70446,ALLSUPS CONVENIENCE STORE #2220,US-285,Loving,NM,3.599,32.28623,-104.09577
70447,84 QUIK STOP,"I-84, EXIT 3 & US-6",New Hampton,NY,3.459,41.41093,-74.4071
70448,CIRCLE K #4707623,"I-81, EXIT 31",Brewerton,NY,4.089,43.23812,-76.14076
70450,QUEENSBURY,SR-149,Queensbury,NY,3.789,43.37729,-73.61317
70452,LOVES TRAVEL STOP #749,SR-78,Westmorland,CA,4.779,33.03727,-115.62138
70453,MARIETTA PETROLEUM,"I-35, EXIT 15 & SR-32",Marietta,OK,2.922,33.93704,-97.11668
70454,DANDY MINI MART #36,US-220,Monroeton,PA,4.032,41.71258,-76.47466
70455,RUTTERS #37,US-332/US-22 & SR-75,Mifflintown,PA,4.099,40.5698,-77.39693
70456,RUTTERS #67,SR-16 & SR-75,Mercersburg,PA,4.399,39.82787,-77.90333
70457,RUTTERS #15,"I-83, EXIT 22 & SR-4009",York,PA,4.199,39.9626,-76.72774
70458,STOP-A MINIT,US-25 & SR-418,Pelzer,SC,2.899,34.64234,-82.45596
70459,GET N GO #22,I-90 & SR-115,Sioux Falls,SD,2.939,43.54369,-96.72796
70460,ALLSUPS CONVENIENCE STORE #2371,US-87,San Angelo,TX,3.206,31.46377,-100.43704
70461,CIRCLE K #2741074,I-35 & FM-1103,New Braunfels,TX,2.844,29.703,-98.12445
70463,CIRCLE K #2741496,US-290,Chappell Hill,TX,2.999,30.14272,-96.25691
70464,GOLDEN GATE PETEROLEUM 24 RD,US-6,Grand Junction,CO,3.539,39.06387,-108.55065
70466,Circle K #2741925,SR-19,Trinity,TX,2.899,30.94519,-95.3755
70467,QUIKTRIP #598,"I-80, EXIT 439, SR-370",Omaha,NE,2.927,41.25626,-95.94043
70468,CIRCLE K #2741325,I-14 & SR-121,Belton,TX,2.886,31.05601,-97.46445
70469,TA EXPRESS #286,I-30 & SR-423,Mount Vernon,TX,3.299,33.18873,-95.22133
70472,SHELL/ONE9 #1304,I-820 & CR-156,Fort Worth,TX,2.892,32.72541,-97.32085
70474,EXXON,"I-30, EXIT 42A",Dallas,TX,3.499,32.78306,-96.80667
70476,KWIK TRIP #1037,SR-65/23,Mora,MN,3.394,45.8769,-93.29384
70478,TA Express Salina,"I-70, EXIT 56",Salina,UT,3.649,38.95774,-111.85993
70479,CROSSROADS MARKET,US-60 & SR-657,Gladstone,VA,3.439,37.54681,-78.84946
70480,BIG B TRUCK STOP,"I-90, EXIT 321",Sprague,WA,3.899,47.30016,-117.97551
70481,GOHL POST BP,"I-39, EXIT 100",Endeavor,WI,3.176,43.71581,-89.46623
70482,BIG D OIL #19,SR-259 & SR-387,Midwest,WY,3.459,43.41136,-106.28002
70483,BOLLA MARKET,SR-27 & CR-47,Copiague,NY,3.399,40.68149,-73.39984
70484,ALLSUPS CONVENIENCE STORE #2117,SR-18 & CR-97,Lovington,NM,3.104,32.94401,-103.34855
70485,ALLSUPS CONVENIENCE STORE #2145,SR-132,Hobbs,NM,3.382,32.70261,-103.13604
70488,ALLSUPS CONVENIENCE STORE #2365,US-380 & SR-214,Plains,TX,3.369,33.18871,-102.82799
70491,MFA OIL PETRO CARD 24,US-36,Hamilton,MO,3.241,39.74362,-93.99827
70492,KWIK TRIP #1033,US-51 EXIT 191B,Wausau,WI,3.454,44.95914,-89.63012
70493,LOVES TRAVEL STOP #759,US-63/SR-11,Hazen,AR,3.226,34.78093,-91.58097
70494,7-ELEVEN #37570,I-76/US-6,Commerce City,CO,3.639,39.80832,-104.93387
70495,LOVES TRAVEL STOP #689,US-65 & US-82,Lake Village,AR,3.269,33.32873,-91.28178
70496,KWIK TRIP #1015,"I-43, EXIT 171",Denmark,WI,3.362,44.34777,-87.82732
70498,KWIK TRIP #939,"SR-29, EXIT 101",Stanley,WI,3.469,44.95997,-90.93708
70500,STRIPES 7FLEET #42526,SR-289,Lubbock,TX,3.056,33.57786,-101.85517
70501,STRIPES 7FLEET #42527,SR-191 & US-349,Midland,TX,3.472,31.99735,-102.07791
70502,STRIPES 7FLEET #42532,SR-302 & FM-1936,Odessa,TX,3.099,31.84568,-102.36764
70503,STRIPES 7FLEET #42491,US-67 & SR-137,Big Lake,TX,3.549,31.19154,-101.46039
70505,STRIPES #42593,LOOP 289 & MLK BLVD,Lubbock,TX,2.966,33.57786,-101.85517
70507,ALLSUPS CONVENIENCE STORE #2154,SR-206 / US-283,Coleman,TX,3.159,31.82737,-99.42645
70508,7-ELEVEN #34715,I-294 EXIT 20,Schiller Park,IL,4.579,41.95586,-87.8709
70509,ALLSUPS CONVENIENCE STORE #2108,US-377 & US-183,Early,TX,2.932,31.7421,-98.94561
70510,ALLSUPS CONVENIENCE STORE #2147,SR-6 & CR-454,De Leon,TX,3.159,32.11097,-98.53588
70516,STRIPES 7FLEET #42528,"I-20, EXIT 217 & SR-139",Colorado City,TX,2.899,32.38817,-100.86456
70527,THORNTONS #164,I-65 EXIT 16 & US-31,Memphis,IN,3.626,38.4834,-85.76163
70530,LOVES TRAVEL STOP #767,FM-511 & SR-48,Brownsville,TX,3.156,25.90175,-97.49748
70538,SPEEDWAY #9329,"I-64 EXIT 43, SR 395 & 2823",Waddy,KY,3.149,38.13702,-85.0744
70539,PILOT #1174,"I-70/SR-1, EXIT 147",Marshall,IL,3.299,39.39143,-87.69364
70540,LOVES TRAVEL STOP #674,US-27 & SR-60,Lake Wales,FL,3.552,27.90141,-81.58591
70541,Kwik Star#1012,US-71 & SR-9,Spirit Lake,IA,3.299,43.42218,-95.10222
70543,ALLSUPS CONVENIENCE STORE #2078,US-60,White Deer,TX,2.969,35.43532,-101.17294
70544,ALLSUPS CONVENIENCE STORE #2100,US-87,Odonnell,TX,3.099,32.96371,-101.83265
70545,ALLSUPS CONVENIENCE STORE #2205,SR-83,Denver City,TX,3.366,32.96455,-102.8291
70546,ALLSUPS CONVENIENCE STORE #2370,US-287 & SR-70,Clarendon,TX,2.929,34.93783,-100.8882
70547,ALLSUPS CONVENIENCE STORE #2140,SR-114,Bridgeport,TX,2.899,33.21012,-97.75476
70548,ALLSUPS CONVENIENCE STORE #2114,US-84,Muleshoe,TX,3.191,34.22647,-102.72383
70549,ALLSUPS CONVENIENCE STORE #2194,214 PLAINS HIGHWAY,Denver City,TX,3.382,32.96455,-102.8291
70550,TEXACO #379545,US-290,Giddings,TX,3.399,30.18272,-96.93637
70551,KWIK TRIP #1047,SR-100 & SR-59,Milwaukee,WI,3.541,43.0389,-87.90647
70552,KWIK TRIP #941,US-2,Duluth,MN,3.499,46.78327,-92.10658
70553,KWIK TRIP #1028,US-59,Worthington,MN,3.166,43.61996,-95.5964
70554,HORSESHOE CONVENIENCE,SR 302 & IC 200,Mentone,TX,3.107,31.70513,-103.59935
70555,THORNTONS #615,I-40 EXIT 188,Kingston Springs,TN,2.982,36.102,-87.11501
70556,ZIP ZONE EXPRESS,US-23,Catlettsburg,KY,3.699,38.4048,-82.60044
70557,LOVES TRAVEL STOP #727,"I-44, EXIT 283 & US-69",Big Cabin,OK,3.412,36.53787,-95.22136
70558,LOVES TRAVEL STOP #752,"I-43, EXIT 25 & SR-67",Elkhorn,WI,3.241,42.67279,-88.54454
70559,KWIK TRIP #1026,"HWY-23/ HWY-169, EXIT 23",Milaca,MN,3.369,45.7558,-93.65441
70560,PILOT DEALER #1235,"I-8, EXIT 42",Tacna,AZ,3.599,32.69755,-113.95354
70561,PILOT #1143,I-20 & SR-302,Odessa,TX,3.599,31.84568,-102.36764
70562,SPEEDWAY #7161,I-65 & US-31,Portland,TN,3.024,36.58171,-86.51638
70564,SPEEDWAY #7236,"I-90/SR-2, EXIT 151",Avon,OH,3.659,41.45171,-82.03542
70565,Kwik Star #1025,SR-9/SR-4,Estherville,IA,3.332,43.40163,-94.83276
70567,LEDGEWOOD BP,I-80/SR-46,Ledgewood,NJ,3.299,40.88121,-74.65599
70571,LOVES TRAVEL STOP #748,"I-90, I-80 & SR-49",Edon,OH,3.887,41.55644,-84.76885
70572,LOVES TRAVEL STOP #745,I-94,Saint Clair,MI,3.949,42.82087,-82.48602
70573,KWIK TRIP #1038,US-12,Prairie Du Sac,WI,3.484,43.28693,-89.72401
70574,SPEEDWAY #3961,"I-55, EXIT 109",Williamsville,IL,3.299,39.95422,-89.54871
70575,SPEEDWAY #6721,SR 51,Mc Kees Rocks,PA,3.899,40.46562,-80.06561
70576,KWIK TRIP #593,"I-94, EXIT 41 & SR-25",Menomonie,WI,3.574,44.87552,-91.91934
70577,SPEEDWAY #3715,US-30,Crest Hill,IL,3.299,41.55475,-88.09867
70578,COMMON CENTS #125,"I-90/US-14, EXIT 61",Rapid City,SD,3.207,44.08054,-103.23101
70579,Exxon/One9 #1338,I-35 & CR-372,Jarrell,TX,2.886,30.82491,-97.60445
70580,LOVES TRAVEL STOP #753,I-90 EXIT 96 & SR-474,Missoula,MT,3.674,46.87215,-113.994
70581,LOVES TRAVEL STOP #773,"SR-14 & I-59/20, EXIT 40",Eutaw,AL,3.137,32.84059,-87.88762
70582,Kwik Star #1039,I-80 EXIT 301,Bettendorf,IA,3.649,41.52448,-90.51569
70583,LOVES TRAVEL STOP #783,US-60 & US-63,Willow Springs,MO,3.419,36.99228,-91.96987
70584,PILOT TRAVEL CENTER #1209,"I-20, EXIT 136 & SR-349",Midland,TX,3.566,31.99735,-102.07791
70585,PILOT TRAVEL CENTER #1211,US-385 & CR-1910,Andrews,TX,3.639,32.31872,-102.54572
70586,MAVERIK COUNTRY STORE #610,I-80,Winnemucca,NV,3.389,40.97296,-117.73568
70587,MAVERIK COUNTRY STORE #623,US-89,Gunnison,UT,3.419,39.15524,-111.81826
70588,SPEEDWAY #7217,I-70 EXIT 49,Smithton,PA,3.916,40.15396,-79.74115
70590,CIRCLE K #2722291,US-1 & SR-206,Saint Augustine,FL,3.379,29.89469,-81.31452
70591,SPEEDWAY #6465,"I-77, EXIT 101",Canton,OH,3.607,40.79895,-81.37845
70592,LOVES TRAVEL STOP #751,"I-20, EXIT 87",Elgin,SC,3.426,34.67293,-80.71896
70593,LOVES TRAVEL STOP #735,I-75/SR-401,Calhoun,GA,3.279,34.50259,-84.95105
70595,SPEEDWAY #6509,"I-74, EXIT 206",Oakwood,IL,3.199,40.11615,-87.77836
70596,SPEEDWAY #7208,I-85 EXIT 137,Jefferson,GA,3.119,34.11705,-83.57239
70597,SPEEDWAY #9394,SR-4 & US-25,Lexington,KY,3.129,37.98869,-84.47772
70598,SPEEDWAY #7175,US-78 & SR-175,Memphis,TN,3.199,35.14953,-90.04898
70599,Jet Food Store,US-278,Warrenton,GA,3.416,33.40708,-82.66208
70600,KWIK STAR #1027,US-65,Mason City,IA,3.264,43.15357,-93.20104
70601,24/7 TRAVEL STORE,I-70 EXIT 275,Abilene,KS,2.994,38.91722,-97.21391
70603,ROAD RANGER #277,"I-30, EXIT 201 & SR-8",New Boston,TX,3.081,33.45984,-94.41548
70604,KWIK STAR #940,US-69 & SR-9,Forest City,IA,3.449,43.26246,-93.63716
70605,SPEEDWAY #1042,"I-55 & SR-50, EXIT 286",Cicero,IL,3.569,41.84559,-87.75394
70606,SPEEDWAY #7179,"I-65 & SR-101, EXIT 38",Smiths Grove,KY,3.066,37.05255,-86.20776
70607,SPEEDWAY #8544,"I-55 & US-6, EXIT 24B",Channahon,IL,3.249,41.42948,-88.22867
70608,KWIK TRIP #1017,US-10/SR-47,Anoka,MN,3.624,45.19774,-93.38718
70609,JP TRAVEL PLAZA,"I-75, EXIT 205 & SR-16",Jackson,GA,3.159,33.29457,-83.96602
70611,Shell,US-6 & SR-3,Kendallville,IN,3.499,41.44144,-85.26498
70612,SHREES TRUCK STOP #2,I-90 EXIT 101,Thorp,WA,3.809,47.0679,-120.67118
70615,THORNTONS #0334,I-57 EXIT 350 & SR-83,Posen,IL,3.399,41.6317,-87.68144
70617,QUIKTRIP #224,"I-435, EXIT 57",Kansas City,MO,3.099,39.09973,-94.57857
70618,LOVES TRAVEL STOP #744,"I-270 N, EXIT 49",Lockbourne,OH,3.456,39.80923,-82.9724
70619,KWIK TRIP #1049,US-212 & CR-68,Glencoe,MN,3.524,44.76913,-94.15164
70620,LOVES TRAVEL STOP #779,I-30 EXIT 97,Malvern,AR,3.499,34.36231,-92.81295
70621,FRIENDLY GUS STORE #24,I-16 EXIT 53 & SR-19,Dublin,GA,3.399,32.54044,-82.90375
70622,SPEEDWAY #6781,US-422,Douglassville,PA,3.799,40.25787,-75.7263
70623,SPEEDWAY #1127,"I-55, EXIT 267 & SR-53",Bolingbrook,IL,3.299,41.69864,-88.0684
70624,KWIK STAR #929,I-74 EXIT 2,Bettendorf,IA,3.599,41.52448,-90.51569
70625,BROWNVILLE IRVING,SR-11,Brownville,ME,3.932,45.307,-69.03337
70626,GOLDEN GATE PETROLEUM,"I-70, EXIT 97",Silt,CO,3.459,39.54859,-107.65617
70628,PILOT #1195,"I-90, EXIT 106",Ellensburg,WA,3.839,46.99651,-120.54785
70629,KWIK TRIP #930,"I-35, EXIT 147 & SR-95",North Branch,MN,3.402,45.51135,-92.98022
70630,SPEEDWAY #3632,"I-76, EXIT 33 & SR-43",Kent,OH,3.532,41.15367,-81.35789
70632,CIRCLE K #4706705,SR-394,Crete,IL,3.499,41.44448,-87.63143
70634,CORNER MARKET #101,US-83 & SR-96,Scott City,KS,3.359,38.48252,-100.90709
70635,CIRCLE K #4705706,US-224 & SR-99,Willard,OH,3.599,41.05311,-82.72629
70637,CIRCLE K #2704111,I-2/US-83 & CR-493,Donna,TX,3.009,26.17035,-98.05195
70638,LOVES TRAVEL STOP #769,"I-70, EXIT 358A & US-75",Topeka,KS,3.284,39.04833,-95.67804
70640,LOVES TRAVEL STOP #794,SR-3/SR-33,Watonga,OK,3.376,35.84477,-98.41313
70641,LOVES TRAVEL STOP #706,"I-81/I-64, EXIT 213",Staunton,VA,3.649,38.14991,-79.0732
70642,LOVES TRAVEL STOP #776,"I-20, EXIT 15",Vicksburg,MS,3.549,32.35265,-90.87788
70643,LOVES TRAVEL STOP #774,US-431/CR-248,Smiths Station,AL,3.194,32.54014,-85.09855
70644,KWIK TRIP #1031,I-494 EXIT 20,Delano,MN,3.524,45.04191,-93.78913
70645,QUIKTRIP #4048,"I-410, EXIT164B",San Antonio,TX,2.966,29.42412,-98.49363
70646,KWIK TRIP #1051,I-43 & CR-N,Green Bay,WI,3.441,44.51916,-88.01983
70647,PILOT #1227,I-20 EXIT 66,Pyote,TX,3.466,31.53486,-103.12627
70648,BARRINGTON APPLEGREEN,SR-125 & SR-9,Barrington,NH,3.899,43.22286,-71.04701
70649,KWIK TRIP #931,SR-95,North Branch,MN,3.427,45.51135,-92.98022
70650,MAVERIK COUNTRY STORE #581,"I-15 N, EXIT 334 & SR-193",Clearfield,UT,3.336,41.11078,-112.02605
70651,WALBURG TRAVEL CENTER,"I-35, EXIT 266",Georgetown,TX,2.832,30.63269,-97.67723
70652,ROADYS MACH 1 #14,I-57 EXIT 94,Mount Vernon,IL,3.099,38.31727,-88.90312
70653,MACH 1 #24,I-74 EXIT 215A & SR-1,Tilton,IL,3.199,40.09531,-87.64752
70654,PILOT #1269,I-10 EXIT 378,San Simon,AZ,3.309,32.26786,-109.22756
70655,GOLDEN GATE PETROLEUM,US-6,Grand Junction,CO,3.499,39.06387,-108.55065
70656,LOVES TRAVEL STOP #757,"US-23, EXIT 25",Milan,MI,3.489,42.08532,-83.68244
70657,INTERFUEL,I-96 EXIT 167,Springfield,VA,3.899,38.78928,-77.1872
70658,CASEYS #3708,SR-235,New Carlisle,OH,3.259,39.93617,-84.02549
70660,CASEYS #3852,"I-35, EXIT 33 & US-34",Creston,IA,3.349,41.0586,-94.36135
70661,CASEYS #3238,US-52 EXIT 64 & CR-12,Oronoco,MN,3.516,44.16608,-92.53491
70662,GETGO #3202,I-79 EXIT 183A,Erie,PA,3.899,42.12922,-80.08506
70663,LENNYS GAS N WASH BOURBONNAIS,US-45/US-52,Bourbonnais,IL,3.299,41.15376,-87.88754
70665,POCO LOCO MARKET,I-35 EXIT 219,Buda,TX,2.892,30.08521,-97.84028
70666,Thorntons #322,"I-55, EXIT 288",Chicago,IL,3.599,41.85003,-87.65005
70667,EZ TRIP #1226,"I-84, EXIT 104 & US-97",Wasco,OR,3.239,45.59179,-120.69811
70668,LOVES TRAVEL STOP #784,US-30 & CR-9,Schuyler,NE,3.282,41.44723,-97.05948
70669,TA EXPRESS BIGGS,"I-84, EXIT 104 & US-97",Wasco,OR,3.199,45.59179,-120.69811
70670,MAVERIK COUNTRY STORE #625,"I-215, EXIT 27 & CR-68",North Salt Lake,UT,3.442,40.84856,-111.90688
70673,PAC PRIDE,SR-202,Mesa,AZ,4.024,33.42227,-111.82264
70674,ALLTOWN FRESH #769,SR-111,Ayer,MA,3.649,42.5612,-71.58979
70676,PAC PRIDE,"I-10, EXIT 138",Phoenix,AZ,4.037,33.44838,-112.07404
70677,PAC PRIDE,US-60,Glendale,AZ,4.024,33.53865,-112.18599
70679,PAC PRIDE,"I-10, EXIT 151",Phoenix,AZ,4.024,33.44838,-112.07404
70680,PAC PRIDE,"I-17, EXIT 215B",Phoenix,AZ,4.024,33.44838,-112.07404
70681,PETRO STOP,US-60,Mesa,AZ,4.016,33.42227,-111.82264
70682,LOVES TRAVEL STOP #758,"I-255/US-50, EXIT 15",East Saint Louis,IL,3.379,38.6245,-90.15094
70686,HOLIDAY STATIONSTORE #2746471,US-12,Hudson,WI,3.539,44.97469,-92.75687
70687,RUTTERS #87,"I-99, EXIT 78B & SR-150",Bellefonte,PA,4.016,40.91339,-77.77833
70691,QUIKTRIP #4049,"I-10/US-90, EXIT 583",San Antonio,TX,2.966,29.42412,-98.49363
70692,RUTLAND ROUTE 7 IRVING,US-4 & US-7,Rutland,VT,3.699,43.61062,-72.97261
70693,MAPCO #3507,US-76 & SR-71,Dalton,GA,3.119,34.7698,-84.97022
70695,ALLSUPS CONVENIENCE STORE #2132,US-54 & US-380,Carrizozo,NM,3.282,33.64174,-105.87721
70696,DK #11822,I-20 EXIT 131,Midland,TX,2.857,31.99735,-102.07791
70698,ALLSUPS CONVENIENCE STORE #2038,US-54,Logan,NM,3.199,35.36533,-103.41079
70699,QUIK STOP,US-79,Paris,TN,2.959,36.302,-88.32671
70700,PATRIOT FUELING CENTER,US-231/SR-9,Wetumpka,AL,3.199,32.54374,-86.21191
70704,KUM & GO #0702,"I-44, EXIT 6 & SR-86",Joplin,MO,3.009,37.08423,-94.51328
70705,CASEYS #3464,SR-48 & CR-10,Morrisonville,IL,3.759,39.42005,-89.45565
70706,BIG APPLE TRAVEL CENTER,I-44/US-71,Joplin,MO,3.212,37.08423,-94.51328
70707,TA Express West Point #283,"I-85/SR-403, EXIT 2 & SR-18",West Point,GA,3.666,32.87791,-85.18327
70708,LOVES TRAVEL STOP #785,"I-96, EXIT 90",Grand Ledge,MI,3.949,42.75337,-84.74638
70709,VP Racing Fuels,SR-19,Center,MO,3.166,39.5081,-91.52877
70710,LOVES TRAVEL STOP #799,US-72 & SR-15,Walnut,MS,3.559,34.9462,-88.89978
70711,LOVES TRAVEL STOP #762,FM-1472,Laredo,TX,3.256,27.50641,-99.50754
70714,PILOT TRAVEL CENTER #1281,US-89,Page,AZ,3.999,36.91472,-111.45583
70717,Certified Oil #400491,I-270 EXIT 52,Columbus,OH,3.202,39.96118,-82.99879
70718,ROAD RANGER #278,"I-40, EXIT 216 & US-49",Brinkley,AR,3.199,34.88787,-91.19457
70719,FAST LANE #31,"I-70, EXIT 183",Jonesburg,MO,3.299,38.85338,-91.30599
70720,SPEEDWAY #4453,SR-23,Sauk Rapids,MN,3.189,45.59191,-94.1661
70722,SPEEDWAY #9935,I-90 EXIT 35 & SR-298,Syracuse,NY,4.099,43.04812,-76.14742
70723,SPEEDWAY #9932,I-99 EXIT 8 & SR-417,Painted Post,NY,4.099,42.16202,-77.09414
70724,LOVES TRAVEL STOP #790,"I-95, EXIT108",Summerton,SC,3.509,33.60822,-80.3512
70725,LOVES TRAVEL STOP #782,"I-24 & US-41, EXIT 86",Oak Grove,KY,3.142,37.34421,-86.75471
70726,CASEYS #1195,US-36,Belleville,KS,3.339,39.82445,-97.63254
70727,CASEYS #2998,US-75 & SR-23,Pipestone,MN,3.449,44.00053,-96.31753
70728,CASEYS #3245,US-81,Freeman,SD,3.299,43.35249,-97.43729
70729,CASEYS #3785,US-14,Fort Pierre,SD,3.399,44.35359,-100.37374
70730,CASEYS #3855,US-81,Yankton,SD,3.139,42.87111,-97.39728
70731,PILOT TRAVEL CENTERS #1181,IL-38 E,Rochelle,IL,3.759,41.92392,-89.06871
70732,MAVERIK COUNTRY STORE #627,I-15 EXIT 303,Salt Lake City,UT,3.442,40.76078,-111.89105
70733,CASEYS #1607,US-63,Macon,MO,3.291,39.74226,-92.47269
70735,CASEYS #1778,SR-267/SR-111,Brighton,IL,3.239,39.03977,-90.14066
70736,CASEYS #1941,"I-35, EXIT 90 & SR-160",Ankeny,IA,3.139,41.72971,-93.60577
70737,CASEYS #2272,I-80/US-6 EXIT 155 & SR-117,Colfax,IA,3.099,41.67777,-93.2452
70738,QUIKTRIP #7061,I-49 EXIT 39A,Joplin,MO,3.022,37.08423,-94.51328
70739,CASEYS #2602,US-36/SR-5 & SR-11,Brookfield,MO,3.249,39.78447,-93.07353
70740,JACK FLASH,"I-70, EXIT 82 & SR 128",Altamont,IL,3.099,39.06199,-88.74811
70741,CASEYS #3590,US-27,Geneva,IN,3.594,40.59199,-84.95719
70742,CASEYS #3653,SR-14,Greene,IA,3.599,42.89581,-92.80242
70743,CASEYS #3659,US-10 & SR-115,Randall,MN,3.486,46.09108,-94.50362
70744,CASEYS #3686,I-80 EXIT 81,Utica,IL,2.969,41.34059,-89.01008
70745,CASEYS #3752,",",Mountain Lake,MN,3.402,43.93885,-94.92971
70746,CASEYS #3085,US-34 & SR-14,Aurora,NE,3.099,40.86723,-98.00422
70747,CASEYS #3702,US-377/SR-99 & SR-9,Seminole,OK,3.026,35.22452,-96.67057
70748,CASEYS #3717,US-218,Vinton,IA,3.199,42.16861,-92.02351
70749,CASEYS #3719,US-160,Ulysses,KS,3.409,37.58141,-101.35517
70750,CASEYS #3787,"I-35, EXIT 222",Blackwell,OK,2.999,36.80448,-97.28282
70751,CASEYS #3795,"I-43, EXIT 96",Saukville,WI,3.289,43.38167,-87.94065
70752,CASEYS #3755,SR-7/SR-27,Russellville,AR,3.419,35.27842,-93.13379
70753,CASEYS #3798,"I-44, EXIT 211",Drumright,OK,3.119,35.9884,-96.60113
70754,CASEYS #3758,US-77,Douglass,KS,3.264,37.51946,-97.01281
70755,CASEYS #3809,US-56 & SR-51,Hugoton,KS,3.392,37.1753,-101.3496
70756,CASEYS #3780,US-40,Tonganoxie,KS,3.159,39.10972,-95.08775
70757,CASEYS #3811,US-69,McAlester,OK,3.226,34.93343,-95.76971
70759,CASEYS #3832,"I-35, EXIT 40A & US-14",Janesville,MN,3.582,44.11608,-93.708
70760,CASEYS #2730,US-34 & SR-15,Seward,NE,3.369,40.90695,-97.09892
70761,CASEYS #3841,"US-61, EXIT 5",Kieler,WI,3.489,42.58139,-90.60263
70763,CASEYS #3854,"US-20, EXIT 275 & SR-13",Manchester,IA,3.546,42.48415,-91.45543
70764,CASEYS #3856,"I-51, EXIT 48 & SR-251",Tonica,IL,3.069,41.21587,-89.06675
70765,CEFCO #103,SR-36,Temple,TX,2.966,31.09823,-97.34278
70767,CASEYS #3493,SR-72,Shannon,IL,3.699,42.15475,-89.73984
70768,CASEYS #3497,SR-29,South Pekin,IL,3.619,40.49448,-89.65177
70769,CASEYS #3527,US-169 & US-60,Nowata,OK,3.182,36.70065,-95.63803
70770,CASEYS #3528,SR-92,Washington,IA,3.271,41.29918,-91.69294
70771,CASEYS #3545,US-14/CR-27,Sleepy Eye,MN,3.332,44.29718,-94.72415
70772,CASEYS #3554,"I-70, EXIT 52",Mulberry Grove,IL,3.489,38.92505,-89.26896
70773,CASEYS #3575,US-36,Seneca,KS,3.159,39.83416,-96.06417
70774,CASEYS #3079,"US-20, EXIT 71 & US-71",Early,IA,3.299,42.46137,-95.15194
70775,CASEYS #3576,US-56,Overbrook,KS,3.196,38.78056,-95.5572
70776,CASEYS #3579,US-36,Smith Center,KS,3.179,39.77918,-98.78507
70778,CASEYS #3588,"I-75 N, EXIT 69",Tipp City,OH,3.099,39.95839,-84.17216
70779,CASEYS #3204,"I-80, EXIT 29 & I-880, EXIT 29A",Minden,IA,3.159,41.46694,-95.54278
70780,CASEYS #3306,SR-15 & CR-47/CR-136,Saint Cloud,MN,3.249,45.5608,-94.16249
70782,CASEYS #3465,"I-80, EXIT 285 & US-30",Gibbon,NE,3.049,40.74835,-98.8448
70783,ENMARKET #820,"I-95/SR-405, EXIT 109 & SR-21",Port Wentworth,GA,3.091,32.14909,-81.16317
70784,CIRCLE K #2723046,"I-95, EXIT 41 & SR-59/CR2252",Hope Mills,NC,2.909,34.97044,-78.94531
70785,CIRCLE K #2705347,"I-77, EXIT 5 & SR-48",Columbia,SC,3.204,34.00071,-81.03481
70786,CIRCLE K #2741502,"I-37, EXIT 9",Corpus Christi,TX,3.061,27.80058,-97.39638
70787,LOVES TRAVEL STOP #778,"I-16, EXIT 143 & US-280",Ellabell,GA,3.296,32.12354,-81.48567
70788,SPEEDWAY #1031,"I-480 & I-271, EXIT 26",Bedford,OH,3.649,41.39311,-81.53651
70789,7FLEET #46080,"I-41 & US-41, EXIT 133",Neenah,WI,3.449,44.18582,-88.46261
70790,LOVES TRAVEL STOP #788,"I-70, EXIT 175",New Florence,MO,3.122,38.91032,-91.44822
70791,LOVES TRAVEL STOP #791,"I-40, EXIT 126",Holladay,TN,3.122,35.87062,-88.14587
70792,ANEW TRAVEL CENTER,US-6/34 & CR-410,Cambridge,NE,3.364,40.28195,-100.16569
70793,LOVES TRAVEL STOPS #119,"I-70, EXIT 160",Green River,UT,3.299,38.99525,-110.1618
70794,CASEYS #3747,SR-103 & CR-96,Carey,OH,3.176,40.95256,-83.38242
70796,QUICK FUEL #3177,"I-35W, EXIT 56",Fort Worth,TX,3.032,32.72541,-97.32085
70797,QUICK FUEL #3176,"I-35E, EXIT 442",Carrollton,TX,3.016,32.95373,-96.89028
70798,QUICK FUEL #1926,"I-90, EXIT 171B & US-14",Janesville,WI,3.399,42.68279,-89.01872
70831,FLYERS #768,"I-80, EXIT 19 & SR-659",Sparks,NV,4.052,39.53491,-119.75269
70832,FLYERS #766,SR-648,Sparks,NV,4.059,39.53491,-119.75269
70833,FLYERS #764,SR-667,Reno,NV,4.052,39.52963,-119.8138
70845,FLYERS #759,"I-80, EXIT 19",Sparks,NV,4.051,39.53491,-119.75269
70855,FLYERS #761,"I-580, EXIT 5",Carson City,NV,3.699,39.1638,-119.7674
70858,SPEEDWAY #1012,"I-65, EXIT 158 & CR-6",Hope Hull,AL,3.052,32.26986,-86.35719
70859,FLYERS #732,I-580 & US-50,Carson City,NV,3.699,39.1638,-119.7674
70860,FLYERS #726,"I-80, EXIT 303",Elko,NV,3.629,40.83242,-115.76312
70864,FLYERS #747,"I-580/US-395, EXIT 29 & SR-659",Reno,NV,4.054,39.52963,-119.8138
70870,ESSENTIAL FUELS,US-26,Scottsbluff,NE,3.599,41.86663,-103.66717
70871,ALLTOWN MARKETS #835,"I-95, EXIT 62",Madison,CT,4.239,41.27954,-72.59843
70873,TA LAKE CITY #288,"I-75, EXIT 414",Lake City,FL,3.299,30.18968,-82.63929
70874,CIRCLE T,SR-6 & SR-515,Navasota,TX,3.432,30.38798,-96.08773
70875,FUEL MAXX #57,SR-105 & SR-146,Liberty,TX,3.132,30.05799,-94.79548
70876,JIFFY MART,SR-123/SR-12,Walpole,NH,3.686,43.07952,-72.42592
70877,LOVES TRAVEL STOP #770,"US-41, EXIT 1A",Wadsworth,IL,3.759,42.42863,-87.92397
70878,MAVERIK COUNTRY STORE #630,I-15 EXIT 13,Malad City,ID,3.394,42.19159,-112.2508
70879,MAVERIK COUNTRY STORE #611,I-40 EXIT 154,Albuquerque,NM,3.194,35.08449,-106.65114
70880,RUTTERS #81,SR-61 & SR-73,Leesport,PA,3.897,40.44704,-75.96632
70881,RUTTERS #79,"I-99/US-220, EXIT 28 US-22/SR-764",Duncansville,PA,4.099,40.42341,-78.4339
70882,RUTTERS #77,US-11/US-15 & US-22,Duncannon,PA,4.294,40.39814,-77.02303
70883,RUTTERS #41,US-422,Lebanon,PA,3.799,40.34093,-76.41135
70884,RUTTERS #75,SR-194 & SR-550,Walkersville,MD,3.932,39.48621,-77.35193
70885,KWIK TRIP #1061,CR-CE & CR-HH,Combined Locks,WI,3.549,44.26582,-88.31427
70887,LOVES TRAVEL STOP #781,"I-20, EXIT 113 & SR-83",Madison,GA,3.849,33.59568,-83.46794
70888,HUTCHS #125,US-283,Altus,OK,2.999,34.63813,-99.33398
70889,TRUCK WORLD,I-90 EXIT 241 & SR-7,Conneaut,OH,3.359,41.94756,-80.55424
70890,PILOT #1299,US-287 & SR-148,Henrietta,TX,3.126,33.81732,-98.19532
70891,QUARLES #4908,I-64 EXIT 297,Chesapeake,VA,3.526,36.81904,-76.27494
70892,QUARLES #4001,I-95 EXIT 133,Fredericksburg,VA,3.759,38.30318,-77.46054
70893,QUARLES #4002,"I-95 EXIT 130A, SR-2",Fredericksburg,VA,3.759,38.30318,-77.46054
70894,QUARLES #4009,US-301,Waldorf,MD,3.759,38.62456,-76.93914
70895,QUARLES #4011/SHELL,I-95 EXIT 118,Woodford,VA,2.899,38.11319,-77.40887
70896,QUARLES #4200,US-522,Front Royal,VA,3.699,38.91817,-78.19444
70897,QUARLES #4302,SR-801 & SR-42,Broadway,VA,3.459,38.61317,-78.79891
70898,QUARLES #4303,"I-81 EXIT 243, US-11",Harrisonburg,VA,2.899,38.44957,-78.86892
70899,QUARLES #4304,"I-64 EXIT 96, SR-624",Waynesboro,VA,3.799,38.06847,-78.88947
70900,QUARLES #4306,I-81 EXIT 150A,Roanoke,VA,3.559,37.27097,-79.94143
70901,QUARLES #4307,"I-81 EXIT 137, US-11/460",Salem,VA,3.559,37.29347,-80.05476
70902,QUARLES #4309,US-460/29,Lynchburg,VA,3.774,37.41375,-79.14225
70903,QUARLES #4310,US-11,Roanoke,VA,3.559,37.27097,-79.94143
70904,QUARLES #4400,I-95 EXIT 166A,Lorton,VA,4.059,38.70428,-77.22776
70905,QUARLES #4401,US-29,Fairfax,VA,4.059,38.84622,-77.30637
70906,QUARLES #4403,"I-95 EXIT 29A, US-1",Beltsville,MD,3.899,39.03483,-76.90747
70907,QUARLES #4404,I-95 EXIT 43A,Elkridge,MD,3.499,39.21261,-76.71358
70908,QUARLES #4407,I-495 EXIT 11A,Upper Marlboro,MD,3.899,38.81595,-76.74969
70909,QUARLES #4408,SR-201,Bladensburg,MD,3.699,38.93928,-76.93386
70910,QUARLES #4409,I-95 EXIT 50B,Baltimore,MD,3.499,39.29038,-76.61219
70912,QUARLES #4411,"I-695 EXIT 1, SR-173",Curtis Bay,MD,3.499,39.22677,-76.58802
70913,QUARLES #4412,I-270 EXIT 8,Rockville,MD,3.759,39.084,-77.15276
70914,QUARLES #4413,I-495 EXIT 15A,Capitol Heights,MD,3.899,38.88511,-76.91581
70915,QUARLES #4414,I-95 EXIT 60,Baltimore,MD,3.449,39.29038,-76.61219
70917,QUARLES #4416,US-13,Salisbury,MD,3.659,38.36067,-75.59937
70918,QUARLES #4417,I-895 EXIT 8B,Curtis Bay,MD,3.499,39.22677,-76.58802
70919,QUARLES #4422,US-13,New Castle,DE,3.699,39.65948,-75.56359
70920,QUARLES #4423,SR-100 EXIT 11,Glen Burnie,MD,3.699,39.16261,-76.62469
70921,QUARLES #4424,SR-5,Clinton,MD,3.899,38.76511,-76.89831
70922,QUARLES #4425,US-50 EXIT 5,Hyattsville,MD,3.899,38.95594,-76.94553
70923,QUARLES #4426,SR-124,Gaithersburg,MD,3.759,39.14344,-77.20137
70924,QUARLES #4427,I-276 EXIT 351,Levittown,PA,3.846,40.15511,-74.82877
70925,QUARLES #4430,US-13,Sharon Hill,PA,3.869,39.9065,-75.27157
70926,QUARLES #4431,US-22,Allentown,PA,3.989,40.60843,-75.49018
70927,QUARLES #4434,SR-617,Springfield,VA,4.059,38.78928,-77.1872
70928,QUARLES #4435,"I-95 EXIT 41, US-1",Jessup,MD,3.499,39.14927,-76.77525
70929,QUARLES #4503,US-11,Martinsburg,WV,3.959,39.45621,-77.96389
70930,QUARLES #4504,I-81 EXIT 313A,Winchester,VA,3.799,39.18566,-78.16333
70931,QUARLES #4505,SR-65,Hagerstown,MD,3.899,39.64176,-77.71999
70933,QUARLES #4507,US-11,Winchester,VA,3.799,39.18566,-78.16333
70934,QUARLES #4509,I-270 EXIT 31B,Frederick,MD,3.599,39.41427,-77.41054
70935,QUARLES #4511,I-70 EXIT 55,Frederick,MD,3.599,39.41427,-77.41054
70937,QUARLES #4603,US-29/211,Warrenton,VA,3.799,38.71345,-77.79527
70938,QUARLES #4605,SR-606,Sterling,VA,3.659,39.00622,-77.4286
70939,QUARLES #4606,SR-234,Manassas,VA,3.859,38.75095,-77.47527
70940,QUARLES #4607,SR-28,Manassas,VA,3.859,38.75095,-77.47527
70941,QUARLES #4934,US-60,Sandston,VA,3.259,37.52348,-77.31581
70942,QUARLES #4608,SR-657,Chantilly,VA,3.659,38.89428,-77.4311
70943,QUARLES #4700,US-15BUS/29BUS,Culpeper,VA,3.799,38.47318,-77.99666
70944,QUARLES #4701,US-15 BUS & US-522,Culpeper,VA,3.799,38.47318,-77.99666
70945,QUARLES #4944,US-17,Bealeton,VA,3.759,38.57179,-77.76388
70946,QUARLES #4703,US-29 & SR-616,Ruckersville,VA,3.699,38.23319,-78.36917
70947,QUARLES #4946,"I-95, EXIT 130A, SR-3",Fredericksburg,VA,3.759,38.30318,-77.46054
70948,QUARLES #4804,I-40 EXIT 211,Greensboro,NC,3.649,36.07264,-79.79198
70949,QUARLES #4805,US-1 EXIT 95,Apex,NC,3.999,35.73265,-78.85029
70950,QUARLES #4807,I-40 EXIT 203,Kernersville,NC,3.199,36.11986,-80.07365
70951,QUARLES #4947,SR-7,Leesburg,VA,3.659,39.11566,-77.5636
70952,QUARLES #4810,I-540 EXIT 4A,Raleigh,NC,3.709,35.7721,-78.63861
70953,QUARLES #4948,"I-95, EXIT 126, US-1",Fredericksburg,VA,3.759,38.30318,-77.46054
70954,QUARLES #4811,SR-50/US-70,Garner,NC,3.599,35.71126,-78.61417
70955,QUARLES #4949,"I-95, EXIT 136, US-1",Fredericksburg,VA,3.759,38.30318,-77.46054
70956,QUARLES #4813,SR-133,Wilmington,NC,3.779,34.23556,-77.94604
70957,QUARLES #4950,"I-95, EXIT 126A, US-1",Fredericksburg,VA,3.759,38.30318,-77.46054
70958,QUARLES #4951,SR-3,Fredericksburg,VA,3.759,38.30318,-77.46054
70959,QUARLES #4814,US-117,Wilmington,NC,3.799,34.23556,-77.94604
70960,QUARLES #4962,"I-81, EXIT 222, US-250",Staunton,VA,2.899,38.14991,-79.0732
70961,QUARLES #4815,"I-140, EXIT 14",Wilmington,NC,3.799,34.23556,-77.94604
70962,QUARLES #4965,"I-295, EXIT 37A, US-360",Warsaw,VA,3.759,37.95874,-76.75801
70963,QUARLES #4817,"US-70, EXIT 333",Selma,NC,3.799,35.53655,-78.28444
70964,SEALSTON DELI,"I-95, EXIT 130A, SR-3",King George,VA,3.499,38.26818,-77.18442
70965,QUARLES #4822,US-401,Raleigh,NC,3.709,35.7721,-78.63861
70966,QUARLES #4927,SR-10 & SR-145,Chesterfield,VA,3.699,37.37709,-77.50582
70967,QUARLES #4823,I-95,Fayetteville,NC,3.799,35.05266,-78.87836
70968,QUARLES #4928,"I-95, EXIT 86A & SR-656",Ashland,VA,3.674,37.75903,-77.47998
70969,QUARLES #4824,I-40 EXIT 210,Greensboro,NC,3.699,36.07264,-79.79198
70970,QUARLES #4931,US-60 & SR-603,Powhatan,VA,3.699,37.33987,-79.2478
70971,QUARLES #4932,"I-64, EXIT 173 & SR-623",Rockville,VA,3.699,37.72598,-77.67832
70973,QUARLES #4826,US HWY 29/70,High Point,NC,3.666,35.95569,-80.00532
70974,QUARLES #4933,US-60,Richmond,VA,3.699,37.55376,-77.46026
70975,QUARLES #4935,"I-95, EXIT 64 & SR-613",Richmond,VA,3.699,37.55376,-77.46026
70976,QUARLES #4827,I-40 EXIT 203,Kernersville,NC,3.199,36.11986,-80.07365
70977,QUARLES #4828,I-440 EXIT 13B,Raleigh,NC,3.709,35.7721,-78.63861
70978,QUARLES #4829,I-40 EXIT 298A,Raleigh,NC,3.599,35.7721,-78.63861
70979,QUARLES #4830,I-540 EXIT 3,Raleigh,NC,3.719,35.7721,-78.63861
70980,QUARLES #4938,"I-64, EXIT 159 & SR-522",Gum Spring,VA,3.699,37.7757,-77.89666
70982,EXXON/QUARLES #4942,"I-64/33, EXIT 205 & SR-249",Quinton,VA,3.509,37.53376,-77.12108
70983,QUARLES #4943,"I-295, EXIT 22A & SR-5",Henrico,VA,3.699,36.59264,-78.61611
70984,QUARLES #4831,US-64 EXIT 470,Rocky Mount,NC,3.409,35.93821,-77.79053
70985,QUARLES #4832,I-40 EXIT 189,Winston Salem,NC,3.572,36.09986,-80.24422
70986,QUARLES #4833,US-1,Youngsville,NC,3.699,36.02487,-78.47444
70987,QUARLES #4902,US-250/33,Richmond,VA,3.699,37.55376,-77.46026
70988,QUARLES #4909,I-664 EXIT 3,Hampton,VA,3.426,37.02987,-76.34522
70989,QUARLES #4911,I-264 EXIT 19B,Virginia Beach,VA,3.572,36.85293,-75.97799
70990,QUARLES #4915,I-664 EXIT 2,Hampton,VA,3.426,37.02987,-76.34522
70991,QUARLES #4917,I-64 EXIT 255,Newport News,VA,3.411,36.98038,-76.42975
70992,QUARLES #4904,I-64 EXIT 197B,Sandston,VA,3.259,37.52348,-77.31581
70993,QUARLES #4905,I-95 EXIT 89,Ashland,VA,3.699,37.75903,-77.47998
70994,QUARLES #4906,I-95 EXIT 73,Richmond,VA,3.699,37.55376,-77.46026
70995,QUARLES #4910,I-95 EXIT 61B,Chester,VA,3.799,37.35682,-77.44165
70996,QUARLES #4912,I-64 EXIT 136,Troy,VA,3.899,37.95097,-78.24639
70997,QUARLES #4913,SR-76,Midlothian,VA,3.699,37.50598,-77.64916
70998,QUARLES #4916,I-246 EXIT 6,Portsmouth,VA,3.466,36.83543,-76.29827
71001,QUARLES #4921,I-95 EXIT 83B,Richmond,VA,3.699,37.55376,-77.46026
71002,QUARLES #4922,US-250,Charlottesville,VA,3.899,38.02931,-78.47668
71003,QUARLES #4923,I-95 EXIT 73,Richmond,VA,3.699,37.55376,-77.46026
71004,QUARLES #4924,US-1 & SR-688,Doswell,VA,3.699,37.86014,-77.46415
71005,QUARLES #4925,I-95 EXIT 78,Richmond,VA,3.699,37.55376,-77.46026
71006,QUARLES #4926,I-95 EXIT 79,Richmond,VA,3.699,37.55376,-77.46026
71007,HAYDEN TRAVEL CENTER,"I-65, EXIT 284 & SR-160",Warrior,AL,3.129,33.81427,-86.80944
71009,WEIGELS #80,"I-40, EXIT 435 & US-321",Newport,TN,3.116,35.96704,-83.18766
71010,KEYSTOPS,"I-64, EXIT 17",Louisville,KY,3.196,38.25424,-85.75941
71011,Global,"I-84 E, EXIT 2 & US-6 E",Danbury,CT,3.459,41.39482,-73.45401
71012,ALLTOWN MARKETS #838,"I-95 N, EXIT 12",Darien,CT,3.832,41.07871,-73.46929
71013,ALLTOWN MARKETS #647,SR-3 EXIT 5,Plymouth,MA,3.959,41.95844,-70.66726
71014,Global,"I-95, EXIT 43 & US-1",Elkridge,MD,3.099,39.21261,-76.71358
71018,KWIK STAR #1076,US-218,Vinton,IA,3.199,42.16861,-92.02351
71019,KWIK TRIP #489,SR-3,Northfield,MN,3.524,44.4583,-93.1616
71020,Fast Trac 21,SR-21 & CR-50,Caldwell,TX,3.299,30.53132,-96.69303
71021,Amoco,"I-39 & HWY 23, EXIT 54",Oglesby,IL,3.199,41.29531,-89.05953
71022,TEX BEST #530,"I-10, EXIT 628 & SR-80",Luling,TX,3.009,29.68051,-97.6475
71023,LOVES TRAVEL STOP #853,SR-302 & CR-313,Kermit,TX,3.251,31.85763,-103.09267
71024,LOVES TRAVEL STOP #804,US-34/US-67,Monmouth,IL,3.349,40.91143,-90.64736
71025,KWIK TRIP #644,SR-57 & SR-32,New Holstein,WI,3.391,43.94999,-88.08426
71027,Kwik Star #1068,I-35,Story City,IA,2.959,42.18721,-93.59577
71029,CASEYS #6445,I-355 EXIT 27 & SR-64,Lombard,IL,3.349,41.88003,-88.00784
71030,QUIKTRIP #1469,"I-10, EXIT 248 & SR-77",Marana,AZ,3.062,32.43674,-111.22538
71032,MAVERIK COUNTRY STORE #416,US-50 & US-95,Fallon,NV,3.526,39.47353,-118.77737
71033,MAVERIK COUNTRY STORE #560,I-580 & US-50,Carson City,NV,3.589,39.1638,-119.7674
71034,MAVERIK COUNTRY STORE #635,I-15 EXIT 57,Cedar City,UT,3.442,37.67748,-113.06189
71036,GOLDEN GATE PETRO,US-550,Montrose,CO,3.436,38.47832,-107.87617
71037,SUNOCO,US-220 EXIT 111,Lock Haven,PA,3.599,41.13701,-77.44693
71039,TURNPIKE MARKET EXPRESS,SR-5,Newton Falls,OH,3.259,41.18839,-80.97815
71042,SINCLAIR,I-580/US-395 EXIT 6,Carson City,NV,3.599,39.1638,-119.7674
71046,SPEEDWAY #9336,US-27/SR-126,Cincinnati,OH,3.699,39.12711,-84.51439
71047,LOVES TRAVEL STOP #722,"I-17, EXIT 262 & SR-69",Mayer,AZ,3.681,34.39781,-112.23627
71050,GILL MART CORNER STORE,US-131 & SR-216,Three Rivers,MI,3.699,41.94394,-85.63249
71051,SHEETZ #683,I-83 EXIT 28,York,PA,3.259,39.9626,-76.72774
71053,ROAD RANGER #279,"I-57, EXIT 45 & SR-148",Marion,IL,3.379,37.73061,-88.93313
71055,LOVES TRAVEL STOP #793,"I-840, EXIT 67 & COUCHVILLE PIKE",Mount Juliet,TN,3.252,36.20005,-86.51861
71056,SPEEDWAY #1044,US-72 & SR-20,Decatur,AL,3.426,34.60593,-86.98334
71057,LOVES TRAVEL STOP #795,US-97/US-26 & HALL RD,Madras,OR,3.689,44.63345,-121.12949
71058,KWIK TRIP #1090,SR-19 & SR-21,New Prague,MN,3.349,44.5433,-93.57607
71059,CIRCLE K #2706781,US-17 & SR-200,Yulee,FL,3.342,30.6319,-81.60649
71060,CIRCLE K #2701537,"I-77, EXIT 100 & SR-89",Mount Airy,NC,2.859,36.4993,-80.60729
71061,CIRCLE K #2702344,US-78 & SR-39,Williston,SC,3.799,33.40265,-81.42011
71062,MAVERIK COUNTRY STORE #637,"I-70, EXIT 56 & US-89",SALINA,UT,3.442,38.95774,-111.85993
71063,MAVERIK COUNTRY STORE #639,"I-40, EXIT 153",Albuquerque,NM,3.197,35.08449,-106.65114
71064,LOVES TRAVEL STOP #798,I-57 EXIT 212,Tuscola,IL,3.289,39.7992,-88.2831
71065,MAVERIK COUNTRY STORE #429,US-40 & SR-121,Roosevelt,UT,3.439,40.2994,-109.98876
71066,Circle K #2745067,"I-75, EXIT 155",Macon,GA,3.089,32.84069,-83.6324
71067,7-ELEVEN #41219,I-385 EXIT 9,Laurens,SC,3.099,34.49901,-82.01426
71071,KWIK TRIP #1074,SR-35,Somerset,WI,3.524,45.12441,-92.67354
71072,LOVES TRAVEL STOP #801,I-75 EXIT 102,Cordele,GA,3.309,31.96351,-83.78239
71073,LOVES TRAVEL STOP #803,I-57 EXIT 54B,Marion,IL,3.739,37.73061,-88.93313
71075,TEXAS TRAVEL CENTER,"I-35, EXIT 277",Jarrell,TX,2.832,30.82491,-97.60445
71076,Kwik Star #589,US-151,Marion,IA,3.524,42.03417,-91.59768
71077,COMMUNITY CO OPS LAKE PARK,US-10,Lake Park,MN,3.509,46.88635,-96.0945
71079,DK,SR-375,El Paso,TX,2.699,31.75872,-106.48693
71080,BIG INDIAN SMOKE SHOP,I-90 & US-20,Irving,NY,2.929,42.56756,-79.11282
71083,SPRINT FOOD #701,US-78,Augusta,GA,3.226,33.47097,-81.97484
71084,FIESTA MART #42,US-75,Tulsa,OK,3.166,36.15398,-95.99277
71085,Sunoco,SR-49,Greenville,OH,3.599,40.10283,-84.63301
71086,THORNTONS #318,SR-59 & SR-38,West Chicago,IL,3.649,41.88475,-88.20396
71087,HALF SUN TRAVEL PLAZA,"I-90, EXIT 176",Moses Lake,WA,3.569,47.13014,-119.27808
71088,KARDES,US-151,Monticello,IA,3.399,42.23834,-91.18709
71090,CEFCO #2076,US-60 & SR-207,Panhandle,TX,2.946,35.3456,-101.38044
71091,BREAK TIME #3163,US-63 & CR-M,Moberly,MO,3.462,39.41837,-92.43824
71094,BP,US-63 & SR-137,Eddyville,IA,3.379,41.1565,-92.63739
71095,HOBO PANTRY #29,US-84/SR-12 & SR-95,Gordon,AL,3.659,31.14129,-85.0966
71096,GAS N WASH,US-30 & SR-394,Chicago Heights,IL,3.499,41.50615,-87.6356
71097,THORNTONS #329,"I-55, EXIT 267 & SR-53",Romeoville,IL,3.309,41.64753,-88.08951
71098,DANDY MINI MART #74,US-6 & SR-187,Wysox,PA,3.999,41.77452,-76.39938
71099,THORNTONS #336,"I-57, EXIT 335 & SR-50",Monee,IL,3.349,41.42003,-87.74171
71101,FOOD N FUEL,"I-55, EXIT 244 & SR-53",Elwood,IL,3.499,41.40392,-88.11172
71102,365 Food and Fuel,"I-35W/US-287, EXIT 54A & SR-183",Fort Worth,TX,2.976,32.72541,-97.32085
71103,FAT DOGS NORTH PLATTE SOUTH,"I-80, EXIT 177 & US-83",North Platte,NE,3.074,41.12389,-100.76542
71104,SPINX #364,"I-26, EXIT 194",Summerville,SC,3.399,33.0185,-80.17565
71105,SHEPHERD 700,US-64 & CR-450,Alva,OK,3.219,36.80499,-98.66718
71106,SECURITY OIL,"I-135, EXIT 10B & SR-96",Wichita,KS,3.299,37.69224,-97.33754
71107,SPARKYS ONE STOP,"US-20, EXIT 96 & SR-4",Rockwell City,IA,3.216,42.39526,-94.63387
71108,Stuckeyâ€™s Travel Center West,"I-10, EXIT 819 & FM-1663",Anahuac,TX,2.807,29.773,-94.6827
71109,KWIK TRIP #1067,"SR-13, BETWEEN FAIRWAY & TRINITY DR",Phillips,WI,3.316,45.69663,-90.40043
71110,KWIK TRIP #1121,"I-94 & SR-26, EXIT 267",Watertown,WI,3.289,43.19472,-88.72899
71111,MAPCO #5167,"I-59, EXIT 21B & SR-35",Fort Payne,AL,3.479,34.44425,-85.71969
71112,BERKSHIRE ENERGY,"I-91, EXIT 8 & SR-80",New Haven,CT,3.549,41.30815,-72.92816
71113,PLATEU TRAVEL PLAZA,"I-95, EXIT 39A & US-1",Madras,OR,3.359,44.63345,-121.12949
71114,SHEETZ #672,"I-95, EXIT 11B & SR-606",Woodford,VA,2.899,38.11319,-77.40887
71115,FASTBREAK #6,US-50/US-151 & US-41,Vincennes,IN,4.039,38.67727,-87.52863
71116,CEFCO #101,US-59 & SR-49,Jefferson,TX,2.899,32.75736,-94.34519
71117,AM-PM TRUCK STOP,"I-520/SR-415, EXIT 9 & SR-56",Augusta,GA,3.359,33.47097,-81.97484
71118,THORNTONS #0331,"I-35/US-51, EXIT 3 & CR-9",Roscoe,IL,3.419,42.41335,-89.00927
71119,PARKER'S #69 (DISCOUNT AVAILABLE),"I-95/SR-405, EXIT 102 & US-80",Pooler,GA,3.122,32.11548,-81.24706
71120,GAS PRO TRAVEL CENTER,US-25 & SR-56,Waynesboro,GA,3.799,33.08987,-82.01567
71121,HAT CREEK TRAVEL,"I-10/US-70, EXIT 82A & US-180",Deming,NM,2.919,32.2687,-107.75864
71123,ONE9 XPRESS FUEL #1264,"I-10, EXIT 203",Eloy,AZ,3.139,32.7559,-111.55484
71124,LOVES TRAVEL STOP #761,"I-10, EXIT 343 & US-301",Jacksonville,FL,3.849,30.33218,-81.65565
71126,QUIKTRIP #1177,I-77 & US-21,Blythewood,SC,3.076,34.21432,-80.97398
71127,QUIKTRIP #4044,"I-10, EXIT 609",Seguin,TX,2.946,29.56884,-97.96473
71129,Queens Market,"I-85, EXIT 41 & SR-2480",Charlotte,NC,3.499,35.22709,-80.84313
71131,7-ELEVEN #38816,"I-85, EXIT 66 & US-29",Spartanburg,SC,3.306,34.94957,-81.93205
71132,CEFCO #104,US-259 & SR-315,Mount Enterprise,TX,2.959,31.91795,-94.68104
71133,AMIGOS TRAVEL CENTER,"I-35, EXIT 85 & FM-117",Dilley,TX,3.399,28.66748,-99.17059
71134,ALLSUPS CONVENIENCE STORE #2376,US-54/US-285 & US-60,Vaughn,NM,3.499,34.60173,-105.20833
71136,CIRCLE K #2706788,"I-795, EXIT 22 & US-70, EXIT 356",Goldsboro,NC,3.392,35.38488,-77.99277
71138,LUMMI BAY MARKET,"I-5, EXIT 260",Bellingham,WA,3.759,48.75955,-122.48822
71139,GAS N WASH,SR-47 & CR-9,Yorkville,IL,3.599,41.64114,-88.44729
71140,BP,"I-94, EXIT 267 & SR-26, EXIT 30",Jefferson,WI,3.209,43.00556,-88.80733
71141,CASEYS #3901,"I-55, EXIT 178 & CR-23",Lexington,IL,3.339,40.64142,-88.7834
71142,LOVES TRAVEL STOP #775,US-20 & SR-2,Rockford,IL,3.229,42.27113,-89.094
71143,CASEYS #3904,SR-141,Manning,IA,3.209,41.90915,-95.06499
71144,CASEYS #3675,US-12 & US-75,Ortonville,MN,3.379,45.30469,-96.44478
71145,CASEYS #3905,I-74/US-421 EXIT 113,Shelbyville,IN,3.599,39.52144,-85.77692
71146,CASEYS #2968,US-34,Eagle,NE,3.239,40.81667,-96.43029
71147,CASEYS #3910,US-177 & SR-33,Perkins,OK,3.016,35.97394,-97.03364
71148,CASEYS #1892,US-65,Sheffield,IA,3.152,42.8933,-93.2152
71149,KOUNTRY KORNER,SR-20,Mount Pleasant,MI,3.619,43.59781,-84.76751
71150,LOVES TRAVEL STOP #812,"I-84, EXIT 141",Bliss,ID,3.786,42.92685,-114.94951
71151,LOVES TRAVEL STOP #880,US-50 & SR-130,Olney,IL,3.189,38.73088,-88.08532
71152,LOVES TRAVEL STOPS #841,"US-24, EXIT 41",Napoleon,OH,3.689,41.39227,-84.12522
71153,KWIK TRIP #1083,SR-35,Osceola,WI,3.499,45.32052,-92.70493
71154,KWIK TRIP #489,CR-3,DUNDAS,MN,3.499,44.42941,-93.20188
71155,KWIK TRIP #1124,"SR-16, EXIT 184",Sussex,WI,3.377,43.1339,-88.22204
71158,CIRCLE K #2707533,"SR-570, EXIT 3 & SR-572",Lakeland,FL,3.532,28.03947,-81.9498
71160,CIRCLE K #4706316,"I-96, EXIT 46  & SR-6, EXIT 15",Caledonia,MI,3.639,42.7892,-85.51669
71161,CIRCLE K #2720931,"I-95, EXIT 107 & US-301",Kenly,NC,3.149,35.59627,-78.12416
71162,CIRCLE K #4705694,US-20 & CR-245,Norwalk,OH,3.614,41.24255,-82.61573
71163,DANDY MINI MART #68,"I-86/SR-17, EXIT 51A & CR-64",Elmira,NY,3.899,42.0898,-76.80773
71164,DANDY MINI MART #59,SR-287,Middlebury Center,PA,3.999,41.84368,-77.27442
71165,PALMETTO EXPRESS #115,"I-26, EXIT 125 & US-176",Gaston,SC,3.199,33.8171,-81.10093
71166,MAVERIK COUNTRY STORE #616,US-50,Montrose,CO,3.396,38.47832,-107.87617
71167,LOVES TRAVEL STOP #768,"I-55, EXIT 247",Channahon,IL,3.349,41.42948,-88.22867
71168,LOVES TRAVEL STOP #797,"I-80, EXIT 176",Winnemucca,NV,3.744,40.97296,-117.73568
71169,LOVES TRAVEL STOP #879,"I-69 EXIT,286 & US-24 & SR-9",Huntington,IN,3.501,40.8831,-85.49748
71170,LOVES TRAVEL STOP #849,"I-94, EXIT 292 & CR-21",Valley City,ND,3.969,46.92331,-98.00315
71171,TEXSTAR TRAVEL CENTER,I-35 EXIT 302,Temple,TX,2.912,31.09823,-97.34278
71172,ZIPPY JS #18,CR-577 & CR-80,Brenham,TX,3.199,30.16688,-96.39774
71173,ENMARKET #828,"I-95/SR-405, EXIT 102 & US-80",Pooler,GA,3.082,32.11548,-81.24706
71176,QUIKTRIP #1710,US-23/SR-365,Gainesville,GA,3.346,34.29788,-83.82407
71177,COMO TRAVEL CENTER,"I-55, EXIT 257 & SR-310",Como,MS,3.079,34.51066,-89.93981
71179,7-ELEVEN #41332,"I-26, EXIT 76 & SR-219",Newberry,SC,3.332,34.27458,-81.61872
71181,7-ELEVEN #38637,"I-85, EXIT 72 & I-585/US-176",Spartanburg,SC,3.116,34.94957,-81.93205
71185,SHEETZ #698,"I-78/US-22, EXIT 45 & SR-863",Kutztown,PA,3.329,40.51732,-75.77742
71186,7-ELEVEN #36837,US-29 & SR-904,Anderson,SC,3.089,34.50344,-82.65013
71187,KWIK TRIP #1041,SR-11 & CR-H,Sturtevant,WI,3.794,42.69807,-87.89452
71188,QUIKTRIP #1722,"I-75, EXIT 153",Macon,GA,3.089,32.84069,-83.6324
71189,QUIKTRIP #1198,"I-20, EXIT 55",Lexington,SC,3.129,33.98154,-81.23621
71190,LOVES TRAVEL STOPS #888,"I-80/US-30, EXIT 85 & SR-374",Green River,WY,3.589,41.52858,-109.46625
71191,MAVERIK COUNTRY STORE #631,I-80/5600 WEST,Salt Lake City,UT,3.459,40.76078,-111.89105
71193,ASAP GENERAL STORE #308,US-60 & SR-123,Bartlesville,OK,3.191,36.74731,-95.98082
71194,ASAP GENERAL STORE #104,"I-40, EXIT 84 & US-54",Weatherford,OK,3.132,35.52616,-98.70757
71195,ASAP GENERAL STORE #301,"I-40, EXIT 108 & US-281/SR-8",Geary,OK,3.132,35.63116,-98.31729
71196,ASAP GENERAL STORE #302,SR-33 & SR 54,Thomas,OK,3.132,35.74422,-98.74758
71197,ASAP GENERAL STORE #304,US-60/SR-51 & US-283,Arnett,OK,3.232,36.13504,-99.77484
71198,LOVES TRAVEL STOP #844,"I-90, EXIT 233 & SR-74",Saint Charles,MN,3.569,43.96941,-92.06433
71199,LOVES TRAVEL STOP #814,"I-22, EXIT 14 & CR-35",Hamilton,AL,3.556,34.14232,-87.98864
71200,LOVES TRAVEL STOP #730,"I-80, EXIT 440 & SR-50",Omaha,NE,3.281,41.25626,-95.94043
71201,PRIDE TRAVEL CENTER,I-91 EXIT 33,Hartford,CT,3.509,41.76371,-72.68509
71202,QUIKTRIP #1181,"I-26, EXIT 154B & US-301",Orangeburg,SC,3.236,33.49182,-80.85565
71206,JACKSONS FOOD STORES #138,US-95/SR-339 & SR-208,Yerington,NV,3.679,38.98575,-119.16293
71207,GAS N WASH,"I-80, EXIT 148B & SR-43",Tinley Park,IL,3.499,41.57337,-87.78449
71208,RACEWAY #6789,US-301 & SR-150,Richmond,VA,3.429,37.55376,-77.46026
71209,RACETRAC #2529,"I-75, EXIT 285 & SR-52",San Antonio,FL,3.316,28.33611,-82.27453
71210,RACETRAC #2515,I-820 & BUS-287,Fort Worth,TX,2.877,32.72541,-97.32085
71211,KUM & GO #0138,US-67,Jacksonville,AR,3.099,34.8662,-92.11015
71212,KUM & GO #0426,BUS-71,Springdale,AR,3.149,36.18674,-94.12881
71213,KUM & GO #0429,US-62,Rogers,AR,3.009,36.33202,-94.11854
71214,MAVERIK #5317,"I-76, EXIT 22",Brighton,CO,3.234,39.98526,-104.82053
71215,MAVERIK #5319,SR-392 & SR-257,Windsor,CO,3.159,40.47748,-104.90136
71216,Maverik Country Store #5337,"I-35, EXIT 102 & SR-210",Huxley,IA,3.092,41.89527,-93.60077
71217,KUM & GO #0185,US-65,Bondurant,IA,3.095,41.70054,-93.46216
71218,KUM & GO #1435,US-65,Fair Grove,MO,3.156,37.38393,-93.1513
71219,KUM & GO #1568,"I-44, EXIT 156",Waynesville,MO,3.099,37.82865,-92.20072
71221,LOVES TRAVEL STOP #786,I-435 EXIT 55,Kansas City,MO,3.389,39.09973,-94.57857
71223,SCOOBA JUNCTION,US-45 & SR-16,Scooba,MS,3.216,32.82819,-88.47643
71227,TEX BEST #529,SR-16 & SR-1604,Von Ormy,TX,3.049,29.28913,-98.64446
71228,SHELL,"I-80, EXIT 279 & SR-10",Gibbon,NE,3.299,40.74835,-98.8448
71229,THE PRIDE OF PALATINE,"I-90, EXIT 65 & SR-62",Palatine,IL,3.399,42.1103,-88.03424
71230,THE PRIDE OF LAKE COUNTY,US-12 & SR-53,Lake Zurich,IL,3.349,42.19697,-88.09341
71232,GATEWAY TRAVEL CENTER,US-16 & US-85,Newcastle,WY,3.324,43.8547,-104.20494
71233,Fuel America Travel Center #2,"I-35, EXIT 32",Encinal,TX,3.049,28.04112,-99.35448
71234,CHEVRON #352305,I-610 & SR-47,Chalmette,LA,3.139,29.94296,-89.96537
71239,CASEYS #3926,"I-29, EXIT 84 & SR-118",Mound City,MO,3.157,40.13111,-95.23164
71240,LOVES TRAVEL STOP #764,I-24 EXIT 117,Hillsboro,TN,3.326,35.41258,-85.97026
71241,WEIGLES #58,"I-40, Exit 356A & SR-58",Kingston,TN,3.169,35.88091,-84.50854
71244,MAVERIK COUNTRY STORE #644,"I-84/I-15, EXIT 344 & SR-39",Ogden,UT,3.372,41.223,-111.97383
71245,MAVERIK COUNTRY STORE #651,"I-15, EXIT 67 & US-30",Pocatello,ID,3.402,42.8713,-112.44553
71246,TOOT N TOTUM #99,I-40 EXIT 75,Amarillo,TX,3.046,35.222,-101.8313
71247,LOVES TRAVEL STOP #848,"I-59, Exit 104",Sandersville,MS,3.162,31.7867,-89.03453
71248,RACETRAC #2560,"I-4, EXIT-55",Davenport,FL,3.289,28.1614,-81.60174
71249,RACETRAC #2589,"I-20, EXIT 185",Oxford,AL,2.999,33.61427,-85.83496
71250,NAVAJO BLUE TRAVEL CENTER,I-40 EXIT 219,Flagstaff,AZ,3.609,35.19807,-111.65127
71251,RUTTERS #91,US-30 & SR-772,Gap,PA,4.199,39.98732,-76.02051
71252,QUIKTRIP #1178,"I-26, EXIT 54 & SR-72",Clinton,SC,3.099,34.47263,-81.88066
71253,QUIKTRIP #4066,"I-35, EXIT 122 & SR-173",Devine,TX,2.966,29.13996,-98.90531
71255,Fuel N Treat,"I-70/US-40, EXIT 84 & CR-J",Nelson,MO,3.284,38.99474,-93.0327
71256,SIGNAL FOOD STORE #120,US-60,Seymour,MO,3.026,37.14644,-92.76878
71257,FARMERS UNION SOUTHERN VALLEY,US-75 & SR-210,Wahpeton,ND,3.499,46.26524,-96.60591
71259,LOVES TRAVEL STOP #846,I-10 EXIT 10,Irvington,AL,3.166,34.63981,-86.92917
71260,LOVES TRAVEL STOP #881,US HWY 224 & OH 225,Diamond,OH,3.452,41.09895,-81.02287
71261,Una Travel Center,I-94 EXIT 228,Roseville,MI,3.899,42.49726,-82.93714
71262,LOVES TRAVEL STOP #892,"I-70, EXIT 118 & SR-310",Etna,OH,3.461,39.95729,-82.68183
71263,Loves Travel Stop # 660,"I-25, Exit 49",Walsenburg,CO,4.249,37.62418,-104.78026
71264,MAVERIK COUNTRY STORE #649,I-25/US-85 EXIT 220 & SR-500,Albuquerque,NM,3.206,35.08449,-106.65114
71265,U SAVE FOOD STORES 1,SR-39/SR-55,Richwood,WV,3.599,38.22484,-80.53314
71266,LOVES TRAVEL STOP #787,"I-81, EXIT 30 & SR-70",Mosheim,TN,3.556,36.18954,-82.95849
71267,LOVES TRAVEL STOP #878,"US-131/SR-43, EXIT 44",Kalamazoo,MI,3.589,42.29171,-85.58723
71268,MAVERIK COUNTRY STORE #650,SR 85 & W 900 S,West Jordan,UT,3.432,40.60967,-111.9391
71269,Maverik Country Store #652,I-84 & SR 79,Jerome,ID,3.394,42.72407,-114.51865
71270,QUIKTRIP #7904,I-20 EXIT 285,Abilene,TX,2.876,32.44874,-99.73314
71271,MAVERIK COUNTRY STORE #672,SR-69,Dewey,AZ,3.219,34.53003,-112.24127
71275,ALLSUPS CONVENIENCE STORE #2272,US-67/US-84,Bangs,TX,2.932,31.7171,-99.13255
71276,Circle K #2706617,I-4 EXIT 28,Lakeland,FL,3.251,28.03947,-81.9498
71277,CIRCLE K #2706619,I-75 EXIT 354,Ocala,FL,3.457,29.1872,-82.14009
71278,Kwik Trip #1506,SR-26,Fort Atkinson,WI,3.577,42.92889,-88.83705
71281,Pride (One9 Fuel Network) #1213,"I-40, Exit 25",Yucca,AZ,3.559,34.87223,-114.1494
71282,QuikTrip #4128,SR-71,Bastrop,TX,2.966,30.11049,-97.31527
71283,QUIKTRIP #7135,US-17,Hardeeville,SC,2.999,32.28714,-81.08067
71284,Loves Travel Stop #889,"I-22, Exit 30",Holly Springs,MS,3.316,31.31573,-89.97786
71285,Shrees Truck Stop Seattle,SR-509,Seattle,WA,3.799,47.60621,-122.33207
71286,RACETRAC #2323,I-75 EXIT 128,Fort Myers,FL,3.299,26.62168,-81.84059
71287,RACETRAC #482,I-310 EXIT 2A,Saint Rose,LA,3.126,29.94687,-90.32313
71288,SHEETZ #700,"I-270, EXIT 49 & SR-317",Groveport,OH,3.059,39.8784,-82.88379
71289,7-ELEVEN #38835,I-75 EXIT 139,Fort Myers,FL,3.599,26.62168,-81.84059
71290,LOVES TRAVEL STOP #808,"US-19/SR-3, EXIT 3 & US-82",Albany,GA,3.789,31.57851,-84.15574
71291,HUCKS FOOD & FUEL #351,"I-57, Exit 116",Salem,IL,3.099,38.62699,-88.94562
71295,MOUNTAINEER MART #33,US-33/119,Buckhannon,WV,3.899,38.99399,-80.23203
71298,QUIKTRIP #1923,"I-45, EXIT 229",Corsicana,TX,2.849,32.09543,-96.46887
71299,QUIKTRIP #7903,"I-35, EXIT 331",Waco,TX,2.956,31.54933,-97.14667
71300,SPEEDWAY #1407,"I-94, EXIT 145",Jackson,MI,3.549,42.24587,-84.40135
71301,Atlanta IL Visitors Center,I-55 EXIT 140,Atlanta,IL,3.399,40.25948,-89.23342
71302,KWIK STAR #1107,I-380 EXIT 18,Cedar Rapids,IA,3.574,42.00833,-91.64407
71303,KWIK TRIP #1132,SR-21,Omro,WI,3.377,44.03943,-88.74428
71305,AMIGO'S COUNTRY STORE,"I-35, EXIT 122 & SR-173",Devine,TX,3.099,29.13996,-98.90531
71307,Speedway #1221,"I-24/69, EXIT 27 & US-62",Calvert City,KY,3.449,37.03339,-88.35004
71308,QUIKTRIP #7145,"I-40, EXIT 239A",Lebanon,TN,2.916,36.20811,-86.2911
71309,SUGAR CROSSING CONVENIENCE,US-33 & CR-63,Lancaster,OH,3.382,39.71368,-82.59933
71310,CIRCLE K #2722120,US-441/27,Summerfield,FL,3.526,29.00859,-82.03481
71311,CIRCLE K #708,"I-85, EXIT 64 & US-29",Opelika,AL,3.266,32.64541,-85.37828
71313,LOVES TRAVEL STOP  #821,"US-70, Exit W Main St",Durant,OK,3.489,33.99399,-96.37082
71314,Loves Travel Stop  #806,I-20 Exit 124,Monroe,LA,3.167,32.50931,-92.1193
71315,KWIK TRIP #1062,SR-33,West Bend,WI,3.556,43.42528,-88.18343
71316,KWIK TRIP #1084,SR-97,Marshfield,WI,3.476,44.66885,-90.1718
71318,LOVES TRAVEL STOP  #800,SR-83,Elk Grove Village,IL,3.379,42.00392,-87.97035
71319,LOVES TRAVEL STOP #868,"I-95, EXIT 223",Mims,FL,3.689,28.66527,-80.84478
71320,TA EXPRESS EDGERTON #284,I-35 EXIT 205,Edgerton,KS,3.699,38.76473,-95.00802
71321,Kwik Star #1119,US-18,Emmetsburg,IA,3.449,43.11274,-94.68304
71322,KWIK TRIP #1101,US-141,Crivitz,WI,3.304,45.23248,-88.00761
71323,MAVERIK COUNTRY STORE #517,SR-114 & E MILL RD,Orem,UT,3.441,40.2969,-111.69465
71324,7-ELEVEN #38992,"I-85/US-29, EXIT 40 & I-185, EXIT 12",Piedmont,SC,3.499,34.70234,-82.46457
71325,QUIKTRIP #7223,"I-20, EXIT 23 & SR-782-2",Bossier City,LA,2.892,32.51599,-93.73212
71326,CIRCLE K #4705730,"I-480 & SR-82, EXIT 36",Twinsburg,OH,3.989,41.31256,-81.44011
71327,MAVERIK COUNTRY STORE #668,"I-80, EXIT 313",Laramie,WY,3.246,41.31137,-105.5911
71328,IRVING,US-1,Norwood,MA,3.694,42.19454,-71.1995
71329,SPEEDWAY #1439,I-20 Exit 100,Mc Calla,AL,2.902,33.34872,-87.01416
71330,JORDAN MINI MART,SR- 31 & CR-59,Jordan,NY,3.799,43.06534,-76.47299
71331,KWIK TRIP #1106,SR-13 & SR-64,Medford,WI,3.422,45.13858,-90.34014
71332,ALLSUPS CONVENIENCE STORE #2308,SR-128 & SR-18,Jal,NM,3.129,32.11318,-103.19351
71333,ALLSUPS CONVENIENCE STORE #2105,"I-20, EXIT 332 & US-183",Cisco,TX,2.929,32.38819,-98.97923
71334,ALLSUPS CONVENIENCE STORE #2278,SR-302 & SR-18,Kermit,TX,3.089,31.85763,-103.09267
71335,ALLSUPS CONVENIENCE STORE #2367,"I-27/US-87, EXIT 49B & US-70",Plainview,TX,2.909,34.18479,-101.70684
71336,ALLSUPS CONVENIENCE STORE #2180,US-84 & US-180,Snyder,TX,2.986,32.71789,-100.91762
71337,ALLSUPS CONVENIENCE STORE #2229,US-377 & SR-108,Stephenville,TX,3.159,32.2207,-98.20226
71338,KWIK TRIP #755,US-18,Fennimore,WI,3.424,42.9836,-90.6554
71339,CASEYS #3934,"I-35, EXIT 89 & CO-R6F",Ankeny,IA,3.099,41.72971,-93.60577
71340,KWIK TRIP #180,US-14/SR-68,New Ulm,MN,3.349,44.31246,-94.46053
71341,QUIKTRIP #7147,"I-40, EXIT 172 & SR-46",Dickson,TN,2.916,36.077,-87.38779
71342,CASEYS #3505,US-212,Stewart,MN,3.369,44.72468,-94.48582
71343,ALLSUPS CONVENIENCE STORE #2014,US-377/US-67,Dublin,TX,3.159,32.08514,-98.34199
71344,ALLSUPS CONVENIENCE STORE #2061,US-84 & US-380,Post,TX,2.944,33.19122,-101.379
71345,ALLSUPS CONVENIENCE STORE #2084,US-377 & CR-234,Brownwood,TX,2.949,31.70932,-98.99116
71346,ALLSUPS CONVENIENCE STORE #2094,US-277 & US-83,Abilene,TX,2.889,32.44874,-99.73314
71347,ALLSUPS CONVENIENCE STORE #2128,"I-20, EXIT 301 & CR-276",Clyde,TX,2.889,32.40596,-99.49369
71348,ALLSUPS CONVENIENCE STORE #2142,US-62/US-180,Hobbs,NM,3.382,32.70261,-103.13604
71349,ALLSUPS CONVENIENCE STORE #2204,SR-115 & CR-201,Wink,TX,3.089,31.75124,-103.15989
71350,ALLSUPS CONVENIENCE STORE #2206,US-385 & SR-176,Andrews,TX,3.392,32.31872,-102.54572
71351,ALLSUPS CONVENIENCE STORE #2207,US-377/US-67 & SR-36,Comanche,TX,3.159,31.89737,-98.60366
71352,ALLSUPS CONVENIENCE STORE #2223,US-285 & SR-357,Artesia,NM,3.399,32.84233,-104.4033
71353,ALLSUPS CONVENIENCE STORE #2246,US-84 & SR-268,Melrose,NM,3.812,34.43035,-103.63246
71354,ALLSUPS CONVENIENCE STORE #2247,US-377 & SR-16,Comanche,TX,3.162,31.89737,-98.60366
71355,ALLSUPS CONVENIENCE STORE #2249,US-377 & US-281,Stephenville,TX,3.159,32.2207,-98.20226
71356,ALLSUPS CONVENIENCE STORE #2266,I-20 & US-285,Pecos,TX,3.379,31.42291,-103.49323
71357,ALLSUPS CONVENIENCE STORE #2279,SR-115 & SR-18,Kermit,TX,3.089,31.85763,-103.09267
71358,ALLSUPS CONVENIENCE STORE #2285,US-285 & US-62,Carlsbad,NM,3.194,32.42067,-104.22884
71359,ALLSUPS CONVENIENCE STORE #2350,"I-20, EXIT 285 & US-83",Abilene,TX,2.876,32.44874,-99.73314
71360,ALLSUPS CONVENIENCE STORE #2353,US-76/US-277,San Angelo,TX,3.196,31.46377,-100.43704
71361,ALLSUPS CONVENIENCE STORE #2358,US-277/US-87,Wall,TX,3.206,31.37405,-100.30759
71362,ALLSUPS CONVENIENCE STORE #2359,US-377/US-67 & CR-498,Stephenville,TX,3.159,32.2207,-98.20226
71363,ALLSUPS CONVENIENCE STORE #2360,FM-988 & FM-8,Stephenville,TX,3.159,32.2207,-98.20226
71364,QUICK FUEL #3188,I-75,Sidney,OH,3.332,40.28422,-84.1555
71365,COLES BP,SR 49,Brownsville,WI,3.099,43.61638,-88.49066
71366,AMOCO,SR 31,Kenosha,WI,3.719,42.58474,-87.82119
71367,ROAD RANGER #280,"I-20, EXIT 79 & SR-464",Monahans,TX,3.459,31.5943,-102.89265
71368,Kwik Star #1071,I-280 E and US-61 N,Davenport,IA,3.324,41.52364,-90.57764
71369,MR GAS TRAVEL CENTER #21,I-84 EXIT 59A,Boise,ID,3.696,43.6135,-116.20345
71370,MAVERIK COUNTRY STORE #645,"I-40, Exit 16",Gallup,NM,3.159,35.52808,-108.74258
71371,BREAK TIME #3167,US-65 & HWY-HH,Sedalia,MO,3.294,38.70446,-93.22826
71372,Simonson Station,US-71 & SR-34,Park Rapids,MN,3.599,46.92218,-95.05863
71376,7-ELEVEN #41127,SR-29,Labelle,FL,3.559,26.76173,-81.43841
71377,7-ELEVEN #38485,I-76 Exit 25,Brighton,CO,3.599,39.98526,-104.82053
71378,QUIKTRIP #1410,"I-10, EXIT 136B & SR-202, EXIT 78A",Phoenix,AZ,3.369,33.44838,-112.07404
71379,QUIKTRIP #7211,"I-30/US-67/US-70, EXIT 128",Little Rock,AR,3.049,34.74648,-92.28959
71381,KWIK TRIP #1112,US-63 & SR-77,Hayward,WI,3.639,46.01301,-91.48462
71382,KWIK TRIP #346,US-151 BUS & CR-G/CR-D,Beaver Dam,WI,3.196,43.45777,-88.83733
71383,Caseys #3940,I-69 & SR 4,Ashley,IN,3.597,41.5262,-85.06678
71384,CASEYS #3944,I-29 & CR-106,Tea,SD,3.199,43.44637,-96.83588
71385,CASEYS #3907,I-675 & SR-235,Fairborn,OH,3.679,39.82089,-84.01938
71386,CASEYS #3952,SR-1 & SR-9,Hoopeston,IL,3.189,40.46726,-87.66836
71387,CASEYS #3954,"I-80, Exit 168",Newton,IA,3.249,41.69971,-93.04798
71388,CASEYS #3850,US HWY 77,Wahoo,NE,3.174,41.21139,-96.6203
71389,SPEEDWAY #1590,"I-95, EXIT 193",Dillon,SC,3.126,34.41655,-79.37116
71390,SPEEDWAY #7269,I-270 EXIT 6B,Granite City,IL,3.379,38.70144,-90.14872
71391,QUIKTRIP #7210,I-40 EXIT 142,North Little Rock,AR,3.049,34.76954,-92.26709
71392,Loves Travel Stop #834,SR 17 & SR 1,Grant Park,IL,3.329,41.24114,-87.64615
71393,CASEYS #3303,HWY 15 AND HWY 55,Kimball,MN,3.199,45.31246,-94.30027
71394,QUIKTRIP #955,"I-35W, EXIT 26A & US-67",Alvarado,TX,2.976,32.40653,-97.21168
71395,KWIK TRIP #340,US-18 & SR-23,Dodgeville,WI,3.489,42.96027,-90.13012
71397,RACEWAY #6971,US-82/SR-520,Leesburg,GA,3.109,31.73212,-84.17074
71398,KWIK STAR #1089,SR 415,Polk City,IA,3.159,41.77138,-93.713
71399,Loves Travel Stop  #809,"I-70 & MO Hwy D, Exit 31",Bates City,MO,3.221,39.00612,-94.07245
71401,KWIK TRIP #1169,"I-694, EXIT 52B & SR-36",Saint Paul,MN,3.516,44.94441,-93.09327
71402,FIREBIRD FUEL #6196,US-60 & SR-303,Surprise,AZ,3.383,33.63059,-112.33322
71404,Flyers #3200,"I-17, Exit 215B",Phoenix,AZ,3.352,33.44838,-112.07404
71405,FLYERS #3201,"US-60, Exit 157",Phoenix,AZ,3.369,33.44838,-112.07404
71406,FLYERS #3203,"I-10, Exit 139",Phoenix,AZ,3.319,33.44838,-112.07404
71407,FLYERS #3204,SR 202,Phoenix,AZ,3.352,33.44838,-112.07404
71408,Flyers #3205,"I-17, Exit 195B",Phoenix,AZ,3.382,33.44838,-112.07404
71410,Flyers #3213,"US-60, Exit 181",Mesa,AZ,3.352,33.42227,-111.82264
71411,Flyers #3214,"I-10, Exit 161C",Chandler,AZ,3.352,33.30616,-111.84125
71412,FLYERS #3215,SR 87,Chandler,AZ,3.352,33.30616,-111.84125
71413,Flyers #3216,"US 60, Exit 194",Apache Junction,AZ,3.422,33.41505,-111.54958
71416,FLYERS #3225,"I-10, Exit 255",Tucson,AZ,3.359,32.22174,-110.92648
71417,Flyers #3227,"I-10, Exit 263A",Tucson,AZ,3.356,32.22174,-110.92648
71418,Quick Fuel #3228,"I-10, Exit 264",Tucson,AZ,3.362,32.22174,-110.92648
71421,FLYERS #3236,"SR 601, Exit 22",El Paso,TX,3.229,31.75872,-106.48693
71428,KWIK TRIP #1140,SR-69/SR-92 & HWY-CC,Belleville,WI,3.604,42.85972,-89.53818
71429,QUIKTRIP #1432,SR 202 EXIT 76,Phoenix,AZ,3.369,33.44838,-112.07404
71430,QUIKTRIP #7144,US-31W,Goodlettsville,TN,2.916,36.32311,-86.71333
71433,Kwik Star #1146,US HWY 151,Cedar Rapids,IA,3.624,42.00833,-91.64407
71434,KWIK STAR #1154,"SR 18 & SR 60, Exit 34",Sheldon,IA,3.199,43.18109,-95.85613
71435,QUIKTRIP #1036,I-85 Exit 40,Charlotte,NC,3.304,35.22709,-80.84313
71436,GOOD 2 GO #213,I-90 EXIT 58 & US-16,Buffalo,WY,3.525,44.34831,-106.69894
71437,GOOD 2 GO #121,I-15 EXIT 113,Idaho Falls,ID,3.479,43.46658,-112.03414
71438,LOVES TRAVEL STOP #893,US-80 & SR-307,Savannah,GA,3.289,32.08354,-81.09983
71439,LOVES TRAVEL STOP #802,I-10 EXIT 26,Milton,FL,3.339,30.63241,-87.03969
71440,MAVERIK COUNTRY STORE #667,"I-90, EXIT 289 & SR-27",Spokane,WA,3.969,47.65966,-117.42908
71441,MAVERIK COUNTRY STORE #678,US-191,Vernal,UT,3.442,40.45552,-109.52875
71442,RACETRAC #2597,"I-65, EXIT 91 & US-31W",Elizabethtown,KY,2.919,37.69395,-85.85913
71443,LOVES TRAVEL STOP #810,US-33 & SR-540,Bellefontaine,OH,3.352,40.36116,-83.75966
71444,One9 #1318,"I-44, Exit 88",Strafford,MO,2.986,37.26838,-93.11713
71445,SPEEDWAY #1051,I-90 & I-94 Exit 69,Mauston,WI,3.299,43.79719,-90.07735
71446,SPEEDWAY #4221,I-80 Exit 292,Davenport,IA,3.749,41.52364,-90.57764
71447,KWIK TRIP #612,SR-116,Winneconne,WI,3.532,44.11082,-88.71261
71449,MAVERIK COUNTRY STORE #628,I-15 & CR-215,Las Vegas,NV,3.356,36.17497,-115.13722
71450,MAVERIK COUNTRY STORE #664,I-25 EXIT 203,Los Lunas,NM,3.202,34.80617,-106.73336
71452,ALLSUPS CONVENIENCE STORE #2016,SR-214 & SR-114,Morton,TX,3.399,33.7251,-102.75938
71453,ALLSUPS CONVENIENCE STORE #2025,US-285,Roswell,NM,3.286,33.39437,-104.52491
71454,ALLSUPS CONVENIENCE STORE #2036,SR-18,Hobbs,NM,3.399,32.70261,-103.13604
71455,ALLSUPS CONVENIENCE STORE #2043,US-62,Idalou,TX,2.966,33.66647,-101.68294
71456,ALLSUPS CONVENIENCE STORE #2058,"I-40, Exit 332 & SR-209",Tucumcari,NM,3.355,35.17191,-103.72686
71457,ALLSUPS CONVENIENCE STORE #2075,US-70 & SR-6,Crowell,TX,3.199,33.98397,-99.72482
71458,ALLSUPS CONVENIENCE STORE #2082,SR-70,Spur,TX,3.199,33.47648,-100.85569
71460,ALLSUPS CONVENIENCE STORE #2101,SR-136,Fritch,TX,3.149,35.63977,-101.60323
71461,ALLSUPS CONVENIENCE STORE #2111,US-87 &,Texline,TX,2.966,36.37781,-103.0241
71462,ALLSUPS CONVENIENCE STORE #2138,CR-61,Hobbs,NM,3.382,32.70261,-103.13604
71463,ALLSUPS CONVENIENCE STORE #2146,SR-18,Hobbs,NM,3.212,32.70261,-103.13604
71464,ALLSUPS CONVENIENCE STORE #2153,US-277,Haskell,TX,3.539,33.1576,-99.7337
71465,ALLSUPS CONVENIENCE STORE #2173,US-20,Sweetwater,TX,2.846,32.47095,-100.40594
71466,ALLSUPS CONVENIENCE STORE #2185,US-380 & 9TH ST,Aspermont,TX,3.366,33.13343,-100.22733
71467,ALLSUPS CONVENIENCE STORE #2192,SR-86 & SR-207,Silverton,TX,3.159,34.47423,-101.30461
71468,ALLSUPS CONVENIENCE STORE #2212,SR-6,Stamford,TX,3.129,32.94539,-99.80287
71469,ALLSUPS CONVENIENCE STORE #2227,SR-114,Morton,TX,3.399,33.7251,-102.75938
71470,ALLSUPS CONVENIENCE STORE #2267,"I-20, EXIT 42 & CR-761",Pecos,TX,3.379,31.42291,-103.49323
71471,ALLSUPS CONVENIENCE STORE #2269,SR-524 & CR-658,Carlsbad,NM,3.249,32.42067,-104.22884
71472,ALLSUPS CONVENIENCE STORE #2276,HWY 84 & CR-466,Hermleigh,TX,2.972,32.63511,-100.75928
71473,ALLSUPS CONVENIENCE STORE #2378,US-BUS 287 & SR-25,Electra,TX,2.999,34.02926,-98.91896
71474,PILOT #1292,US-290 & SR-21,Paige,TX,3.499,30.21021,-97.11499
71476,KWIK TRIP #493,US HWY 12,Whitewater,WI,3.499,42.83362,-88.73233
71477,KWIK TRIP #1141,SR 54,Luxemburg,WI,3.482,44.53861,-87.70398
71478,RACEWAY #6970,SR-1 & Coker Rd,Rome,GA,3.199,34.25704,-85.16467
71479,RACETRAC #118,I-575 & SR-15,Jasper,GA,3.309,34.46787,-84.42909
71480,Loves Travel Stop #836,US-87,Dalhart,TX,3.436,36.05948,-102.51325
71481,Loves Travel Stop #843,"I-29, Exit 187",Drayton,ND,3.566,48.5711,-97.17785
71482,LOVES TRAVEL STOP #789,"I-15, Exit 277",Great Falls,MT,3.772,47.50024,-111.30081
71484,CIRCLE K #2745064,"I-75/SR-401, EXIT 101 & US-280/SR-30",Cordele,GA,2.999,31.96351,-83.78239
71485,Circle K #2709088,US-521 & SR-9,Lancaster,SC,3.299,34.72043,-80.7709
71486,HUCKS FOOD & FUEL #338,US-50/US-150 & US-41 BUS,Vincennes,IN,3.959,38.67727,-87.52863
71487,LOVES TRAVEL STOPS #835,"I-15, EXIT 163 & SR-99",Fillmore,UT,3.599,38.96885,-112.32355
71488,LOVES TRAVEL STOP #816,"I-90, EXIT 284",Kimball,SD,3.571,43.74667,-98.95843
71490,LOVES TRAVEL STOP #818,"I-20, EXIT 205 & SR-46",Heflin,AL,3.207,33.64899,-85.58746
71491,SPEEDWAY #1520,"I-55, EXIT 58 & SR-80",Matthews,MO,3.189,36.75922,-89.58675
71492,LOVES TRAVEL STOP #839,"I-64, EXIT 92",Leavenworth,IN,3.949,38.19979,-86.34414
71493,NEW TRAVEL PLAZA,I-20 EXIT 86,Ruston,LA,3.066,32.52321,-92.63793
71494,SPEEDWAY/7FLEET #7008,"I-90, EXIT 48A & SR-77",Corfu,NY,3.889,42.96006,-78.40558
71495,SPEEDWAY #1212,"I-65, EXIT 99 & US-31",Greenwood,IN,3.597,39.61366,-86.10665
71496,SPEEDWAY/7fleet #1052,US-30 & SR-57,Orrville,OH,3.499,40.84367,-81.76402
71498,KWIK TRIP #1143,US HWY 45,Antigo,WI,3.507,45.14025,-89.15234
71499,KWIK TRIP #1130,US HWY 151/18,Mount Horeb,WI,3.589,43.00861,-89.73846
71500,KWIK TRIP #1114,SR-35,Holmen,WI,3.331,43.9633,-91.25625
71502,ROAD RANGER #281,I-20 EXIT 332,Cisco,TX,3.141,32.38819,-98.97923
71503,LOVES TRAVEL STOP #093,US-80 & US-400/US-50,Garden City,KS,3.729,37.97169,-100.87266
71504,MAVERIK COUNTRY STORE #378,"I-84/I-15, EXIT 346 & SR-126",Ogden,UT,3.379,41.223,-111.97383
71505,KWIK TRIP #1029,I-43 & SR-20,East Troy,WI,3.174,42.78529,-88.4051
71506,KWIK STAR #1165,SR-60,Sibley,IA,3.224,43.39914,-95.75196
71509,MAPLEFIELDS IRVING,I-91 & US-2,Saint Johnsbury,VT,3.599,44.42526,-72.01512
71510,RACETRAC #2601,"I-64, Exit 58",Frankfort,KY,2.919,38.20091,-84.87328
71511,RACETRAC #2592,US HWY 29,Athens,GA,3.312,33.96095,-83.37794
71512,RACETRAC #2603,Country Road 527,Orlando,FL,3.299,28.53834,-81.37924
71514,LOVES TRAVEL STOP #817,SR-136,Santa Teresa,NM,3.262,31.85594,-106.63916
71515,LOVES TRAVEL STOP #824,"I-64 & SR-37, Exit 80",Mount Vernon,IL,3.349,38.31727,-88.90312
71516,LOVES TRAVEL STOP #833,"I-90, EXIT 61 & US-20",Ripley,NY,3.879,42.267,-79.7106
71517,7-ELEVEN #41905,I-85 & CR-2120,Salisbury,NC,3.749,35.67097,-80.47423
71518,SPEEDWAY/7Fleet #9305,SR-18 & SR-1,Forrest City,AR,3.174,35.00815,-90.78983
71519,SPEEDWAY #1506,US-231 & SR-271,Montgomery,AL,3.042,32.36681,-86.29997
71520,KWIK TRIP #1104,SR-35/65 & SR-29,River Falls,WI,3.406,44.86136,-92.62381
71521,KWIK TRIP #1065,US-12 & SR-89,Whitewater,WI,3.424,42.83362,-88.73233
71522,Y NOT STOP BARBER SPUR,SR-10 & SR-13,Ville Platte,LA,3.499,30.68797,-92.27152
71523,QUIKTRIP #7170,I-59 EXIT 77,Cottondale,AL,2.916,31.20518,-85.38188
71524,Loves Travel Stop #813,"I-77, Exit 112",North Canton,OH,3.627,40.87589,-81.40234
71525,LOVES TRAVEL STOP #796,"I-40, EXIT 432B & U-25W/US-411/US-70",Newport,TN,3.689,35.96704,-83.18766
71526,LOVES TRAVEL STOP #820,"I-90, EXIT 41 & SR-414",Waterloo,NY,4.149,42.90479,-76.86274
71527,D & C FUEL EAST,US-6/SR-92,Tunkhannock,PA,3.699,41.53869,-75.94659
71528,GOOD 2 GO #218,I-90 EXIT 25 & US-14,Sheridan,WY,3.442,44.79719,-106.95618
71529,Kwik Trip #1161,US-BUS 53,Eau Claire,WI,3.407,44.81135,-91.49849
71531,BERT'S TRAVEL PLAZA,SR-33,Wellsville,KS,3.316,38.71834,-95.08164
71534,GOLDEN GATE - YERINGTON,SR-339 & US-95 ALT,Yerington,NV,3.716,38.98575,-119.16293
71535,GOLDEN GATE BATTLE MOUNTAIN,"I-80, EXIT 233",Battle Mountain,NV,3.339,40.64213,-116.93427
71536,PILOT TRAVEL CENTERS  #1106,"I-25/US-85, EXIT 215 & SR-47",Albuquerque,NM,3.566,35.08449,-106.65114
71542,CIRCLE K #2706625,US-85,Eaton,CO,3.399,40.53026,-104.71135
71543,THE SOCO GROUP #4,SR-111,El Centro,CA,4.839,32.792,-115.56305
71555,Kwik Trip #307,SR-35/US-18,Prairie Du Chien,WI,3.599,43.05165,-91.14124
71556,KWIK TRIP #1167,"HWY 29, EXIT 108",Thorp,WI,3.452,44.96108,-90.79986
71557,MUSKOGEE TRAVEL PLAZA,US-69,Muskogee,OK,3.016,35.74788,-95.36969
71558,ALLSUPS #2384,US-60,Friona,TX,2.994,34.64173,-102.7241
71559,ALLSUPS CONVENIENCE STORE #2228,US-83 & CR-613,Tuscola,TX,2.917,32.20958,-99.79675
71560,CIRCLE K #2709675,"I-25, EXIT 41 & SR-543/SR-26",Hatch,NM,3.799,32.66536,-107.15307
71561,ABBOTTS TRAVEL CENTER,I-35 EXIT 359,Abbott,TX,3.066,31.88488,-97.07334
71562,PILOT #1317,I-90 EXIT 28,Fultonville,NY,3.999,42.94785,-74.37041
71563,Kwik Star #1081,SR-9,Decorah,IA,3.579,43.30331,-91.78571
71564,GRAB N GO,SR-200 & SR-22,Killdeer,ND,3.549,47.37196,-102.75408
71565,CIRCLE K #2741253,"SR 375, Exit 39",El Paso,TX,3.196,31.75872,-106.48693
71566,Mankato Travel Center,US HWY 14 & SR 22,Mankato,MN,3.499,44.15906,-94.00915
71567,PRIDE CONVENIENCE STORE,"I-91, EXIT 40 & SR-20",East Granby,CT,3.649,41.94121,-72.72732
71568,QUIKTRIP #294,I-35,Gardner,KS,2.999,38.81084,-94.92719
71570,STEELE 66 TRUCK PLAZA,Hwy O & CR-425,Steele,MO,3.399,36.08396,-89.82925
71571,RACETRAC #2587,I-75 & US-98,Brooksville,FL,3.299,28.55554,-82.38991
71572,7-ELEVEN #41525,US-460 & SR-630,Disputanta,VA,2.999,37.12432,-77.22581
71573,RACETRAC #2588,I-4 & US-301,Tampa,FL,3.299,27.94752,-82.45843
71574,RACETRAC #2594,US-441,Dublin,GA,2.999,32.54044,-82.90375
71575,Racetrac #2308,SR-161,Irving,TX,2.936,32.81402,-96.94889
71576,RACETRAC #2429,SR-161,Irving,TX,2.901,32.81402,-96.94889
71577,TOOT N TOTUM #130,US-87 & Dorsey Rd,Clayton,NM,3.199,36.45169,-103.1841
71578,RACETRAC #2595,I-65 EXIT 284,Alabaster,AL,2.999,33.24428,-86.81638
71579,KWIK TRIP #1138,SR 28,Sheboygan,WI,3.242,43.75083,-87.71453
71580,MAVERIK COUNTRY STORE #676,"I-15/I-84, EXIT 376 & SR-13",Tremonton,UT,3.444,41.71187,-112.16551
71582,LOVES TRAVEL STOP #847,US-601 & SR-207,Pageland,SC,3.386,34.77321,-80.39173
71583,CIRCLE K #2706993,SR 27 N,Lake Wales,FL,3.799,27.90141,-81.58591
71586,ALLTOWN FRESH,US-9 & SR-23,Livingston,NY,3.659,42.14203,-73.77791
71590,TA SPRINGER,I-25 EXIT 419,Springer,NM,3.529,36.36114,-104.59527
71592,THE WOODSHED,US-59 & SR-10,Welch,OK,3.099,36.87369,-95.0958
71594,BP,US-20 & SR13,Middlebury,IN,3.799,41.67533,-85.7061
71595,Hucks Market #100,US-36,Hannibal,MO,3.132,39.70838,-91.35848
71596,ALLSUPS #2379,US-70/US-380,Tinnie,NM,3.359,33.37065,-105.22637
71597,Allsups #2380,US-84,Sudan,TX,3.199,34.06786,-102.52436
71598,Allsups #2381,SR-199,Azle,TX,2.919,32.89513,-97.54586
71600,TA EXPRESS #290,"I-45, EXIT 198 & FM-27",Fairfield,TX,3.439,31.72461,-96.16525
71601,Circle K #2723479,"I-40, EXIT 306B & US-70",Garner,NC,3.369,35.71126,-78.61417
71603,FLYERS #3223,US-70/191,Safford,AZ,3.862,32.83395,-109.70758
71604,MAVERIK COUNTRY STORE #669,"I-80, Exit 113 & SR-172",Salt Lake City,UT,3.446,40.76078,-111.89105
71605,Allsups Convenience Store #2377,US-70 & US-54,Alamogordo,NM,3.062,32.89953,-105.96027
71606,Allsups #2396,HWY 62 82 179,Wolfforth,TX,2.916,33.50592,-102.00906
71607,Loves Travel Stop #827,"I-90, Exit 174",Moses Lake,WA,3.889,47.13014,-119.27808
71608,Loves Travel Stop #842,"I-194, eXIT 164",Saint Cloud,MN,3.291,45.5608,-94.16249
71609,QUIKTRIP #73,"US-75, US 62",Henryetta,OK,3.026,35.43983,-95.98194
71610,FRIENDLY GUS #25,US-80 & SR-338,Dudley,GA,3.832,32.54239,-83.07043
71612,RACEWAY #6898,"I-95, EXIT 373 & HWY A1A",Yulee,FL,3.271,30.6319,-81.60649
71614,7-ELEVEN #41808,"I-85, EXIT 106 & US-29",Blacksburg,SC,3.359,35.12124,-81.51592
71615,HUTCHS #128,US-62 & US-281/SR-8,Anadarko,OK,2.999,35.07256,-98.24366
71616,ALLSUPS CONVENIENCE STORE #2382,"I-20, EXIT 366 & US-281",Mineral Wells,TX,2.946,32.80846,-98.11282
71617,CIRCLE K #2709087,US-98/US-19,Chiefland,FL,3.582,29.47496,-82.85984
71618,Loves Travel Stop #837,"I-35, Exit 52",Cameron,MO,3.689,39.74028,-94.24106
71619,7-ELEVEN # 41365,"I-840/I-785, EXIT 18 & US-70",Greensboro,NC,3.199,36.07264,-79.79198
71621,TOOT N TOTUM #127,"I-27, Exit 49B",Plainview,TX,2.896,34.18479,-101.70684
71622,Circle K #2706628,SR-193 & SR-163,Theodore,AL,3.392,30.54769,-88.17528
71623,Circle K #2706637,US-43,Grove Hill,AL,3.719,31.70877,-87.77722
71624,MAVERIK COUNTRY STORE #681,"I-80, Exit 410",West Wendover,NV,3.386,40.7391,-114.07335
71625,MAVERIK COUNTRY STORE #679,US-160/285 & SR-17,Alamosa,CO,3.349,37.46945,-105.87002
71627,QUIKTRIP #1730,I-75 EXIT 185,Forsyth,GA,3.089,33.0343,-83.93824
71628,QUIKTRIP #7171,I-65 EXIT 231,Calera,AL,2.999,33.1029,-86.7536
71629,KWIK TRIP #1139,SR-95 & SR-65,Cambridge,MN,3.399,45.57274,-93.22439
71630,CIRCLE K #2701524,"US-52, Exit 134 & SR-268",Pilot Mountain,NC,3.429,36.38653,-80.4695
71631,RACEWAY #6891,SR-20 & SR-67,Decatur,AL,3.099,34.60593,-86.98334
71632,Loves Travel Stop #819,SR-21 & SR-275,Rincon,GA,3.331,32.29603,-81.23539
71634,76,"US HWY 278, US HWY 45",Tupelo,MS,3.149,34.25807,-88.70464
71635,Racetrac #2610,US-231,Murfreesboro,TN,3.049,35.84562,-86.39027
71636,RACETRAC #2580,US-41 & SR-268,Murfreesboro,TN,3.032,35.84562,-86.39027
71637,HORSESHOE #4,SR-114,Smyer,TX,2.959,33.58426,-102.16323
71638,QUIKTRIP #4032,"I-35, EXIT 176",Schertz,TX,2.916,29.55217,-98.26973
71639,PAR MAR FOOD STORE #13,"I-77, EXIT 1 & SR-7",Hannibal,OH,3.899,39.6673,-80.87204
71640,RACETRAC #2544,SR-81 & SR-316,Bethlehem,GA,3.312,33.93206,-83.71378
71641,76,I-17,Phoenix,AZ,3.232,33.44838,-112.07404
71642,MAVERIK COUNTRY STORE #398,HWY 89 & LAKE POWELL BLVD,Page,AZ,3.456,36.91472,-111.45583
71643,Pilot #1319,I-35 Exit 30,Alvarado,TX,3.206,32.40653,-97.21168
71644,CHISUM TRAVEL CENTER #38,I-20 EXIT 210,Colorado City,TX,2.926,32.38817,-100.86456
71646,SPEEDWAY #6542,"I-10, Exit 192",Midway,FL,3.599,30.40648,-87.00553
71647,QUIKTRIP #667,I-44 Exit 189,Rolla,MO,2.982,37.95143,-91.77127
71648,QUIKTRIP #7149,I-24 Exit 8,Clarksville,TN,2.916,36.52977,-87.35945
71649,Allsups Convenience Store #2385,US-183 & US-180,Breckenridge,TX,3.307,32.75568,-98.90229
71650,ALLSUPS CONVENIENCE STORE #2405,SR-208 & SR-158,Robert Lee,TX,3.266,31.89237,-100.48482
71651,QUIKTRIP #4151,"I-35, Exit 220",Buda,TX,2.916,30.08521,-97.84028
71652,CIRCLE K #4705575,SR-261,Akron,OH,3.769,41.08144,-81.51901
71653,MAVERIK COUNTRY STORE #701,US-160,Durango,CO,3.299,37.27528,-107.88007
71654,LOVES TRAVEL STOP  #851,"I-39/US-51, EXIT 111 & SR-72",Monroe Center,IL,3.749,42.09836,-89.00065
71655,79 ONE STOP,SR-62 & SR-37,Saint Croix,IN,3.499,38.22395,-86.58637
71656,CASEYS #3268,US-59 & SR-119,Appleton,MN,3.446,45.19691,-96.01977
71657,CASEYS #2855,US HWY 63,Cabool,MO,3.259,37.12394,-92.10127
71661,Loves Travel Stop #822,"I-40,  Exit 57 & S Crawford St",Clarksville,AR,3.392,35.47147,-93.46657
71662,PUMP & PANTRY #33,SR-22/39,Genoa,NE,3.289,41.44862,-97.73061
71663,Allsups #2388,I-27 & SR-217,Canyon,TX,2.901,34.98033,-101.9188
71664,RUTTERS #95,SR-9,Martinsburg,WV,3.999,39.45621,-77.96389
71666,Circle K#2746513,SR-13/SIOUX TRL,Savage,MN,3.799,44.77913,-93.33634
71667,7-Eleven #38986,"I-75, EXIT 301 & US-98",Brooksville,FL,3.399,28.55554,-82.38991
71668,7-ELEVEN #41572,I-77 & US-70,Statesville,NC,2.859,35.78264,-80.8873
71672,7-ELEVEN #41573,US-67,Glen Rose,TX,3.589,32.23459,-97.75531
71673,7-ELEVEN #41792,"I-85, EXIT 27",Anderson,SC,2.959,34.50344,-82.65013
71674,Kwik Trip #1177,SR-65,Cambridge,MN,3.424,45.57274,-93.22439
71676,CIRCLE K #4702409,US-52,Lafayette,IN,3.157,40.4167,-86.87529
71679,TOOT N TOTUM #22,FM 1541 & FM 1151,Amarillo,TX,2.967,35.222,-101.8313
71680,Alexs Shelby Truck Stop,US HWY 278 & SR 32,Shelby,MS,3.199,33.95094,-90.76788
71681,WASPYS TRUCK STOP,US-71,Audubon,IA,3.316,41.71804,-94.93249
71682,Gas N Wash,"SR 83, SR 50, I-294",Alsip,IL,3.299,41.66892,-87.73866
71683,GAS N WASH,US HWY 6,Joliet,IL,3.799,41.52519,-88.0834
71685,ON THE ROAD 110,US-59,Diboll,TX,3.199,31.18713,-94.78104
71686,Allsups #2391,I-20 Exit 269,Merkel,TX,2.876,32.47068,-100.01287
71687,ALLSUPS #2386,I-20 EXIT 216,Colorado City,TX,2.942,32.38817,-100.86456
71688,KWIK TRIP #1151,"I-90, EXIT 183 & CR-BT",Beloit,WI,3.374,42.50835,-89.03178
71689,KWIK TRIP #1108,"I-41/US-45, EXIT 52 & SR-164",Colgate,WI,3.247,43.19306,-88.20676
71691,ALLSUPS #2399,US-287 & SR-207,Claude,TX,2.929,35.11172,-101.36322
71692,GXP #200,"I-85/SR-403, EXIT 140 & SR-82",Jefferson,GA,3.239,34.11705,-83.57239
71694,J&H Family Store,"I-96, Exit 19",Coopersville,MI,3.499,43.06391,-85.93477
71695,KWIK TRIP #1126,US-14/US-61,La Crosse,WI,3.384,43.80136,-91.23958
71696,SUPER SAVE #10,I-220 EXIT 1A,Shreveport,LA,3.199,32.52515,-93.75018
71697,LOVES TRAVEL STOP #829,I-80 EXIT 81,Brookville,PA,4.019,41.16117,-79.08309
71698,Kwik Star #1142,hwy 6,Iowa City,IA,3.134,41.66113,-91.53017
71699,KWIK TRIP #597,"I-94, EXIT 344 & SR-31",Kenosha,WI,3.744,42.58474,-87.82119
71700,ARCO,US-19/US-98/US-27Alt & CR-30A,Perry,FL,3.699,30.11766,-83.58274
71701,CIRCLE K #2746510,SR 32,De Pere,WI,3.349,44.44888,-88.06038
71702,SHOP AND SAVE,US-220 & CR-734,Ridgeway,VA,3.909,36.98931,-79.48253
71704,QUIKTRIP #962,"I-30, Exit 61A",Garland,TX,2.897,32.91262,-96.63888
71705,STRIPES #41980,"I-37, EXIT 11A",Corpus Christi,TX,3.199,27.80058,-97.39638
71706,QUIKTRIP #1176,I-77Exit 2,West Columbia,SC,3.309,33.99349,-81.07398
71707,QUARLES #4437,US HWY 30,Lancaster,PA,3.999,40.03788,-76.30551
71708,QUARLES #4936,I-95 Exit 69,Richmond,VA,3.699,37.55376,-77.46026
71709,MAPCO EXPRESS #7553,SR 153 EXIT 2,Chattanooga,TN,2.994,35.04563,-85.30968
71710,KWIK STAR #1180,SR-141,Perry,IA,3.061,41.8386,-94.10718
71712,MAVERIK COUNTRY STORE #693,"I-70, Exit 160 & hwy 191",Green River,UT,3.282,38.99525,-110.1618
71713,Pilot Dealer #1383,"I-555, Exit 39",Jonesboro,AR,3.439,35.8423,-90.70428
71714,RACETRAC #2576,SR-997 & SR-994,Miami,FL,3.287,25.77427,-80.19366
71715,Allsups Convenience Store #2401,US-87,San Angelo,TX,3.196,31.46377,-100.43704
71716,Allsups #2404,US-62,Carlsbad,NM,3.194,32.42067,-104.22884
71717,Kwik Trip #1199,US-14,Darien,WI,3.199,42.60168,-88.7076
71718,KWIK STAR #1158,US-30,Ames,IA,3.174,42.03471,-93.61994
71719,LOVES TRAVEL STOP #832,"I-35, EXIT 129",Forest Lake,MN,3.362,45.27886,-92.98522
71721,HUCKS FOOD & FUEL #314,US-50/150,Washington,IN,3.462,38.65922,-87.17279
71722,MAVERIK #5392,FM-16,Keenesburg,CO,3.154,40.10832,-104.51996
71723,ALLSUPS CONVENIENCE #2398,SR-70,Pampa,TX,3.079,35.53616,-100.95987
71724,ALLSUPS CONVENIENCE #2403,US-180,Mineral Wells,TX,3.006,32.80846,-98.11282
71725,Allsups Convenience Store #2406,US-67,Rankin,TX,3.499,31.22265,-101.93791
71726,Kwik Trip #1152,US HWY 169,Saint Peter,MN,3.724,44.32358,-93.95801
71735,Loves Travel Stop #811,US-395,Pasco,WA,4.589,46.23958,-119.10057
71736,Racetrac #2312,US-41/SR-92,Acworth,GA,3.209,34.06635,-84.67837
71737,RACETRAC #2605,"I-295, EXIT 25",Jacksonville,FL,3.249,30.33218,-81.65565
71738,KWIK TRIP #1196,"US-151, EXIT 21",Platteville,WI,3.514,42.73416,-90.47846
71739,TA EXPRESS #418,"I-16/SR-404, EXIT 116 & US-301/25",Register,GA,3.286,32.36712,-81.884
71740,SPRINT FOODS #735,US-78/US-1 & SR-19,Aiken,SC,3.172,33.56042,-81.71955
71741,SPRINT FOOD STORE #733,"I-20, EXIT 183 & US-221",Harlem,GA,3.599,33.41458,-82.31262
71769,DUCK THRU FOOD STORE #60,US HWY 64,Spring Hope,NC,3.469,35.94515,-78.11193
71770,ONVO TRAVEL PLAZA,"I-81, Exit 155",Mountain Top,PA,3.587,41.16953,-75.87742
71771,BREAK TIME #3170,SR-13 & HWY-T,Bolivar,MO,3.374,37.61448,-93.41047
71772,Kwik Trip #1137,US-8,Saint Croix Falls,WI,3.524,45.40996,-92.63965
71773,KWIK STAR #710,US-30 EXIT-202,Toledo,IA,3.399,41.99555,-92.57686
71774,CASEYS #4292,1020 5TH ST,Carrollton,IL,3.239,39.30227,-90.40706
71775,Caseys #3950,US-270 & US-54,Liberal,KS,3.319,37.04308,-100.921
71776,QUIKTRIP #7172,"I-85/US-29, EXIT 58 & SR-169",Opelika,AL,2.999,32.64541,-85.37828
71779,TCI PHOENIX,"I-10, EXIT 138 & US-202, EXIT 76",Phoenix,AZ,2.922,33.44838,-112.07404
71784,7-ELEVEN #41750,I-4 & SR-33,Lakeland,FL,3.289,28.03947,-81.9498
71785,7-ELEVEN #41266,I-81 & SR-924,Hazleton,PA,3.839,40.95842,-75.97465
71786,SHEETZ #751,I-76 EXIT 91,Donegal,PA,3.259,40.11257,-79.38254
71787,PUMP & PANTRY #55,US-159 & US-73,Falls City,NE,3.239,40.06084,-95.60193
71792,KWIK TRIP #1147,US-71 & SR-60,Windom,MN,3.349,43.86635,-95.11694
71793,QUARLES #4602,"SR-267, EXIT 8B & SR-606",Sterling,VA,3.659,39.00622,-77.4286
71794,KWIK TRIP #1174,US-51 & US-2,Ironwood,MI,3.139,46.45467,-90.17101
71795,CIRCLE  K #2654290,I-85 EXIT 13,Lagrange,GA,3.899,33.03929,-85.03133
71797,KWIK STAR #1186,"I-80/US-6, EXIT 142 & US-65",Altoona,IA,3.199,41.64416,-93.46466
71798,Space Age #202,"I-5, EXIT 52",Castle Rock,WA,3.659,46.27511,-122.90761
71800,Stuckeys Travel Plaza,"I-44, EXIT 179",Newburg,MO,2.972,37.91421,-91.90266
71801,Love's Travel Stop #869,US HWY 75,Le Mars,IA,3.456,42.79416,-96.16558
71802,ALLSUPS #2407,I-10 EXIT 259,Fort Stockton,TX,3.029,30.89404,-102.87932
71803,KENT KWIK #321,I-20 EXIT 143,Midland,TX,2.941,31.99735,-102.07791
71804,GAS N WASH,I-88 EXIT 114,Montgomery,IL,3.599,41.73058,-88.3459
71805,RACETRAC #2583,I-24E,La Vergne,TN,2.899,36.01562,-86.58194
71806,RACETRAC #2600,SR-70,Okeechobee,FL,3.299,27.24393,-80.82978
71807,KWIK TRIP #1270,SR-172,Green Bay,WI,3.291,44.51916,-88.01983
71808,WEIGELS #100,SR 153,Chattanooga,TN,3.016,35.04563,-85.30968
71811,7-ELEVEN #41826,SR-722 & SR-283,Lancaster,PA,4.129,40.03788,-76.30551
71812,KWIK TRIP #1198,I-43 & Hwy AA,Oostburg,WI,3.242,43.62277,-87.79453
71813,Kweik Star #1156,SR-150 & SR-3,Oelwein,IA,3.582,42.67332,-91.9135
71814,TEX-BEST #531,US-90,Uvalde,TX,2.874,29.20968,-99.78617
71815,MAVERIK COUNTRY STORE #688,I-15 EXIT 339,Ogden,UT,3.386,41.223,-111.97383
71816,MAVERIK COUNTRY STORE #694,I-15 EXIT 222,Nephi,UT,3.406,39.71023,-111.83632
71817,KWIK TRIP #1128,US-12,Altoona,WI,3.332,44.80468,-91.44321
71818,TA EXPRESS RIVERTON #433,I-72 EXIT 108,Riverton,IL,3.409,39.84422,-89.53954
71822,DK,SR 176,Lenorah,TX,3.532,32.30456,-101.87625
71823,MARKER 126,US HWY 20,Duncombe,IA,3.059,42.47053,-93.99356
71824,QuikTrip #4052,US 181 S,San Antonio,TX,2.922,29.42412,-98.49363
71826,KWIK TRIP #1183,US-2,Bessemer,MI,3.139,46.48134,-90.05295
71827,KWIK TRIP #1188,US-12,Cokato,MN,3.474,45.0758,-94.18998
71828,KWIK TRIP #1209,SR-42,Sturgeon Bay,WI,3.582,44.83416,-87.37704
71829,KWIK TRIP #1043,US-53/SR-194,Duluth,MN,3.499,46.78327,-92.10658
71830,One9 #1330,"I-40/US-63, EXIT 216 & US-49",Brinkley,AR,3.199,34.88787,-91.19457
71831,Loves Travel Stop #865,"I-35, Exit 186",Perry,OK,3.389,36.28949,-97.2881
71832,SHEETZ #753,SR 3,Seville,OH,3.082,41.01006,-81.86236
71833,Circle K #2706636,US HWY 43,Jackson,AL,3.899,31.50905,-87.89444
71835,CUZZS TRAVEL DEPOT,US 43 N,Thomasville,AL,3.599,31.91349,-87.73584
71836,DUCK THRU FOOD STORE #59,US 13 EXIT 119,Greenville,NC,3.499,35.61266,-77.36635
71837,RUTTERS #86,"US-15, EXIT 17 & SR-26",Frederick,MD,3.899,39.41427,-77.41054
71838,RUTTERS #24,SR-74 & SR-2069,Brogue,PA,4.099,39.87177,-76.48302
71839,RUTTERS #92,US-222 & SR-737,Kutztown,PA,3.699,40.51732,-75.77742
71840,NEON MARKETPLACE,"SR-79, EXIT 10",Fall River,MA,3.949,41.70149,-71.15505
71841,Quick Fuel #3193,US-69,Kansas City,KS,3.346,39.11417,-94.62746
71844,HD EXPRESS MART,US 20,Clyde,OH,3.379,41.30422,-82.97519
71845,ALLSUPS #2424,US 180,Millsap,TX,2.984,32.74819,-98.00921
71848,CLIFTON SUPER STOP,"I-16, EXIT 104",Metter,GA,3.249,32.39712,-82.06012
71849,TOOT N TOTUM #128,I-40 EXIT 57,Amarillo,TX,3.089,35.222,-101.8313
71850,CEDAR GROVE OASIS,"I-43, Exit 113",Cedar Grove,WI,3.239,43.56972,-87.82342
71851,PWI #164,I-35/US-77 & FM-3115,Abbott,TX,2.892,31.88488,-97.07334
71852,KWIK TRIP #1164,US-63,Spooner,WI,3.599,45.82245,-91.88934
71853,Landmark Travel Center,I-20 EXIT 301,Clyde,TX,2.901,32.40596,-99.49369
71854,EXXON DBA Pilot #1289,US 75 EXIT 72,Denison,TX,3.239,33.75566,-96.53666
71855,BYRNE DAIRY #136,I-90 Exit 37,Liverpool,NY,3.659,43.10646,-76.2177
71856,GO TIME #7,"I-75, EXIT 29",Corbin,KY,2.999,36.9487,-84.09688
71857,QUIKTRIP #1196,"I-20, EXIT 11 & SR-144",Graniteville,SC,3.159,33.56375,-81.80789
71858,QUIKTRIP #7224,"I-20, EXIT 112",West Monroe,LA,2.892,32.51848,-92.14764
71859,ALLSUPS #2415,SR 6,Meridian,TX,2.966,31.92321,-97.65669
71860,PILOT #1347,"I-59, EXIT 5A",Pearl River,LA,3.164,30.37603,-89.7484
71862,Loves Travel Stop #863,I-90 & SR-528,Madison,OH,3.849,41.77116,-81.04982
71864,MPC #30,"I-44, Exit 195",Saint James,MO,2.986,37.99726,-91.61432
71865,RACETRAC #574,"I-30, EXIT 68",Rockwall,TX,2.924,32.93123,-96.45971
71866,RACETRAC #2615,"I-65, EXIT 128",Louisville,KY,2.919,38.25424,-85.75941
71867,HOLIDAY STATIONSTORE #2653855,US-12,Aberdeen,SD,3.107,45.4647,-98.48648
71868,RACETRAC #2456,SR-44 & CR-491,Lecanto,FL,3.316,28.85165,-82.4876
71869,PORT FUEL CENTER,"I-516, EXIT 7B & SR-21",Port Wentworth,GA,3.182,32.14909,-81.16317
71870,Circle K #2706479,US-280,Sylacauga,AL,3.799,33.17317,-86.25164
71871,KWIK TRIP #1133,US-10 & SR-85,Durand,WI,3.431,44.62635,-91.96573
71872,KWIK STAR #1189,"I-80, EXIT 110",De Soto,IA,3.224,41.53166,-94.00967
71873,KWIK TRIP #1182,"I-35E, EXIT 123B",Hugo,MN,3.377,45.15997,-92.99327
71874,Rutters #85,I-76 & US-30,Bedford,PA,4.099,40.01869,-78.50391
71875,LOVES TRAVEL STOP #615,US-59 & US-79,Carthage,TX,3.102,32.15738,-94.33742
71876,LOVES TRAVEL STOP #861,"I-75, EXIT 72 & SR-72",Loudon,TN,3.587,35.73285,-84.33381
71877,LOVES TRAVEL STOP #859,"I-80, EXIT 116 & US-6",Morris,IL,3.789,41.35725,-88.42118
71878,LOVES TRAVEL STOP #872,SR-78 & CR-27,Lancaster,OH,3.276,39.71368,-82.59933
71879,Gas N Wash Schoolhouse,FM-74,New Lenox,IL,3.699,41.51198,-87.96561
71883,QUIKTRIP #4178,SR-130,Hutto,TX,2.916,30.5427,-97.54667
71886,QUIKTRIP #7136,US-17,Brunswick,GA,3.074,31.15013,-81.49147
71887,SHELL,I-80 & SR-63,Greenwood,NE,3.399,40.96278,-96.44112
71888,KJS ALPINE,US HWY 26,Alpine,WY,3.799,43.16353,-111.01802
71889,Payson Cardlock,SR 260 & SR 87,Payson,AZ,3.709,34.23087,-111.32514
71890,Carter Flagstaff Cardlock (Bulk Plant),I-40 Exit 198,Flagstaff,AZ,3.689,35.19807,-111.65127
71892,Tropic Fleet Bradenton Cardlock,US 301,Bradenton,FL,3.499,27.49893,-82.57482
71893,Tropic Fleet Rechtien Cardlock,SR-934,Miami,FL,3.471,25.77427,-80.19366
71894,Majors 663 Nacogdoches Truck Plaza,US-259 & US-59,Nacogdoches,TX,3.029,31.60351,-94.65549
71897,ONE9 XPRESS FUEL #1349,I-10 EXIT 140B,Van Horn,TX,3.459,31.04029,-104.83073
71898,Loves Travel Stop #867,I-55 Exit 165,Normal,IL,3.389,40.5142,-88.99063
71899,LOVES TRAVEL STOP #882,US-61/SR-92,Muscatine,IA,3.439,41.42447,-91.04321
71902,MURPHY EXPRESS #8928,FM-1472,Laredo,TX,2.846,27.50641,-99.50754
71903,ALLSUPS #2412,SR 199 W,Springtown,TX,2.919,32.96596,-97.68364
71904,SHEETZ #745,I-90 EXIT 212,Madison,OH,3.082,41.77116,-81.04982
71906,COMPASS TRAVEL CENTER,"I-65, EXIT 230",Demotte,IN,3.242,41.19504,-87.19864
71909,RACETRAC #2604,I-75 Exit 126,Mcdonough,GA,3.199,33.44734,-84.14686
71910,KWIK TRIP #793,"I-35, EXIT 59",Faribault,MN,3.424,44.29496,-93.26883
71911,MAVERIK COUNTRY STORE #706,SR-10,Castle Dale,UT,3.439,39.21219,-111.01961
71912,FUEL CITY WYLIE,SR-78,Wylie,TX,2.966,33.01512,-96.53888
71913,Circle K #4702456,I-69,Martinsville,IN,3.599,39.42783,-86.42833
71914,HUCKS FOOD & Fuel #309,I-169 Exit 8,Hopkinsville,KY,3.474,36.86561,-87.49117
71916,Spinx 317,US-17 ALT,Moncks Corner,SC,3.312,33.19632,-80.01429
71919,THE SPORTSMAN 2 TRAVEL PLAZA,I-35 EXIT 480,Sanger,TX,2.976,33.36317,-97.1739
71922,Plaza of The Flint Hills,I-70 Exit 32B,Alma,KS,3.299,39.01667,-96.28916
71923,SHEETZ #740,US-23  & SR-752,Ashville,OH,3.102,39.71562,-82.95296
71924,JIFFY,I-80 Exit 60,Shippenville,PA,4.132,41.25034,-79.45949
71925,QUIKTRIP #7140,"I-24, EXIT 175 & US-41",Chattanooga,TN,2.916,35.04563,-85.30968
71926,QUIKTRIP #186,SR-150,Grandview,MO,3.199,38.88584,-94.53301
71927,Allsups Convenience #2420,US 283,Altus,OK,2.979,34.63813,-99.33398
71929,STUCKEYS TRAVEL CENTER,I-10 & FM-365,Beaumont,TX,2.824,30.08605,-94.10185
71931,QUIKTRIP #7071,I-75 & SR-133/401,Valdosta,GA,3.032,30.83334,-83.28032
71932,MCCLURE OIL #60,US 35,Logansport,IN,3.799,40.75448,-86.35667
71933,RHODES CONVENIENCE STORES,US-62,Sikeston,MO,3.351,36.87672,-89.58786
71934,SHEETZ #759,I-71 & SR-734,Jeffersonville,OH,3.066,39.65367,-83.56381
71935,SPEEDWAY #1695,I-87 EXIT 23,Albany,NY,3.849,42.65258,-73.75623
71936,QUIKTRIP #7907,I-44 EXIT 1D,Wichita Falls,TX,2.859,33.91371,-98.49339
71937,KWIK TRIP #1173,CR-10,Waconia,MN,3.607,44.8508,-93.78691
71941,RACETRAC #2628,I-85 EXIT 62 & US-280,Opelika,AL,2.999,32.64541,-85.37828
71942,BYRNE DAIRY #135,I-81 & SR-481,Liverpool,NY,4.199,43.10646,-76.2177
71943,DK #11823,I-20 & FM-1768,Midland,TX,2.982,31.99735,-102.07791
71944,DK #13903,SR-108,Texarkana,AR,3.041,33.44179,-94.03769
71945,DK #13904,I-40 EXIT 233 & SR-261,Palestine,AR,3.016,34.97232,-90.90262
71946,Allsups #102450,US-87,Eden,TX,3.179,31.21628,-99.84563
71947,PETRO USA,I-76 EXIT 2 & SR-3,Seville,OH,3.079,41.01006,-81.86236
71948,19 AND 75 FILLING STATION,US-75 & SR-19,Ivanhoe,MN,3.394,44.4633,-96.24726
71949,24 STORE SHELBY,SR-61,Shelby,OH,3.499,40.88145,-82.66184
71950,77/36 DUCHESS,I-77 & US-36,Newcomerstown,OH,3.299,40.27229,-81.60595
71951,7-ELEVEN #39448,I-81 & SR-682,Mount Crawford,VA,3.316,38.35707,-78.94086
71953,ALEX'S TRUCK STOP,US-61,Tunica,MS,3.299,34.68455,-90.38288
71957,B&M Quickstop,SR-8,Mineral Point,MO,3.699,37.94477,-90.7243
71958,BELL STORES,I-77 & CR-80,Dover,OH,3.399,40.52062,-81.47401
71960,BELL STORES #1159,US-30 & CR-144,Wooster,OH,3.659,40.80517,-81.93646
71961,BELL STORES #54,US-250 & SR-241,Mount Eaton,OH,3.499,40.6945,-81.70318
71962,BELLSTORES,SR-598,Galion,OH,3.499,40.73367,-82.7899
71965,CIRCLE K #2709989,US-167 & CR-405,Sheridan,AR,3.599,34.30704,-92.40127
71966,BLACK DIAMOND TRAVEL CENTER,I-26 & SR-173,Unicoi,TN,3.402,36.19539,-82.34958
71967,BLOC STOP TRAVEL CENTER,US-19 & SR-133,ALBANY,GA,3.799,31.57851,-84.15574
71968,BLONDIES FOOD AND FUEL,US-90 & SR-69,Grand Ridge,FL,3.591,30.71291,-85.02328
71969,BORDERVIEW GROCERY,US-11 & CR-19,Champlain,NY,3.799,44.98643,-73.44653
71970,BLUE BIRD 3 EXPRESS,"US-78, EXIT 1",Olive Branch,MS,3.199,34.96176,-89.82953
71971,BOUND BROOK BP,I-287 Exit 13B & SR-28,Bound Brook,NJ,3.249,40.56844,-74.53849
71972,BOWMAN,I-81 Exit 1,Williamsport,MD,3.832,39.60065,-77.82055
71973,SHEETZ #703,I-40 & US-70,Garner,NC,2.859,35.71126,-78.61417
71975,BP,I-81 & SR-177,Christiansburg,VA,3.799,37.12985,-80.40894
71976,Loves Travel Stop #828,"I-295, EXIT 33",Jacksonville,FL,3.282,30.33218,-81.65565
71977,BP,SR-47,Sugar Grove,IL,3.599,41.76142,-88.44369
71978,BP,I-29 & US-34,Pacific Junction,IA,3.399,41.01861,-95.79917
71979,KENT KWIK #219,SR-338,Odessa,TX,3.007,31.84568,-102.36764
71980,KENT KWIK #433,US-87,San Angelo,TX,3.132,31.46377,-100.43704
71981,SHEETZ #488,US-13 & US-264,Greenville,NC,2.899,35.61266,-77.36635
71982,MAVERIK COUNTRY STORE #665,SR-201,Magna,UT,3.399,40.70911,-112.10161
71983,MAVERIK COUNTRY STORE #702,I-80 Exit 59,Sidney,NE,3.112,41.14276,-102.97798
71984,BP,I-43 & SR-11,Elkhorn,WI,3.149,42.67279,-88.54454
71985,Brew #12,US-20 & SR-31,Correctionville,IA,3.559,42.47499,-95.78557
71988,C AND W GLOBAL,SR-429 & SR-438,Winter Garden,FL,3.074,28.56528,-81.58618
71990,Allsups #2418,US-84,Snyder,TX,2.972,32.71789,-100.91762
71991,TA Express Fairview #943,US 36,Fairview,KS,3.299,39.84111,-95.72804
71992,7-ELEVEN #41263,US-13,Bridgeville,DE,3.399,38.74261,-75.60437
71994,7-ELEVEN #42058,SR-572,Lakeland,FL,3.482,28.03947,-81.9498
71995,Chevron,"I-40, EXIT 218 & US-285",Clines Corners,NM,3.416,35.0095,-105.66918
71996,BP,"I-43, EXIT 164 & CR-Z",Maribel,WI,3.249,44.27638,-87.80731
71997,7-ELEVEN #41287,SR-29,Immokalee,FL,3.679,26.41869,-81.4173
71999,7-ELEVEN #41813,"I-85, EXIT 60",Duncan,SC,3.099,34.9379,-82.14511
72000,7-ELEVEN #41309,US-41,Nokomis,FL,3.379,27.11922,-82.44426
72001,7-Eleven #41963,"I-65, EXIT 98",Goodlettsville,TN,3.049,36.32311,-86.71333
72003,7-ELEVEN #42012,"I-77, EXIT 24 & US-21",Blythewood,SC,3.109,34.21432,-80.97398
72004,7-ELEVEN #41578,US-13,Seaford,DE,3.359,38.64123,-75.61104
72006,CIRCLE K #4707123,SR-2,Canaan,ME,3.759,44.76173,-69.56144
72008,CASHS #4469,US-278 & US-63,Warren,AR,3.499,33.61261,-92.06458
72009,CEFCO #1059,SR-274,Kemp,TX,2.909,32.44264,-96.22998
72011,CEFCO #107,US 190,Lampasas,TX,2.899,31.06378,-98.1817
72012,CEFCO #108,US-77,Waco,TX,2.992,31.54933,-97.14667
72013,CEFCO #1081,US-59,Queen City,TX,3.024,33.14874,-94.15019
72014,CEFCO #1086,US-259,Longview,TX,2.959,32.5007,-94.74049
72015,CEFCO #1096,US-82,Paris,TX,2.966,33.66094,-95.55551
72016,Cefco #11,US-84,Waco,TX,2.996,31.54933,-97.14667
72017,CEFCO #1102,SR-24 & SR-286,Paris,TX,2.966,33.66094,-95.55551
72018,CEFCO #2071,US-377 & FM-381,Early,TX,2.926,31.7421,-98.94561
72019,CEFCO #2081,US-84,Post,TX,2.942,33.19122,-101.379
72020,CEFCO #2082,SR-206 & SR-36,Cross Plains,TX,3.159,32.12625,-99.16534
72021,CEFCO #30,US-77 & SR-320,Lott,TX,3.011,31.20351,-97.03666
72022,CEFCO #65,US-84 & FM-116,Gatesville,TX,2.966,31.43516,-97.74391
72024,CENEX,US-2,Stanley,ND,3.582,48.31724,-102.39045
72025,CENEX,US-2,Devils Lake,ND,3.241,48.11278,-98.86512
72026,CENEX,"I-94, EXIT 84 & SR-8",Richardton,ND,3.509,46.8839,-102.31573
72028,CENEX,US-52 & SR-15,Fessenden,ND,3.531,47.64917,-99.62929
72029,CENEX,SR-40,Tioga,ND,3.576,48.39724,-102.93824
72030,CENEX,I-90 & SR-51,Gillette,WY,3.489,44.29109,-105.50222
72031,CENEX HARWOOD,"I-29/US-81, EXIT 72",Harwood,ND,3.359,46.97941,-96.88064
72033,CHARLIE BS,SR-246,Greenwood,SC,2.987,34.1954,-82.16179
72034,CHARLIES MARKET,SR-172,Salt Lake City,UT,3.459,40.76078,-111.89105
72038,CHEVRON,I-55 & SR-570,McComb,MS,3.282,31.24379,-90.45315
72039,CHEVRON,SR-20 & SR-65,Hosford,FL,3.299,30.38705,-84.79943
72041,CHEVRON,SR-20 & SR-71,Blountstown,FL,3.299,30.44379,-85.04744
72044,Maverik Country Store #709,I-40 Exit 163,Williams,AZ,3.219,35.24946,-112.191
72045,MAVERIK COUNTRY STORE #710,US-6,Helper,UT,3.446,39.68413,-110.85461
72046,CHEVRON DBA ONE9 #1429,US-30 & US-95,Fruitland,ID,3.349,44.00766,-116.91655
72054,CHEVRON,US-45,Guntown,MS,3.299,34.44316,-88.65978
72060,CHEVRON FOOD MART #20,US-45 & SR-16,Scooba,MS,3.199,32.82819,-88.47643
72063,CIRCLE K #2655785,US-301,Upper Marlboro,MD,3.999,38.81595,-76.74969
72066,CIRCLE K #2741094,SR-46,Seguin,TX,2.959,29.56884,-97.96473
72067,CIRCLE K #2741822,US-90 & FM-471,Castroville,TX,2.912,29.35579,-98.87864
72071,7-Eleven #42182,Ashley Phosphate Rd & Cross Country Rd,North Charleston,SC,3.459,32.85462,-79.97481
72072,PARKERS #92,SR 17,Guyton,GA,2.999,32.3363,-81.3915
72073,CIRCLE K #2723791,I-85 & SR-54,Graham,NC,3.609,36.06903,-79.40058
72074,CIRCLE K #2741566,US-84 & FM-2837,Woodway,TX,2.999,31.506,-97.20501
72075,CITGO SAMS FOOD STORE,"US-5, Exit 87",Hartford,CT,3.499,41.76371,-72.68509
72077,COLDWATER TRAVEL CENTER,I-55 & SR-306,Coldwater,MS,3.099,32.71486,-89.21423
72078,STRIPES #42150,"I-69C, Exit 9 & US-281",Edinburg,TX,3.006,26.30174,-98.16334
72080,Corner Store,US-180/62,Seminole,TX,3.129,32.71899,-102.64491
72081,STRIPES #2146,US-181 & SR-361,Ingleside,TX,3.299,27.8778,-97.21166
72082,COUNTRYMARK,SR-124,Bluffton,IN,3.766,40.73866,-85.17164
72083,DANDY DANS,US-49/SR-42,Hattiesburg,MS,3.066,31.32712,-89.29034
72084,DANDY MINI MART #60,US-6 & SR-14,Troy,PA,3.999,40.91506,-78.2164
72086,DELT EXPRESS,SR-52,SAMSON,AL,3.699,31.11295,-86.04605
72087,DELTA,US-9,Jersey City,NJ,3.239,40.72816,-74.07764
72089,CASEYS #4567,SR-55,Columbia,KY,3.159,37.10284,-85.30635
72090,DOMINO #128,US-81 & SR-66,El Reno,OK,3.199,35.53227,-97.95505
72091,DUCK THRU FOOD STORE #54,US-64,Columbia,NC,3.523,35.91766,-76.25215
72092,DUCK THRU FOOD STORE #57,SR-42/SR-43,Pinetops,NC,3.574,35.78849,-77.63775
72096,EXPRESS #29,SR-29,East Dublin,GA,3.632,32.54822,-82.87181
72097,EXPRESSWAY SERVICE STATION,US-287 & SR-25,Electra,TX,2.999,34.02926,-98.91896
72100,Exxon,"I-22/US-78, Exit 10 &  SR-178",Byhalia,MS,3.199,34.87232,-89.69064
72101,EXXON,US-24,Redford,MI,3.699,42.38337,-83.2966
72104,LOVES TRAVEL STOP #170,I-44 EXIT 166 & SR-18,CHANDLER,OK,3.087,35.70173,-96.88086
72105,LOVES TRAVEL STOP #171,SR-375 & SR-31,McAlester,OK,3.437,34.93343,-95.76971
72106,Loves Country Store #118,US-77 & SR-29,Wynnewood,OK,2.989,34.64342,-97.16447
72108,FARMERS UNION OIL OF CARPIO,US-52 & SR-28,Carpio,ND,3.384,48.44252,-101.71461
72110,FAST STOP,US-84 & CR-1800,Lubbock,TX,2.999,33.57786,-101.85517
72111,FAST STOP,"I-40, Exit 81 & FM-1912",Amarillo,TX,2.944,35.222,-101.8313
72112,Flyers #3219,US-60,Claypool,AZ,3.849,33.41117,-110.84261
72113,Food N Fuel,US-6 & CR-4,New Lenox,IL,3.399,41.51198,-87.96561
72114,Gas  House,"I-77, Exit 49B",Statesville,NC,3.424,35.78264,-80.8873
72115,FRIENDSHIP FOOD & FUEL,SR-15 & CR-244,Ecru,MS,3.799,34.35316,-89.02312
72116,FRIENDSHIP FOOD MART #90,I-90 & SR-57,Elyria,OH,3.779,41.36838,-82.10765
72118,GAS N WASH,I-355 & SR-7,HOMER GLEN,IL,3.599,41.60003,-87.93811
72119,Gas N Wash Cicero,SR-50,Berwyn,IL,3.569,41.85059,-87.79367
72120,GAS PRO TRAVEL CENTER,US-301/25,Statesboro,GA,3.129,32.44879,-81.78317
72122,KWIK TRIP #1115,US-63 & US-8,Turtle Lake,WI,3.656,45.3944,-92.14241
72124,GET GO #3016,I-376 & SR-18,Monaca,PA,5.499,40.68729,-80.27145
72125,GETGO #7520,I-65 & US-31,Edinburgh,IN,3.359,39.35422,-85.96666
72126,GETGO #7526,I-69 & SR-332,Yorktown,IN,3.343,40.17365,-85.49414
72128,GETGO #7545,I-65 & SR-400,Whitestown,IN,3.302,39.99726,-86.34583
72130,GILBERTS SHELL,SR-72 & CR-59,Gilberts,IL,3.279,42.10336,-88.37286
72132,GO TIME 4,I-64 Exit 94 & SR-1958,Winchester,KY,2.907,37.99008,-84.17965
72134,Gulf,US-422 & SR-528/168,Parkman,OH,3.649,41.37061,-81.0651
72136,HANA TRAVEL CENTER,"I-30, EXIT 153 & SR-185",Winfield,TX,3.079,33.16734,-95.11188
72139,HOLMES EXPRESS,US-78 & SR-175,Memphis,TN,3.399,35.14953,-90.04898
72142,CASEYS #3990,"I-90E, exit 96 and SR-17",Elkhart,IN,3.629,41.68199,-85.97667
72143,Caseys #4023,US 36 & US 183,Phillipsburg,KS,3.292,39.75612,-99.32399
72144,HUCKS FOOD & FUEL #397,US-68 & SR-432,Bowling Green,KY,3.499,36.99032,-86.4436
72145,JP ZEBULON,US-19,Zebulon,GA,3.135,33.10235,-84.3427
72146,HUTTER'S,SR-72,Jonestown,PA,3.719,40.4137,-76.4783
72148,IRON HORSE TRAVEL CENTER,I-20 EXIT 270 & FM-1235,Merkel,TX,2.876,32.47068,-100.01287
72149,IVOR MART,US-460,Hopewell,VA,3.699,37.30432,-77.2872
72150,J AND R MARKET,SR-105 & SR-326,Sour Lake,TX,3.159,30.14021,-94.41102
72153,Jet Food Store,SR-15 & SR-46,Soperton,GA,3.416,32.37712,-82.59236
72154,JET FOOD STORE #93,US-280 & SR-135,Vidalia,GA,3.432,32.21769,-82.41346
72155,JIFFY TRIP #142,US-77,Newkirk,OK,3.059,36.88225,-97.05337
72156,JORDANS KWIK STOP #5,US-412,Portia,AR,3.376,36.08646,-91.06735
72157,JORDANS KWIK STOP #52,US-67 & SR-304,Pocahontas,AR,3.312,36.26146,-90.97123
72160,KENJO MARKET #52,US-321,Maryville,TN,3.249,35.75647,-83.97046
72162,Krazy K's,US-45,Buckatunna,MS,3.149,31.53905,-88.52892
72163,KWIK FILL,US-206,Hillsborough,NJ,3.399,40.4776,-74.62682
72170,STRIPES # 41977,"I-2, EXIT 168",La Feria,TX,3.219,26.15896,-97.82389
72171,LAWTEY SHELL SERVICE,US-301,Lawtey,FL,3.599,30.04413,-82.07177
72175,ALLSUPS #2410,"I-35/US-77, EXIT 368 & SR-22",Whitney,TX,2.966,31.95182,-97.3214
72180,LITTLEFIELD EXPRESS #4,I-40 Exit 321,Muldrow,OK,3.419,35.4062,-94.59883
72181,LITTLEFIELD EXPRESS #7,US-167,Cave City,AR,3.349,35.94174,-91.54847
72182,LULING MINI MART,I-10 Exit 628 & SR-80,Luling,TX,2.966,29.68051,-97.6475
72184,MACS 33,US-49,Florence,MS,2.899,32.15348,-90.1312
72185,Circle K #2709332,US-231/SR-53,Montgomery,AL,3.259,32.36681,-86.29997
72188,MARATHON,US-61 & SR-637,Reserve,LA,3.749,30.05381,-90.55175
72189,MARATHON,I-75 & CR-20,Middletown,OH,3.216,39.51506,-84.39828
72190,Minuteman Food Mart #37,US-74,Leland,NC,3.389,34.25628,-78.04471
72191,MARATHON RIVERSIDE GAS,I-80 & CR-6,Elkhart,IN,3.499,41.68199,-85.97667
72192,MASSEY FUEL,"I-95, EXIT 30",Bridgeport,CT,3.399,41.17923,-73.18945
72193,MERRIMAN COUNTRY STORE,SR-1 & CR-3700,Allen,OK,3.099,34.87898,-96.41251
72194,Mobil,I-57,Riverdale,IL,3.699,41.63337,-87.6331
72195,MOBIL,US-46,Columbia,NJ,3.079,40.92621,-75.09268
72196,MORGAN OIL,US-224 & CR-231,Lowellville,OH,3.399,41.03534,-80.53646
72197,MOTOMART #3369,SR-370 E,Saint Charles,MO,3.042,38.78394,-90.48123
72199,MPC #99A,I-270 Exit 22B,Hazelwood,MO,3.059,38.77144,-90.37095
72200,Swift Mart,I-55/SR-7 & US-51,Grenada,MS,3.366,33.769,-89.80842
72201,MUDD CREEK COUNTRY STORE,US-79,Franklin,TX,3.194,31.02602,-96.48524
72202,MUSTANG MARKET,I-80 Exit 73,Sparks,NV,4.199,39.53491,-119.75269
72205,NIC'S,SR-97,Bainbridge,GA,3.379,30.9038,-84.57547
72206,NORTHLAKE BP,I-294 & US-45,Melrose Park,IL,3.599,41.90059,-87.85673
72207,NZT,I-294,Alsip,IL,3.389,41.66892,-87.73866
72210,CITGO,US-70,Princeton,NC,3.699,35.46599,-78.16055
72212,PARKERS #72,US-52 & SR- 402,Moncks Corner,SC,3.256,33.19632,-80.01429
72215,PIT STOP #1,SR-31 & SR-34,Weedsport,NY,3.899,43.04868,-76.56272
72216,Pit Stop #14,US-20/US-16,Worland,WY,3.829,44.0169,-107.95537
72217,PIEDMONT PETROLEUM,US-501,Lynchburg,VA,3.459,37.41375,-79.14225
72219,QUICK FILL,US-78/SR-4,Eastaboga,AL,3.099,33.60594,-86.02136
72222,RAINY LAKE OIL,CR-332 & CR-24,International Falls,MN,3.379,48.60105,-93.41098
72224,RAYMOND TRUCK STOP,US-1/US-9,Newark,NJ,3.259,40.73566,-74.17237
72225,SHEETZ #144,US-220 & SR-55,Moorefield,WV,3.289,39.06233,-78.96947
72226,REBEL GAS MART,SR-7,Oxford,MS,3.049,34.3665,-89.51925
72227,RED BANKS VALERO,I-22 & SR-178,Red Banks,MS,2.999,34.82815,-89.56453
72228,REFUEL #1043,US-15,Sumter,SC,3.096,33.92044,-80.34147
72229,REFUEL #1047,US-521,Sumter,SC,3.006,33.92044,-80.34147
72230,REFUEL #1116,US-64,Apex,NC,3.799,35.73265,-78.85029
72231,RENO JUNCTION TRAVEL PLAZA,SR-59 & SR-387,Wright,WY,3.509,43.75124,-105.49201
72232,RICKY ROCKETS FUEL,I-294 & US-12,HICKORY HILLS,IL,3.899,41.72559,-87.82506
72233,ROAD RANGER #284,I-27 & FM-1729,New Deal,TX,2.986,33.73731,-101.83656
72235,ROC ONE STOP #1,SR-34,Galatia,IL,3.559,37.8406,-88.60922
72236,ROYAL FARMS #108,US-13,Cape Charles,VA,3.472,37.27008,-76.01649
72237,ROYAL FARMS #135,SR-404 & SR-16,Denton,MD,3.339,38.88456,-75.82716
72238,ROYAL FARMS #169,I-895 & US-40,Baltimore,MD,3.259,39.29038,-76.61219
72239,ROYAL FARMS #171,US-13 & SR-24,Laurel,DE,3.259,38.5565,-75.57131
72240,ROYAL FARMS #191,I-83 Exit 20A,Hunt Valley,MD,4.199,39.49983,-76.64108
72241,ROYAL FARMS #242,I-95 Exit 27,Philadelphia,PA,3.799,39.95238,-75.16362
72242,ROYAL FARMS #311,SR-7 & SR-43,Nottingham,MD,3.269,39.19927,-76.63719
72243,Racetrac #2611,"I-65, EXIT 116",Shepherdsville,KY,2.959,37.9884,-85.71579
72247,SEVEN MART,I-20 & SR-17,Delhi,LA,3.199,32.45764,-91.49317
72248,SHELBY EXPRESS,SR-175,Memphis,TN,3.699,35.14953,-90.04898
72250,RACEWAY #6854,US-278 & SR-113,Rockmart,GA,3.172,34.0026,-85.04161
72251,SHELL,I-94 & US-12,Detroit,MI,3.699,42.33143,-83.04575
72256,SHELL,US-1,Warren,ME,3.999,44.12036,-69.24005
72257,DUCK THRU #55,US-13BYP & SR-308,Windsor,NC,3.239,35.99849,-76.94606
72260,Duck Thru #58,US-13 & CR-677,Suffolk,VA,3.449,36.72836,-76.58496
72261,SHELL,US-45 & CR-520,Shannon,MS,3.199,34.11622,-88.71172
72262,7-ELEVEN #38855,"I-95, exit 58",Colonial Heights,VA,3.509,37.26804,-77.40726
72263,SPARTAN FUELS,US-80 & SR-22,Columbus,GA,3.309,32.46098,-84.98771
72264,CIRCLE K #2654249,SR 24 & SR 286,Paris,TX,2.959,33.66094,-95.55551
72266,SHELL SERVICE STATION,I-65 Exit 14 & US-64,Pulaski,TN,3.209,35.1998,-87.03084
72267,SHELL SERVICE STATION,I-90 Exit 52,Elgin,IL,3.279,42.03725,-88.28119
72268,SHORT STOP,US-67/283,Santa Anna,TX,3.499,31.74209,-99.32173
72273,SPINX #341,SR-41,Charleston,SC,3.332,32.77632,-79.93275
72274,SPINX #366,SR-642,Summerville,SC,3.279,33.0185,-80.17565
72276,STAR 001,US-20 & SR-23,SOUTH BEND,IN,3.732,41.68338,-86.25001
72277,STOP N GAS,SR-15 & SR-39,Yorkshire,NY,4.099,42.53006,-78.4728
72278,SUN DO,I-74 Exit 197,Maxton,NC,3.439,34.73516,-79.34893
72279,AMOCO,US-30,Clarence,IA,3.399,41.88891,-91.05654
72281,SUNOCO,I-95 Exit 77B & SR-24,Edgewood,MD,3.299,39.41872,-76.2944
72285,CUSSETA TRAVEL CENTER,SR 520,Cusseta,GA,3.199,32.30543,-84.7727
72287,CASEY'S #4522,US-81,Hennessey,OK,3.059,36.1092,-97.89867
72288,S&G #88,I-475 Exit 13 & US-20,Toledo,OH,3.009,41.66394,-83.55521
72289,SUNOCO,SR-12 & FM-1136,Orange,TX,2.899,30.09299,-93.73655
72290,SUNSTOP,US-19,Thomasville,GA,3.282,30.83658,-83.97878
72291,Union 76,US-129,Mc Alpin,FL,3.659,30.13912,-82.9518
72292,SUNSTOP #336,SR-121 & CR-18,Lake Butler,FL,3.592,28.50167,-81.54091
72293,SUNSTOP INLAND DBA ONE9 #1402,I-10 & SR-71,Marianna,FL,3.299,30.77436,-85.22687
72294,SWANTON SUNOCO,I-89 & SR-78,Swanton,VT,3.539,44.9181,-73.1243
72295,SWIFT,US-69,Nederland,TX,2.986,29.97438,-93.9924
72296,SWIFT STOP #5,US-84 & US-380,Post,TX,2.943,33.19122,-101.379
72297,T & M FOOD STORE,SR-113,Taylorsville,GA,3.367,34.08621,-84.98744
72298,TARZAN AND JANE,I-20 & SR-137,Stanton,TX,3.299,32.12929,-101.78846
72302,TEXACO,SR-114 & SR-156,Pennington,AL,3.197,32.20709,-88.05613
72303,TEXACO #378602,I-59 Exit 85 & SR-590,Ellisville,MS,3.199,31.60405,-89.19561
72305,THE ANCHOR,US-60 & CR-3500,Mountain View,MO,3.032,36.99533,-91.70376
72308,Racetrac #2609,SR-60,Okeechobee,FL,3.299,27.24393,-80.82978
72309,Racetrac #2608,"I-59, EXIT 181 & SR-77",Gadsden,AL,2.999,34.01434,-86.00639
72310,RACETRAC #2387,US-19,Hudson,FL,3.316,28.36445,-82.69343
72313,THOMPSON'S CORNER,US-25,Millen,GA,3.316,32.80405,-81.94928
72314,THORNTONS #0333,SR-59 & SR-56,Warrenville,IL,3.549,41.81781,-88.1734
72315,THORNTONS #221343,US-14 & SR-31,Crystal Lake,IL,3.449,42.24113,-88.3162
72316,THORNTONS #221344,SR-120,Mchenry,IL,3.649,42.33335,-88.26675
72317,THORNTONS #261169,SR-1747 & SR-2052,Louisville,KY,3.281,38.25424,-85.75941
72318,THORNTONS #330,I-55 & SR-50,Cicero,IL,3.549,41.84559,-87.75394
72319,THORNTONS #5,I-55 & SR-50,Cicero,IL,3.599,41.84559,-87.75394
72320,THORNTONS #616,SR-265,Lebanon,TN,2.876,36.20811,-86.2911
72321,Thorntons #617,I-24 Exit 64,La Vergne,TN,2.882,36.01562,-86.58194
72324,TREE CITY TRAVEL PLAZA,US-421,Greensburg,IN,3.989,39.33727,-85.48358
72325,TREX MART #17,I-29 & SR-371,Platte City,MO,2.999,39.37028,-94.78246
72326,CIRCLE K #4700101,I-65 Exit 50,Seymour,IN,3.499,38.95922,-85.89025
72328,Tropic Fleet Hialeah Cardlock,SR-953 & SR-934,Miami,FL,3.479,25.77427,-80.19366
72329,TROTTERS,SR-2,Broken Bow,NE,3.299,41.40195,-99.63928
72330,TRUE NORTH #325,SR-57 & SR-113,Elyria,OH,3.679,41.36838,-82.10765
72331,TUPELO TRAVEL STOP,SR-48 & SR-3,Tupelo,OK,2.999,34.60481,-96.42417
72332,TXB #82 DBA KWIK CHEK FOOD STORES,US-83,Asherton,TX,3.259,28.44193,-99.76033
72333,UNITED MARKET,US-84,Blackshear,GA,3.766,31.30605,-82.24207
72335,VALERO,US-30 & SR-598,Galion,OH,3.499,40.73367,-82.7899
72337,VALLEY COUNTRY STORE,I-84 & US-93,Jerome,ID,3.432,42.72407,-114.51865
72338,VALLEY MART #05,US-90 & SR-173,Hondo,TX,3.199,29.34746,-99.14142
72339,VP RACING FUEL,US-231,Panama City,FL,3.499,30.15946,-85.65983
72340,WARREN OIL,US-6,Channahon,IL,3.629,41.42948,-88.22867
72342,WHITE RIVER,US-231 & SR-58,Bloomfield,IN,3.759,39.02699,-86.93751
72343,WOLF DEN,US-97,Wapato,WA,3.409,46.44763,-120.42034
72344,WOW FOOD MART,I-75 & US-25,Richmond,KY,3.609,37.74786,-84.29465
72345,YAKAMART,US-97,Toppenish,WA,3.509,46.37735,-120.30867
72346,Y-NOT STOP,US-165 & SR-10,Oakdale,LA,3.699,30.81603,-92.66042
72347,MARATHON,I-94 Exit 121,Albion,MI,3.699,42.2431,-84.75303
72348,7-ELEVEN #34718,"I-294, EXIT 25",Hinsdale,IL,3.719,41.80086,-87.93701
72349,7-ELEVEN #34713,"I-90, EXIT 24",Belvidere,IL,3.659,42.26391,-88.84427
72350,7-ELEVEN #34709,504 N CREGO RD,Dekalb,IL,4.439,41.92947,-88.75036
72351,LOVES TRAVEL STOP #874,"I-65, EXIT 175 & SR-25",Lafayette,IN,3.672,40.4167,-86.87529
72352,LOVES TRAVEL STOP #858,"I-49, EXIT 172 & US-84",Mansfield,LA,3.246,32.03766,-93.70018
72360,PUMP & PANTRY #22,SR-91 & SR-11,Burwell,NE,3.299,41.78167,-99.13315
72361,PUMP & PANTRY #39,I-80 Exit 179 & SR-56G,North Platte,NE,3.116,41.12389,-100.76542
72362,PUMP & PANTRY #18,US-281 & CR-11,Doniphan,NE,3.307,40.77196,-98.36951
72363,PUMP & PANTRY #1,US-30,Grand Island,NE,3.307,40.92501,-98.34201
72372,Eastland Truck Stop,I-20 Exit 340 & SR-6,Eastland,TX,2.932,32.40152,-98.81756
72373,Rusty Lantern,SR-4,Turner,ME,3.899,44.25646,-70.25617
72374,Rusty Lantern,SR-26 & SR-219,West Paris,ME,3.966,44.32423,-70.57395
72376,SUNOCO,US 84 & SR 39,Donalsonville,GA,3.499,31.04046,-84.87909
72378,EB SUNOCO,SR-3 & SR-28,Muncie,IN,3.799,40.19338,-85.38636
72380,EXXPRESS MART #12,US-287 & SR-421,Lumberton,TX,2.959,30.26577,-94.19963
72382,EXXPRESS MART #4,SR-105,Beaumont,TX,3.199,30.08605,-94.10185
72385,GAS N WASH,I-57 & SR-17,Kankakee,IL,3.599,41.12003,-87.86115
72387,Williams Fuel Stop,SR-7 & SR-735,Gallipolis,OH,3.541,38.8098,-82.20237
72389,PILOT #1354,US 385,Odessa,TX,3.566,31.84568,-102.36764
72390,QUIKTRIP #46,US 169 & SR 266,Tulsa,OK,3.142,36.15398,-95.99277
72391,QUIKTRIP #56,US-169 & SR-11,Tulsa,OK,3.142,36.15398,-95.99277
72394,LOVES TRAVEL STOP #871,"I-85, Exit 32",Piedmont,SC,3.197,34.70234,-82.46457
72395,ALLSUPS #2427,US 84,Gatesville,TX,3.007,31.43516,-97.74391
72396,RACETRAC #2624,US-1,Marathon,FL,3.236,24.71375,-81.09035
72400,HAN DEE HUGOS #21,US-17 & SR-87,Winnabow,NC,3.412,34.14934,-78.0936
72402,HAN DEE HUGOS #5,SR-410 & SR-211,Bladenboro,NC,3.206,34.53878,-78.78752
72403,HAN DEE HUGOS #67,US-70,Raleigh,NC,3.999,35.7721,-78.63861
72408,JOURNEY FOOD STORE #2,US-301,Callahan,FL,3.399,30.56218,-81.83066
72410,KELLEYS MARKET,I-90 Exit 15 & US-20 BUS,Rockford,IL,2.969,42.27113,-89.094
72412,KELLEYS MARKET,US-20,Cherry Valley,IL,3.699,42.23474,-88.94899
72413,TROPIC OIL COMPANY,SR-17,Lake Wales,FL,3.499,27.90141,-81.58591
72418,SHELL,SR-953,Miami,FL,3.479,25.77427,-80.19366
72419,Denver 39th Ave Cardlock,I-70/US-36 EXIT-281,Denver,CO,3.491,39.73915,-104.9847
72420,MAVERIK COUNTRY STORE #620,SR-8,Saint George,UT,3.462,37.10415,-113.58412
72424,MIDDLESEX FOOD STORE,CR-604,Carteret,NJ,3.516,40.57733,-74.2282
72425,MINUTEMAN FOOD MART #18,SR-87,Tar Heel,NC,4.619,34.73322,-78.79002
72428,QUIKTRIP #7249,US 80 E,Flowood,MS,2.916,32.30959,-90.13898
72429,PARKERS #16 (DISCOUNT AVAILABLE),SR-21,Port Wentworth,GA,3.106,32.14909,-81.16317
72430,PATRIOT FUELING CENTER,SR-9,Lineville,AL,3.299,33.31067,-85.75441
72432,Yesway #1203,SR-6,Clifton,TX,2.969,31.78238,-97.57669
72433,RENFROE STORE,SR-25,Carthage,MS,4.099,32.73264,-89.53618
72435,Cedar City Cardlock (Bulk Plant),"I-15, EXIT 59",Cedar City,UT,3.459,37.67748,-113.06189
72436,Ricky Rockets,SR-390 &SR-53,Itasca,IL,3.399,41.97503,-88.00729
72437,Tropic Oil,US-191,Moab,UT,4.169,38.57332,-109.54984
72438,QUIKTRIP #7208,I-290 EXIT 18A,Bellwood,IL,3.079,41.88142,-87.88312
72440,Rutters #84,US-15 & SR-340,Emmitsburg,MD,3.916,39.70454,-77.32693
72441,SHEETZ #165,US-6,Coudersport,PA,3.699,41.77479,-78.02056
72442,SHEETZ #239,I-70 Exit 57,New Stanton,PA,3.286,40.21924,-79.60948
72443,SHEETZ #553,I-81 Exit 3,Greencastle,PA,3.332,39.79037,-77.72777
72444,SHEETZ #597,I-40 Exit 126,Hickory,NC,2.859,35.73319,-81.3412
72445,SHEETZ #639,I-80 Exit 223,Youngstown,OH,3.059,41.09978,-80.64952
72446,SHEETZ #656,US-219 & US-6,Kane,PA,3.699,41.66284,-78.81114
72447,SHEETZ #689,I-64 EXIT 197A  & SR-156,Henrico,VA,2.949,36.59264,-78.61611
72448,SHELL SERVICE STATION,SR-55,Morrison,TN,3.499,35.60285,-85.91971
72456,SPINX #161,I-85 Exit 60 & SR-101,Greer,SC,3.159,34.93873,-82.22706
72458,7-ELEVEN #41335,SR-80 & SR-29,Labelle,FL,3.599,26.76173,-81.43841
72459,7-ELEVEN #34154,I-75 Exit 128,Fort Myers,FL,3.299,26.62168,-81.84059
72462,Story Belgrade Cardlock,"I-90, EXIT 298",Belgrade,MT,3.699,45.77604,-111.1769
72466,Holbrook Cardlock,I-40 EXIT 285,Holbrook,AZ,3.232,34.90225,-110.15818
72467,SUNOCO SERVICE STATION,I-81 Exit 44 & SR-465,Carlisle,PA,3.889,40.20148,-77.18887
72468,Springerville Cardlock,US-191,Springerville,AZ,3.259,34.13355,-109.28834
72471,THORNTONS #221335,I-55 Exit 263,Bolingbrook,IL,3.649,41.69864,-88.0684
72473,Loves Travel Stop #885,US 77,Harlingen,TX,3.649,26.19063,-97.6961
72475,Express 24,SR-77 & US-60,Show Low,AZ,3.299,34.25421,-110.02983
72476,Mandan Cardlock (Bulk Plant),"I-94, EXIT 153",Mandan,ND,3.599,46.82666,-100.88958
72477,Racetrac #2618,US-231 & CR-8,Huntsville,AL,2.951,34.7304,-86.58594
72478,Racetrac #2621,SR-53,Huntsville,AL,3.099,34.7304,-86.58594
72479,CEFCO #2086,US 180 & 84,Snyder,TX,2.966,32.71789,-100.91762
72480,TA Mt Vernon,I-44,Mount Vernon,MO,3.404,37.10367,-93.81854
72481,CASEYS #4323,SR-57 & SR-60,Wanamingo,MN,3.499,44.30441,-92.79047
72482,RUTTERS FARM STORE #80,SR 61,Orwigsburg,PA,3.859,40.65481,-76.10077
72483,Circle K #4700047,I-65 Exit 34A,Austin,IN,3.799,38.75839,-85.80803
72485,ALLSUPS CONVENIENCE STORE #2160,US 70,Roswell,NM,3.256,33.39437,-104.52491
72486,QUIKTRIP #4216,"I-70 & SR-79, EXIT 304",Bennett,CO,3.199,39.75887,-104.42746
72487,PILOT #1380,I-2 EXIT 161,Mercedes,TX,3.659,26.1498,-97.91361
72488,MAVERIK COUNTRY STORE #657,I-15 Exit 10,Washington,UT,3.426,37.13054,-113.50829
72489,CASEYS #3987,LINCOLN HWY,Wanatah,IN,3.716,41.4306,-86.89836
72490,ASAP GENERAL STORE #322,US-281,Hinton,OK,3.132,35.47144,-98.35562
72492,CIRCLE K #2709098,US 85,Greeley,CO,3.211,40.42331,-104.70913
72493,Chiricahua Apache Plaza,I-10 EXIT 102,Deming,NM,3.037,32.2687,-107.75864
72494,7-ELEVEN #42132,"I-35, EXIT 131",Lytle,TX,3.599,29.23329,-98.79641
72495,ROAD RANGER #286,1-40 EXIT 77,Amarillo,TX,2.972,35.222,-101.8313
72496,ROAD RANGER #289,I-45 EXIT 189,Teague,TX,3.396,31.62711,-96.28386
72497,ROAD RANGER #290,"I-44, Exit 13",Joplin,MO,3.212,37.08423,-94.51328
72498,SHEETZ  #760,"I-71, EXIT 140 Township Rd 256",Marengo,OH,3.066,40.40089,-82.81073
72499,Bowie Travel Center Chevron dba One9 #1411,I-10,Bowie,AZ,3.014,32.32647,-109.48701
72500,GAS N WASH,US 34,Plano,IL,3.499,41.66281,-88.53702
72501,QUIKTRIP #7203,"I-80, EXIT 75 &SR-251",Peru,IL,2.969,41.32753,-89.12897
72502,QUIKTRIP #7133,"I-95, EXIT 190 & SR-34",Dillon,SC,3.082,34.41655,-79.37116
72503,QUIKTRIP #7151,I-55/40 EXIT 278 & SR-191,West Memphis,AR,2.999,35.14648,-90.18454
72505,CASEYS #4379,I-59 HWY,Worthington,MN,3.142,43.61996,-95.5964
72506,CASEYS #4273,SR-56,Madison,IN,3.699,38.73589,-85.37996
72507,Golden Gate Fillmore,SR 99,Fillmore,UT,3.297,38.96885,-112.32355
72510,STUCK FLEET FUELING,US-19,Waynesburg,PA,4.499,39.89646,-80.17923
72514,Petro-Card 24 #910722,SR-6,Trenton,MO,3.149,40.0789,-93.61661
72515,PETRO-CARD 24 #910520,US-54BUS,Mexico,MO,3.229,39.16976,-91.88295
72519,CIRCLE K #2723050,SR-59,Hope Mills,NC,2.909,34.97044,-78.94531
72520,PETRO-CARD 24 #910160,US-50,Warrensburg,MO,3.299,38.76279,-93.73605
72521,PETRO-CARD 24 #910410,I-44/US-66,Lebanon,MO,3.099,37.6806,-92.66379
72522,MFA #910591,US-63,La Plata,MO,3.339,40.02337,-92.49158
72523,Petro-Card 24 #910820,US-60BUS,Willow Springs,MO,3.399,36.99228,-91.96987
72524,QuickChek #189,US-46,Ridgefield,NJ,3.252,40.83427,-74.00875
72526,PETRO-CARD 24 #911251,US-169,King City,MO,3.299,40.05138,-94.52412
72528,MFA #910260,SR-87/240,Glasgow,MO,3.397,39.22725,-92.84658
72529,PETRO-CARD 24 #910530,US-24,Moberly,MO,3.419,39.41837,-92.43824
72530,PETRO-CARD 24 #910140,US-50 BUS,California,MO,3.459,38.62753,-92.56658
72531,PETRO-CARD 24 #910040,US-60 BUS,Aurora,MO,3.209,36.97089,-93.71798
72533,Fuel 4,US-9,Jersey City,NJ,3.239,40.72816,-74.07764
72534,Petro-Card 24 #911290,US-59,Mound City,MO,3.149,40.13111,-95.23164
72535,MFA #911310,SR-5,Centerville,IA,3.126,42.09276,-93.93551
72536,MFA 910281,SR-5,Milan,MO,3.299,40.20224,-93.12521
72537,PETRO-CARD 24 #910210,SR-7,Clinton,MO,3.399,38.36863,-93.77827
72538,Petro-Card 24 #910670,SR-51,Qulin,MO,3.199,36.59589,-90.24732
72540,MFA #910441,US-54,Louisiana,MO,3.049,39.44894,-91.05153
72541,MFA 911021,US-136,Tarkio,MO,3.329,40.44028,-95.37776
72542,MFA #910731,SR-15,Shelbina,MO,2.999,39.69393,-92.04295
72543,PETRO CARD 24,SR-18,Clinton,MO,3.399,38.36863,-93.77827
72544,BJS NEW UNDERWOOD,CR-1416,New Underwood,SD,3.699,44.09332,-102.83628
72546,MFA OIL #2028,SR-53,Poplar Bluff,MO,3.232,36.757,-90.39289
72548,GASQUATCH,US-70/SR-3,Idabel,OK,3.107,33.89566,-94.82633
72550,TERRIBLE HERBST #388,I-15 Exit 91,Moapa,NV,3.549,36.6758,-114.62082
72551,Good 2 Go,US-81,Geneva,NE,3.366,40.52695,-97.59588
72552,VALLEYWIDE COUNTRY STORE,I- 86 Exit 40,American Falls,ID,3.599,42.78602,-112.85444
72553,Friendly Express,I-71 Exit 186 & US-250,Ashland,OH,3.199,40.86867,-82.31822
72554,CEFCO #422,SR-4,Baker,FL,3.299,30.16604,-85.68576
72556,STARMART,US-183,Goldthwaite,TX,3.099,31.44989,-98.57088
72557,LITTLE NECK SHELL,I-16 Exit 152,Bloomingdale,GA,3.099,32.13242,-81.299
72558,Circle K #4703975,SR-109 & US-70,Lebanon,TN,2.872,36.20811,-86.2911
72559,SUN TRAVEL CENTER,I-55 EXIT 114A,Canton,MS,3.499,32.61264,-90.03675
72560,AMOCO,US 131 & US 12,White Pigeon,MI,3.559,41.79811,-85.64332
72561,7-ELEVEN #38638,I-25 Exit 235,Erie,CO,3.399,40.05026,-105.04998
72562,7-ELEVEN #17703,US HWY 11,Martinsburg,WV,3.249,39.45621,-77.96389
72563,RACEWAY #6991,I-65 Exit 19 & US-43,Creola,AL,2.949,30.89185,-88.03972
72565,WEIGEL'S #102,I-75 & SR-30,Athens,TN,3.347,35.44285,-84.59299
72566,Loves  Travel Stop #826,I-70 Exit 75,Parachute,CO,3.596,39.45192,-108.05285
72567,THE TEXAN #12,US 87,La Vernia,TX,3.049,29.35635,-98.11556
72569,RACETRAC #204,US-19 & SR-400,Dawsonville,GA,3.319,34.42121,-84.11908
72570,Lake View Cheese & Liquor,I-43,Belgium,WI,3.256,43.49972,-87.85037
72571,MAVERIK #719,I-82 EXIT 33,Yakima,WA,3.899,46.60207,-120.5059
72572,GOOD 2 GO #713 DBA ONE9 #1432,I-76 EXIT 21,Brighton,CO,3.199,39.98526,-104.82053
72574,Loves Travel Stop #831,"I-10 & Fort Grant Rd, Exit 340",Willcox,AZ,3.332,32.25285,-109.83201
72575,Loves Travel Stop #864,US-98,Lucedale,MS,3.449,30.92519,-88.59002
72576,Pride Travel Center South,"I-291 & SR-5, EXIT 4",South Windsor,CT,3.909,41.82371,-72.6212
72577,QUIKTRIP #7205,"I-80, EXIT 161",Lansing,IL,3.079,41.56476,-87.53893
72578,QUIKTRIP #7247,"I-55, EXIT 85",Byram,MS,2.916,32.17932,-90.24537
72579,Raceway #6986,US-378 & CR-467,Sumter,SC,2.979,33.92044,-80.34147
72580,KWIK TRIP #1267,SR 29,Chippewa Falls,WI,3.392,44.93691,-91.39293
72581,FASTRAC MARKET #500266,I-87 Exit 18,Queensbury,NY,3.999,43.37729,-73.61317
72582,FASTRAC MARKET #500242,SR-12 & SR-5A,Utica,NY,3.899,43.1009,-75.23266
72583,SHEETZ #769,I-80 Exit 232,Bloomsburg,PA,3.329,41.0037,-76.45495
72584,ONE9 #1359,"I-80, EXIT 30",Sparks,NV,3.549,39.53491,-119.75269
72585,GAS N WASH GREEN OAKS,"I-94, EXIT 16",Libertyville,IL,3.559,42.28308,-87.95313
72586,Loves Travel Stop #875,"I-49, Exit 15",Opelousas,LA,3.086,30.53353,-92.08151
72587,Allsups Convenience #2416,I-20 EXIT 244 AND HWY 70,Sweetwater,TX,2.884,32.47095,-100.40594
72588,ALLSUPS CONVENIENCE #2430,US 380,Jacksboro,TX,3.044,33.21845,-98.15866
72589,ALLSUPS CONVENIENCE #2056,US 287,Memphis,TX,2.929,34.72478,-100.53401
72590,MAVERIK #716,I-80 & SR-351,Wells,NV,3.392,41.11159,-114.96449
72591,Quiktrip #7173,"I-20, EXIT 156",Pell City,AL,2.999,33.58621,-86.28609
72592,QUIKTRIP #7191,US-45 & I-57,Effingham,IL,2.999,39.12004,-88.54338
72594,Quiktrip #7900,I-30 & FM-989,Texarkana,TX,2.857,33.42513,-94.04769
72595,CIRCLE K #2654400,SR-115,Kearneysville,WV,3.266,39.38816,-77.88555
72596,Hucks Food & Fuel #401 dba Pilot #1360,"I-69, EXIT 25",Mayfield,KY,3.599,36.74172,-88.63672
72597,CIRCLE K #4705697,US 422,Warren,OH,3.612,41.23756,-80.81842
72599,FATDOGS LEXINGTON,US-283,Lexington,NE,2.979,40.78084,-99.7415
72603,THORNTONS #170,I-465 Exit 46 & US-40,Indianapolis,IN,3.599,39.76838,-86.15804
72606,PETRO-CARD 24 #910474,US-65,Malta Bend,MO,3.439,39.19335,-93.36299
72607,TOWN PUMP FOOD STORE #6300,I-90 & US-191,Big Timber,MT,3.539,45.83494,-109.95546
72608,Petro-Card 24 #910640,US-61,Perryville,MO,3.099,37.72422,-89.86122
72610,JORDANS KWIK STOP #6,I-55 Exit 48 & SR-140,Osceola,AR,3.012,35.70508,-89.96953
72611,Kwik Trip # 1722,SR 35 & SR 553,Gwinn,MI,3.819,46.28106,-87.44097
72612,PETRO-CARD 24 #910411,I-44 & SR-32,Lebanon,MO,3.099,37.6806,-92.66379
72614,FAST FUEL FOOD STORES,SR-4,Gassaway,WV,3.566,38.67315,-80.77482
72615,U STOP #4,US-6,Lincoln,NE,3.399,40.8,-96.66696
72616,PETRO-CARD 24 #910700,SR-32,Sainte Genevieve,MO,3.099,37.98144,-90.04178
72619,MARTYVILLE MARATHON,SR-25,Tishomingo,MS,3.279,34.63676,-88.23171
72620,CENEX,US-2,Leeds,ND,3.249,48.28889,-99.43764
72621,PETRO-CARD 24 #1047,SR-240,Slater,MO,3.459,39.21808,-93.06909
72622,Phillips 66,US- 60 & HWY AD,Dexter,MO,3.402,36.79589,-89.95787
72623,LENNYS FOOD N FUEL,US-6,Joliet,IL,3.299,41.52519,-88.0834
72625,PETRO-CARD 24,SR-46 & US-71,Maryville,MO,3.129,40.3461,-94.87247
72626,MFA OIL,SR-18,Lake City,AR,3.399,35.81619,-90.43427
72628,Gas Pro 6,SR-121 & US-25,Trenton,SC,3.466,33.74402,-81.84067
72629,MFA #910600,SR-28,Owensville,MO,3.299,38.3456,-91.50155
72630,PETRO-CARD 24 #910250,US-54 BUS,Fulton,MO,3.299,38.84671,-91.94796
72631,THORNTONS #221348,I-355 & SR-7,Homer Glen,IL,3.849,41.60003,-87.93811
72633,Petro-Card 24 #910830,SR-52,Windsor,MO,3.499,38.53224,-93.52215
72634,MURPHY USA #7827,US-385 & US-60,Hereford,TX,2.829,34.81521,-102.39932
72635,GULF,SR-140,Boylston,MA,3.839,42.39176,-71.70368
72637,AZTEX #104,I-40 Exit 398,Knoxville,TN,3.359,35.96064,-83.92074
72639,ALLSUPS #2423,US-377 & US-70,Madill,OK,2.959,34.09038,-96.77167
72640,Kwik Trip # 1721,SR 553 & FM 480,Marquette,MI,3.819,46.54354,-87.39542
72642,LOVES TRAVEL STOP #857,US-95 & US-6,Tonopah,NV,3.716,38.06716,-117.23008
72643,ONCUE #147,"I-44, EXIT 12",Oklahoma City,OK,3.049,35.46756,-97.51643
72644,MAVERIK COUNTRY STORE #642,I-25 EXIT 262,Fort Collins,CO,3.259,40.58526,-105.08442
72645,MAVERIK #723,"I-10, EXIT 240",Marana,AZ,3.046,32.43674,-111.22538
72646,TOOT N TOTUM #131,US 87,Lamesa,TX,3.109,32.7376,-101.95099
72647,RACEWAY #6972,US-83 & US-43,Demopolis,AL,3.077,32.51764,-87.8364
72648,Loves Travel Stop #873,US 50,Canon City,CO,3.509,38.44098,-105.24245
72649,Love's Travel Stop #891,US 93,Jackpot,NV,3.627,41.98324,-114.67476
72650,Loves Travel Stop #862,I-35 Exit 65,Cotulla,TX,3.589,28.43693,-99.23503
72651,QUIKTRIP #7132,"I-16, EXIT 152",Bloomingdale,GA,3.032,32.13242,-81.299
72652,Quiktrip #4148,I-35 & GRAND AVE PKWY,Pflugerville,TX,2.882,30.43937,-97.62
72653,Quiktrip #7153,US-78 & EXIT #4,Olive Branch,MS,2.916,34.96176,-89.82953
72655,RACEWAY #6988,US-79 & US-41,Clarksville,TN,2.999,36.52977,-87.35945
72656,ALLSUPS #2437,HWY 176 & HWY 115,Andrews,TX,3.396,32.31872,-102.54572
72660,RACEWAY #6989,US-157 & COURT ST,Moulton,AL,3.049,34.48121,-87.29335
72663,LOC STOP TRAVEL CENTER,US-82,Dawson,GA,3.499,31.77382,-84.448
72664,RACETRAC #2606,"I-30, EXIT 32B & SR-181",Grand Prairie,TX,2.926,32.74596,-96.99778
72666,CIRCLE K #2707043,"I-75/SR-401, EXIT 39 & SR-37",Adel,GA,2.999,31.13727,-83.42408
72667,LOVES TRAVEL STOP #884,"I-30, Exit 46",Prescott,AR,3.476,33.80261,-93.38101
72668,LOVES TRAVEL STOP #350,"I-19, Exit 12",Nogales,AZ,3.609,31.34038,-110.93425
72669,Quiktrip #356,US-81 & S Victoria RD,Wichita,KS,3.194,37.69224,-97.33754
72672,7-Eleven #42205,US 79,Hearne,TX,3.449,30.87852,-96.59303
72674,QUIKTRIP #7190,I-64 EXIT 94,Mount Vernon,IL,3.099,38.31727,-88.90312
72675,Maverik Country Store #715,I-80 EXIT 107,Big Springs,NE,3.101,41.06138,-102.07435
72676,KWIK TRIP #1212,"I 90, EXIT 43",Worthington,MN,3.164,43.61996,-95.5964
72677,KWIK TRIP #1256,SR 2 E,Iron Mountain,MI,3.279,45.82023,-88.06596
72678,FLYING J #1056,I-90/ I-80,Edon,OH,3.899,41.55644,-84.76885
72679,TEX BEST #532,US-281 & HWY 186,Edinburg,TX,3.021,26.30174,-98.16334
72680,RACEWAY #6990,US-98,Foley,AL,3.076,30.40659,-87.6836
72681,MAVERIK #691,I-76 EXIT 3,Denver,CO,3.284,39.73915,-104.9847
72682,Maverik #695,I-15 EXIT 276,American Fork,UT,3.349,40.3769,-111.79576
72683,HUCKS FOOD & FUEL #383,SR-57,Evansville,IN,3.759,37.97476,-87.55585
72685,CHUBBYS TRAVEL CENTER,"I-35, Exit 127",Natalia,TX,2.972,29.18968,-98.86253
72687,Kwik Trip #1203,US-71 & Airport Rd,Redwood Falls,MN,3.349,44.5394,-95.11694
72688,SHEETZ #772,I-70 EXIT 59,Springfield,OH,3.054,39.92423,-83.80882
72689,ROAD RANGER #285,I-10 EXIT 605,Seguin,TX,3.111,29.56884,-97.96473
72691,KUM & GO #2402,US 60,Springfield,MO,3.176,37.21533,-93.29824
72693,Kum & Go #2404,US 60,Aurora,MO,3.119,36.97089,-93.71798
72694,7-ELEVEN #42195,I-385 EXIT 23,Fountain Inn,SC,3.116,34.68901,-82.19567
72695,Quiktrip #7906,"I-20, EXIT 617 & US-59",Marshall,TX,2.837,32.54487,-94.36742
72696,QUIKTRIP #1742,"I-475/SR-408, exit 5 & SR-74",Macon,GA,3.089,32.84069,-83.6324
72698,QUIKTRIP #7242,"I-10, EXIT 31",Gulfport,MS,2.916,30.36742,-89.09282
72699,Quiktrip #7195,"I-355, EXIT 29",Addison,IL,3.079,41.9317,-87.98896
72700,RACEWAY #6726,"I-30, Exit 172",Thomson,GA,3.399,33.47069,-82.50457
72701,Loves Travel Stop #887,I-55 EXIT 178,Herculaneum,MO,3.156,38.26839,-90.38012
72702,Loves Travel Stop #854,I-49 EXIT 215,Shreveport,LA,2.937,32.52515,-93.75018
72705,SHEETZ #795,US-460 & CR-629,Disputanta,VA,2.982,37.12432,-77.22581
72706,Sheetz #790,I-77 EXIT 100,Mount Airy,NC,2.859,36.4993,-80.60729
72707,QUIKTRIP #4299,"I-25, EXIT 158",Monument,CO,3.159,39.09166,-104.87276
72709,KWIK TRIP #1299,FM 164,Sussex,WI,3.286,43.1339,-88.22204
72710,KWIK STAR #1285,I-229 EXIT 9,Sioux Falls,SD,2.952,43.54369,-96.72796
72711,Kwik Trip #1260,FM 65,Roberts,WI,3.424,44.98386,-92.55603
72713,Kwik Star #1217,FM 11,Sioux Falls,SD,2.939,43.54369,-96.72796
72714,LOVES TRAVEL STOP  #771,I-85 & SR-18,West Point,GA,3.679,32.87791,-85.18327
72715,FLYING J TRAVEL PLAZA #1372,"I-40, EXIT 28",Yucca,AZ,3.849,34.87223,-114.1494
72716,RACEWAY #7000,US-1 & SR-40,Folkston,GA,3.099,30.83095,-82.01131
72719,TA EXPRESS LITTLEFIELD,"I-15, EXIT 8",Littlefield,AZ,3.679,36.8872,-113.92969
72721,Racetrac #2625,SR 72 E & SHIELDS RD,Huntsville,AL,2.977,34.7304,-86.58594
72723,ONE9 #1362,"I-40, EXIT 253",Winslow,AZ,3.226,35.02419,-110.69736
72724,ONE9 #484,I-40 EXIT 146,Ash Fork,AZ,3.329,35.22501,-112.48407
72725,CASEYS #4481,US 75,Denison,TX,2.936,33.75566,-96.53666
72727,CASEYS #4319,SR-141,Perry,IA,3.129,41.8386,-94.10718
72728,CASEYS #4304,FM 103 & Belten Dr,Crete,NE,3.457,40.62778,-96.96142
72732,KUM & GO #2212,I-35 EXIT 89,Ankeny,IA,3.132,41.72971,-93.60577
72733,Parker's #94,US-17 N,Georgetown,SC,2.989,33.37683,-79.2945
72734,7-ELEVEN #41940,I-95,West Haven,CT,3.999,41.27065,-72.94705
72735,7-Eleven #41376,I-26 Exit 154B,Orangeburg,SC,3.226,33.49182,-80.85565
72736,FRIENDLY GUS STORE #12,I-16 Exit 49,Dublin,GA,3.276,32.54044,-82.90375
72737,Mollys Food and Fuel,"I-20, EXIT 175 & SR-150",Thomson,GA,3.499,33.47069,-82.50457
72738,BREAK TIME #3172,US-50/US-63,Jefferson City,MO,3.336,38.5767,-92.17352
72739,MAVERIK #712,US 70 & US 54,Alamogordo,NM,3.056,32.89953,-105.96027
72740,Caseys #4303,"I-80, EXIT 257 & US-183",Elm Creek,NE,3.032,40.71945,-99.37204
72741,Caseys #4298,"I-55, EXIT 220 & SR-47",Dwight,IL,3.349,41.09448,-88.42506
72742,Racetrac #2612,I-675 EXIT 7,Ellenwood,GA,3.109,33.61011,-84.28798
72743,PEOTONE TRAVEL CENTER,I-57 & SR-25,Peotone,IL,3.459,41.33226,-87.78532
72745,Loves Travel Stop #870,US-81 Exit 12 & SR-12,Watertown,NY,4.149,43.97478,-75.91076
72746,PARKERS #103,"I-26, Exit 205A",Ladson,SC,3.282,32.98573,-80.10981
72747,One9 #1358,"I-40,  EXIT 16",Gallup,NM,3.246,35.52808,-108.74258
72748,HORIZON TRAVEL PLAZA,US-411,Cartersville,GA,2.934,34.16533,-84.80231
72749,KWIK TRIP #1282,FM 42 & S Duluth Ave,Sturgeon Bay,WI,3.507,44.83416,-87.37704
72750,QUIKTRIP #1943,I-35 EXIT 368 & SR 22,Hillsboro,TX,2.919,32.01099,-97.13001
72752,QUIKTRIP #7178,I-65 EXIT 13 & SR 158,Saraland,AL,2.957,30.82074,-88.07056
72753,QUIKTRIP #7908,I-40 EXIT 73,Amarillo,TX,2.874,35.222,-101.8313
72754,RACETRAC #2495,US 41 & US 19,Griffin,GA,3.229,33.24678,-84.26409
72755,RACETRAC #2620,I-465 Exit 42,Indianapolis,IN,3.159,39.76838,-86.15804
72756,Loves Travel Stop #876,I-94 Exit 34A,Michigan City,IN,3.789,41.70754,-86.89503
72757,Loves Travel Stop #860,I-59 EXIT 1,Picayune,MS,3.156,30.52556,-89.67788
72758,CEFCO #1117,I-20 EXIT 617,Marshall,TX,2.832,32.54487,-94.36742
72759,Allsups Convenience Store #2461,US-87 & SR-137,Lamesa,TX,3.099,32.7376,-101.95099
72760,RaceWay #6999,US-84 & US-319,Thomasville,GA,3.166,30.83658,-83.97878
72761,RACETRAC #2629,US-72/US-43 & SR-20,Tuscumbia,AL,2.999,34.7312,-87.70253
72763,FASTRAC MARKET #500270,SR-5/SR-13,Canastota,NY,4.349,43.07951,-75.75074
72764,CUMBERLAND FARMS #004783,US-5,East Windsor,CT,4.049,41.91232,-72.54509
72765,FASTRAC MARKET #500203,SR-104 & CR-256,Wolcott,NY,3.799,43.22062,-76.81496
72766,QUIKTRIP #1873,US 287  33.054731932354194,Rhome,TX,2.899,33.05346,-97.47197
72767,QUIKTRIP #4227,I-25 EXIT 243,Mead,CO,3.147,40.23332,-104.99859
72768,ROAD RANGER #287,I-57 EXIT 318,Bourbonnais,IL,3.339,41.15376,-87.88754
72769,TOOT N TOTUM #132,US 84,Lubbock,TX,2.971,33.57786,-101.85517
72770,RACETRAC #2634,I-95 Exit 77 & US-78,Saint George,SC,2.999,33.186,-80.57565
72771,RACETRAC #2635,I-85 EXIT 44A,Greenville,SC,2.899,34.85262,-82.39401
72772,RACEWAY #6998,US-501 & SR-576,Marion,SC,3.016,34.17822,-79.40061
72773,RaceTrac #2626,I-20 Exit 472,Dallas,TX,2.864,32.78306,-96.80667
72774,STUCKEYS TRAVEL CENTER,I-10 EXIT 451,Orange,TX,2.807,30.09299,-93.73655
72775,CEFCO #2089,I-20 EXIT 288,Abilene,TX,2.766,32.44874,-99.73314
72776,MARATHON,"1-75, Exit 80",Sycamore,GA,3.299,31.67435,-83.63739
72778,KWIK STAR #1208,US-75,Sioux Center,IA,3.199,43.07971,-96.17558
72779,KWIK TRIP #1276,"I-90/I-39, EXIT 1 & SR-75",South Beloit,IL,3.299,42.49307,-89.03678
72781,SHEETZ #774,I-70 & SR-83,New Concord,OH,3.059,39.99368,-81.73402
72782,SHEETZ #791,"I-76, Exit 57",North Jackson,OH,3.066,41.10006,-80.85731
72783,SHEETZ #770,I-70 & US-42,London,OH,2.999,39.88645,-83.44825
72784,Maverik Country Store #724,"I-80/US-30, EXIT 221",Rawlins,WY,3.289,41.79107,-107.23866
72785,GAS N WASH,US 30,Crest Hill,IL,3.299,41.55475,-88.09867
72786,QUIKTRIP #333,"I-135, EXIT 31",Newton,KS,2.949,38.04668,-97.34504
72787,QUIKTRIP #7011,"I-35, EXIT 118",Oklahoma City,OK,3.032,35.46756,-97.51643
72788,MAVERIK #700,I-25 EXIT 215,Denver,CO,3.289,39.73915,-104.9847
72789,RACETRAC #237,HWY 30 & ROBERT WILSON RD,Gonzales,LA,3.172,30.23853,-90.9201
72791,LOVES TRAVEL STOP #850,SR-491 & RD. G,Cortez,CO,3.482,37.34888,-108.58593
72792,QUICKLEES,"I-190, EXIT 23",Niagara Falls,NY,3.999,43.0945,-79.05671
72793,TA EXPRESS BLAINE #917,"I-5, Exit 275",Blaine,WA,4.139,48.99372,-122.74712
72795,REFUEL #1337,SR-45/CR-1625,Buda,TX,2.999,30.08521,-97.84028
72796,PILOT DEALER #1399,"SR-303, EXIT 107",Litchfield Park,AZ,3.584,33.49337,-112.35794
72797,KWIK TRIP #1215,"I-94, EXIT 135",Melrose,MN,3.327,45.67469,-94.80752
72798,Casey's #4539,US-75,Rock Rapids,IA,3.349,43.42719,-96.17586
72799,CASEYS #4384,"I-88 & SR-26, EXIT 54",Dixon,IL,3.479,41.83892,-89.47955
72801,CASEYS #4388,"US-64, EXIT 29",Beebe,AR,3.189,35.07064,-91.87959
72802,Racing Mart Store,"I-495, Exit 36A",Wrentham,MA,3.899,42.06677,-71.32811
72803,Llanos Country Corner,"I-10/US-83, EXIT 456 & US-377",Junction,TX,2.919,30.48936,-99.77201
72804,7-Eleven #42174,"I-24, EXIT 211 & US-70",Nashville,TN,3.249,36.16589,-86.78444
72805,Stripes #42242,"SR 181, HWY 188",Sinton,TX,3.259,28.03668,-97.50916
72806,TA HOSSTON #939,"I-49, Exit 237",Hosston,LA,2.922,32.88764,-93.87851
72808,Allsups Convenience #2463,US-377,Aubrey,TX,2.899,33.30428,-96.98612
72809,LOVES TRAVEL STOP #894,I-95 EXIT 305,Saint Augustine,FL,3.442,29.89469,-81.31452
72810,QUIKTRIP #7,"I-244/US-412, Exit 10",Tulsa,OK,3.119,36.15398,-95.99277
72811,QUIKTRIP #50,SR-51,Broken Arrow,OK,3.129,36.0526,-95.79082
72812,Kwik Trip #748,US 8,Barron,WI,3.664,45.40135,-91.84906
72813,Allsups #2425,Hwy 144,Granbury,TX,3.029,32.44208,-97.7942
72814,ALLSUPS #2468,"I35, EXIT 5",Thackerville,OK,2.917,33.79344,-97.14307
72815,QUIKTRIP #7194,I-74 EXIT 182,Champaign,IL,3.099,40.11642,-88.24338
72816,QUIKTRIP #7914,I-27 EXIT 117,Amarillo,TX,2.846,35.222,-101.8313
72817,QUIKTRIP #4174,I-35 Exit 285,Salado,TX,2.916,30.94713,-97.53862
72818,QUIKTRIP #7174,"I-65, EXIT 168",Montgomery,AL,2.999,32.36681,-86.29997
72819,QUIKTRIP #7925,I-69W,Laredo,TX,2.851,27.50641,-99.50754
72820,QUARLES #54232,us-385,Crane,TX,3.886,31.39736,-102.35014
72821,QUARLES #54231,CR-23 & CR-33,Eunice,NM,3.699,32.43734,-103.15908
72822,QUARLES #54225,US-83,Abilene,TX,3.499,32.44874,-99.73314
72827,QUARLES #54259,FM-1936,Odessa,TX,3.699,31.84568,-102.36764
72828,QUARLES #54250,US-80,Abilene,TX,3.312,32.44874,-99.73314
72830,QUARLES #54261,"I-20, EXIT 37",Pecos,TX,3.749,31.42291,-103.49323
72831,QUARLES #54262,CR-64,Hobbs,NM,3.699,32.70261,-103.13604
72835,QUARLES #54277,SR-137,Big Lake,TX,3.849,31.19154,-101.46039
72836,QUARLES #54281,SR-208,Snyder,TX,3.666,32.71789,-100.91762
72837,QUARLES #54284,US-285,Loving,NM,3.799,32.28623,-104.09577
72839,QUARLES #54293,CR-64,Hobbs,NM,3.699,32.70261,-103.13604
72841,QUARLES #54296,SR-214 & CR-370,Denver City,TX,3.799,32.96455,-102.8291
72844,QUARLES #54332,US-285,Pecos,TX,3.759,31.42291,-103.49323
72847,QUARLES #54341,US-87,Big Spring,TX,3.649,32.2504,-101.47874
72848,QUARLES #54347,US-67,Rankin,TX,3.699,31.22265,-101.93791
72849,QUARLES #54349,CR-1140,Midland,TX,3.666,31.99735,-102.07791
72851,QUARLES #54367,FM-1787,Midland,TX,3.799,31.99735,-102.07791
72853,QUARLES #54520,SR-589,Purvis,MS,2.979,31.14324,-89.40979
72855,GAS N WASH,SR 59,Plainfield,IL,3.559,41.62697,-88.20395
72857,7-ELEVEN #42019,SR-3 & SR-4,Yukon,OK,3.159,35.50672,-97.76254
72859,CASEYS #4286,SR-32,Crawfordsville,IN,3.562,40.04115,-86.87445
72860,Circle K #2707070,"SR 378, Route 467",Sumter,SC,2.992,33.92044,-80.34147
72861,SPRINT MART #4143,"I-20, EXIT 89",Vance,AL,3.059,33.17428,-87.23361
72863,Double Quick #92,US-61,Cleveland,MS,3.182,33.744,-90.72482
72864,SUNSTOP #430,US-27,Bainbridge,GA,3.599,30.9038,-84.57547
72867,Maverik #731,I-15 EXIT 190,Helena,MT,3.549,46.59271,-112.03611
72868,MAVERIK #737,I-15 EXIT 116,Idaho Falls,ID,3.406,43.46658,-112.03414
72869,MAVERIK #738,I-90 EXIT 129,Gillette,WY,3.359,44.29109,-105.50222
72871,Maverik #727,I-8 EXIT 3,Yuma,AZ,3.179,32.72532,-114.6244
72872,QUIKTRIP #7926,US 59 & SR 20,Laredo,TX,2.859,27.50641,-99.50754
72873,QUIKTRIP #7206,I-39 EXIT 15 & US 20,Rockford,IL,2.969,42.27113,-89.094
72874,QUIKTRIP #4076,I-35 EXIT 191,New Braunfels,TX,2.916,29.703,-98.12445
72875,QUIKTRIP #4183,SR 195 & Shell RD,Georgetown,TX,2.916,30.63269,-97.67723
72876,QUIKTRIP #1139,"I-385, EXIT 23",Fountain Inn,SC,3.017,34.68901,-82.19567
72877,QUIKTRIP #7177,"I-10, EXIT 15A",Theodore,AL,2.882,30.54769,-88.17528
72879,QUIKTRIP #4002,US-87,Comfort,TX,2.966,29.96771,-98.90503
72880,PARKERS #97,US 80,Bloomingdale,GA,3.032,32.13242,-81.299
72882,CASEYS #4330,"I-40, EXIT 221",Okemah,OK,2.926,35.43259,-96.30501
72884,CEFCO #435,"I-10, EXIT 44 & US-90",Loxley,AL,3.026,30.61825,-87.75305
72885,RACEWAY #6960,US-431 & Westgate PKWY,Dothan,AL,3.199,31.22323,-85.39049
72886,PILOT #1381,US-190 & Rose Marie Blvd,Hearne,TX,3.499,30.87852,-96.59303
72888,STRIPES #42591,US-87,Mason,TX,3.299,30.74879,-99.23061
72889,DK,SR 83,Denver City,TX,3.319,32.96455,-102.8291
72891,GAS N WASH,"I-57, EXIT 354",Alsip,IL,3.399,41.66892,-87.73866
72893,Racetrac #2586,I-95 & 20th ST,Vero Beach,FL,3.159,27.63864,-80.39727
72894,Allsups Convenience Store #2458,US-287 & FM-1655,Alvord,TX,2.899,33.35845,-97.69475
72895,Allsups#2465,SR 7,Davis,OK,2.967,34.50453,-97.11946
72896,PILOT #1283,I-45 & SR-31,Corsicana,TX,3.042,32.09543,-96.46887
72899,RACEWAY #7002,US 79 & 59,Carthage,TX,2.821,32.15738,-94.33742
72901,FATDOGS GRAND ISLAND TRAVEL CENTER,I-80 & HWY 281,Grand Island,NE,2.979,40.92501,-98.34201
72902,CIRCLE K #2704593,SR-24 &  SR-690,Spring Lake,NC,3.079,35.16794,-78.97281
72903,Kent Kwik #221,SR-338,Odessa,TX,2.989,31.84568,-102.36764
72904,CEFCO #112,US-281,Marble Falls,TX,2.929,30.57841,-98.27507
72905,TA EXPRESS PLEASANTON #445,I-37 EXIT 109,Pleasanton,TX,3.099,28.96719,-98.47863
72906,Maverik #734,I-25 EXIT 94,Pueblo,CO,3.289,38.25445,-104.60914
72907,QUIKTRIP #7913,"I-20, EXIT 20 & SR-18",Monahans,TX,2.859,31.5943,-102.89265
72908,QUIKTRIP #1042,"I-85, EXIT 17B & US-321",Gastonia,NC,3.264,35.26208,-81.1873
72909,FAT DOGS LINCOLN TC,"I-80, EXIT 399",Lincoln,NE,3.099,40.8,-96.66696
72910,Ogden Cardlock (Bulk Plant),I-15 EXIT 343,Ogden,UT,3.489,41.223,-111.97383
72912,Salina Cardlock (Bulk Plant),I-70 EXIT 56,Salina,UT,3.449,38.95774,-111.85993
72916,CASEYS #2562,SR 140 & SR 156,Ellsworth,KS,3.466,38.73056,-98.22811
72918,QUIKTRIP #7076,"I-75, EXIT 101",Cordele,GA,3.032,31.96351,-83.78239
72919,QUIKTRIP #7096,I-75 & EXIT 51,Dayton,OH,3.032,39.75895,-84.19161
72920,Circle K #4701686,"I-70, Exit 224 & SR-370",Saint Peters,MO,3.051,38.80033,-90.62651
72921,CIRCLE K #4701677,"I-44, Exit 226",Sullivan,MO,3.324,38.2081,-91.16042
72922,SUNOCO,SR-640,Willoughby,OH,3.859,41.63977,-81.4065
72923,76,US-84,Brookhaven,MS,3.149,31.57906,-90.44065
72924,SHERMAN TRAVEL CENTER,SR-9,Senatobia,MS,3.029,34.6176,-89.9687
72925,AMOCO,US-52 & SR-340,Darlington,SC,3.199,34.29988,-79.87617
72926,Amoco,US-31 & US-10,Scottville,MI,3.359,43.95473,-86.28008
72927,Bell Stores #165,US-30,Wooster,OH,3.516,40.80517,-81.93646
72930,SPARTA CO-OP,SR-27,Sparta,WI,3.189,43.94413,-90.81291
72933,CHEVRON #385988,SR-124,Lithonia,GA,3.399,33.71233,-84.10519
72934,CIRCLE K #2706987,"I-37, Exit 118",Corpus Christi,TX,3.099,27.80058,-97.39638
72935,Circle K #2722258,US-17 & SR-40,Pierson,FL,3.402,29.23942,-81.46563
72936,Circle K #2707549,SR-471 & SR-48,Bushnell,FL,3.499,28.66499,-82.11286
72937,CIRCLE K #2723997,SR024,Stedman,NC,3.399,35.0135,-78.69391
72938,CIRCLE K #2723205,I-285 & CR-1642,Winston Salem,NC,3.521,36.09986,-80.24422
72939,CIRCLE K #2655872,"I-75, Exit 252B",Atlanta,GA,3.506,33.749,-84.38798
72940,Circle K #3909,SR-236,Clarksville,TN,3.329,36.52977,-87.35945
72941,CIRCLE K #2740389,I-55 & US-51,Hammond,LA,3.249,30.50463,-90.46293
72942,CIRCLE K #2742777,US-62/180,El Paso,TX,3.191,31.75872,-106.48693
72943,CIRCLE K #2706805,SR-415 & SR-76,Port Allen,LA,3.359,30.45214,-91.21011
72944,Circle K #2709094,US-62 & SR-327,Lubbock,TX,3.099,33.57786,-101.85517
72945,CIRCLE K #2707057,SR-59 & CR-12,Foley,AL,3.092,30.40659,-87.6836
72947,Circle K #9556,SR-202,Phoenix,AZ,3.386,33.44838,-112.07404
72948,CIRCLE K #2746514,SR-23,Watford City,ND,3.599,47.80224,-103.28325
72949,BOURBON TRAVEL PLAZA,US-30,Bourbon,IN,3.499,41.2956,-86.11639
72950,Conoco,US-95,MC DERMITT,NV,4.299,41.99739,-117.7182
72951,DK,SR-36,Abilene,TX,2.849,32.44874,-99.73314
72953,GRAND AVENUE EXPRESS,I-35 & FM-372,Gainesville,TX,2.999,33.62594,-97.13335
72956,Handee Hugos #1,SR-87,Riegelwood,NC,3.497,34.33989,-78.22528
72957,IRVING,SR-11,Augusta,ME,3.899,44.31062,-69.77949
72958,Jack Flash Pana,SR-16,Pana,IL,3.099,39.38893,-89.08008
72959,JORDANS #75,US-67,Newport,AR,3.299,35.6048,-91.2818
72960,KENT KWIK #206,FM-2020,Odessa,TX,3.026,31.84568,-102.36764
72963,MAVERIK #5358,"I-25, Exit 145",Colorado Springs,CO,3.331,38.83388,-104.82136
72965,Maverik #674,"I-15, Exit 45",North Las Vegas,NV,3.282,36.19886,-115.1175
72966,MCCLURE STORE #15,SR-9,Marion,IN,3.694,40.55837,-85.65914
72967,BINKS TENAHA QUICK STOP,US-59/US-84,Tenaha,TX,3.059,31.94378,-94.24409
72968,LOVES TRAVEL STOP #883,US-52 EXIT 120,Rural Hall,NC,3.577,36.24042,-80.29338
72969,LOVES TRAVEL STOP #555,US-30,Delphos,OH,3.306,40.84338,-84.34162
72970,PAC PRIDE,"I-96, Exit 26",Grand Rapids,MI,3.659,42.96336,-85.66809
72972,LOVES TRAVEL STOP #886,I-44 EXIT 29,Sarcoxie,MO,3.401,37.06923,-94.1166
72973,PETE'S 49,US-166 & US-169,Coffeyville,KS,3.214,37.0373,-95.61637
72974,USTOP 34,US-77,Lincoln,NE,3.499,40.8,-96.66696
72975,SHEETZ #804,"I-95, Exit 41",Hope Mills,NC,2.859,34.97044,-78.94531
72976,RED DOG,"I-10, EXIT 72",Egan,LA,3.049,30.23687,-92.50597
72978,SHELL SERVICE STATION,SR-302,Byhalia,MS,3.099,34.87232,-89.69064
72979,RICKY ROCKETS,"I-57, EXIT 312",Kankakee,IL,3.379,41.12003,-87.86115
72981,Sprint Mart #2301,I-565 & CR-115,Madison,AL,3.492,34.69926,-86.74833
72982,SUNOCO,I-10 & SR-328,Breaux Bridge,LA,2.856,30.27353,-91.89928
72983,SUNSTOP #303,SR-100,Lake City,FL,3.551,30.18968,-82.63929
72984,TERRIBLE HERBST #341,US-95,Indian Springs,NV,3.899,36.56968,-115.67058
72985,THE PRIDE OF VILLA PARK,SR-64,Villa Park,IL,3.299,41.88975,-87.98895
72986,THE PRIDE OF ELGIN,SR-31,Elgin,IL,3.499,42.03725,-88.28119
72987,The Texan,US-285 & CR-116,Pecos,TX,2.999,31.42291,-103.49323
72988,Thorntons #221354,US-12,Lake Zurich,IL,3.349,42.19697,-88.09341
72989,THORNTONS #442562,SR-63,Monroe,OH,3.199,39.44034,-84.36216
72990,TA Express Jonesboro,I-555 EXIT 39,Jonesboro,AR,3.392,35.8423,-90.70428
72991,THORNTONS #221345,US-20,Hanover Park,IL,3.759,41.99947,-88.14507
72993,H AND R OIL COMPANY,"SR-4, EXIT 8",Lexington,KY,3.249,37.98869,-84.47772
72995,LOVES TRAVEL STOP #569,I-84 EXIT 304,Baker City,OR,3.457,44.77487,-117.83438
72996,LOVES TRAVEL STOP #504,I-76 EXIT 232,North Lima,OH,3.787,40.94839,-80.65896
72998,83 FUEL STOP,US-83,Catarina,TX,2.959,28.34555,-99.61338
72999,Aeg Petroleum,US-70 & SR-467,Portales,NM,3.686,34.18619,-103.3344
73000,TXB,FM-2147,Horseshoe Bay,TX,2.929,30.54429,-98.37394
73003,GAS PRO TRAVEL CENTER,US-25 & SR-88,Hephzibah,GA,3.599,33.31403,-82.09679
73005,NOBLE,US-20,Sturbridge,MA,3.999,42.10843,-72.07869
73007,VALERO,"I-85, EXIT 28 & SR-100",Hogansville,GA,3.666,33.17318,-84.91494
73008,MUSTANG XPRESS,US-183 & FM-1327,Austin,TX,3.332,30.26715,-97.74306
73009,THRIFT BULL TRUCK STOP,SR-103,San Augustine,TX,3.499,31.5299,-94.10603
73012,FUELPORT # 1,FM-143,San Antonio,TX,3.049,29.42412,-98.49363
73013,247 TRUCK STOP,I-40 EXIT 247,Widener,AR,2.999,35.02343,-90.68483
73014,CIRCLE K #2726298,SR 33 & SR 50,Mascotte,FL,3.539,28.57833,-81.88675
73015,76,US 40,Franklinville,NJ,3.169,39.61817,-75.07573
73016,PARKERS #112,SR 67,Statesboro,GA,3.199,32.44879,-81.78317
73017,U Stop #36,US 136 & SR 50,Tecumseh,NE,3.399,40.36667,-96.19612
73018,Smart Stop Travel Center,US 271 & SR 37,Bogata,TX,3.199,33.47067,-95.21384
73021,Circle K #2746245,I 35W EXIT 6,Minneapolis,MN,3.599,44.97997,-93.26384
73025,151 TRAVEL CENTER,SR 34 & N Central Rd,Darlington,SC,3.299,34.29988,-79.87617
73026,Gas N Wash,SR-171,Lemont,IL,3.299,41.67364,-88.00173
73028,PETRO HENDERSON #968,"I-11, EXIT 15A",Henderson,NV,3.639,36.0397,-114.98194
73029,One9 #1417,I-35 Exit 323,Lorena,TX,2.902,31.38656,-97.21556
73030,SPEED TREK TRAVEL CENTER,I-90 EXIT 25,Belvidere,IL,3.699,42.26391,-88.84427
73031,Travel Refresh,US 59,Corrigan,TX,2.949,30.99686,-94.82715
73032,Parkers #110,SR 56,Augusta,GA,3.192,33.47097,-81.97484
73033,QUARLES #54242,SR-152,Pampa,TX,3.499,35.53616,-100.95987
73035,QUIKTRIP #7909,US-10,El Paso,TX,2.849,31.75872,-106.48693
73036,Maverik Country Store #741,US-80,Rock Springs,WY,3.307,41.58746,-109.2029
73037,TA EXPRESS #567,"I-20, EXIT 81 & SR-149",Ruston,LA,3.114,32.52321,-92.63793
73039,Spinx  #292,"I-26, EXIT 10",Inman,SC,3.166,35.04706,-82.09011
73040,TAILGATE #3,SR 21,Bryan,TX,3.599,30.67436,-96.36996
73041,Racetrac #182,US- 19,Hampton,GA,2.999,33.38706,-84.28298
73042,MAVERIK #728,Hwy 483,Lovington,NM,3.094,32.94401,-103.34855
73043,MAVERIK #740,"I-25, EXIT 347",Las Vegas,NM,3.162,35.59393,-105.2239
73044,Maverik #732,"US 20, EXIT 310",Idaho Falls,ID,3.394,43.46658,-112.03414
73045,MAVERIK #717,US-395,Spokane,WA,3.979,47.65966,-117.42908
73046,Refuel #63,US 501 & SR 544,Conway,SC,3.134,33.836,-79.04781
73047,RACETRAC #2642,"I-70, EXIT 77",Indianapolis,IN,3.259,39.76838,-86.15804
73048,ALLSUPS CONVENIENCE STORE #2473,US-287,Bowie,TX,2.899,33.559,-97.84865
73051,CIRCLE K #2709540,"I-10, EXIT 10 & SR-90",Sierra Vista,AZ,3.629,31.55454,-110.30369
73052,Circle K #2701875,US-78 E,Grovetown,GA,3.499,33.45042,-82.19818
73053,Circle K #2746108,"I-90/US-212, EXIT 447",Billings,MT,3.579,45.78329,-108.50069
73055,CIRCLE K #4707124,SR-3,Liberty,ME,4.099,44.38924,-69.30282
73056,CIRCLE K #2723033,"I-295, EXIT 21A & I-95",Fayetteville,NC,3.279,35.05266,-78.87836
73057,CIRCLE K #2703586,US-550 & SR-516,Flora Vista,NM,3.719,36.79445,-108.08035
73058,CIRCLE K #4707605,SR-365/SR-69/SR-49 & SR-26,Rome,NY,3.999,43.21285,-75.45573
73059,CIRCLE K #4705626,"I-77/US-62, EXIT 105 & SR-172",Canton,OH,3.459,40.79895,-81.37845
73061,Circle K #2709045,"US-62 & SR-375, EXIT 39",El Paso,TX,3.202,31.75872,-106.48693
73062,CIRCLE K #2741849,SR-358 & SR-286,Corpus Christi,TX,3.124,27.80058,-97.39638
73063,HOLIDAY STATIONSTORE #2746223,"I-35, EXIT 135 & US-61",Andover,MN,3.499,45.2333,-93.29134
73064,7-ELEVEN #42315,"I-85, Exit 88",Lexington,NC,3.399,35.82403,-80.25338
73065,RACETRAC #2631,"I-75, EXIT 285 & US-41/SR-3",Emerson,GA,2.887,34.12704,-84.75549
73066,QUIKTRIP #1499,I-10 EXIT 267,Tucson,AZ,3.062,32.22174,-110.92648
73067,J STARR,I-29 EXIT 8,Hankinson,ND,3.499,46.06968,-96.90175
73068,MAVERIK #5369,SR 21,Colorado Springs,CO,3.499,38.83388,-104.82136
73071,7-Eleven #42340,SR-340/SR-6,Woodway,TX,2.932,31.506,-97.20501
73072,QUIKTRIP #7204,"I-57, EXIT 337 & SR-50",University Park,IL,3.079,41.44298,-87.6836
73073,QUIKTRIP #7075,"I-16/SR-404, EXIT 51 & US-441",Dublin,GA,2.999,32.54044,-82.90375
73074,RACETRAC #2641,HWY 59 & FM 989,Texarkana,TX,2.857,33.42513,-94.04769
73075,ALLSUPS CONVENIENCE STORE #2470,SR 18,Eunice,NM,3.099,32.43734,-103.15908
73076,MAVERIK #5148,US 40,Kremmling,CO,3.679,40.05887,-106.38892
73078,Shelee's Travel Center,"I-10, Exit 146",Coachella,CA,3.949,33.6803,-116.17389
73079,PILOT #1433,I-10 EXIT 160,Chandler,AZ,3.499,33.30616,-111.84125
73080,Circle K #2707255,"I-75, Exit 60",Tifton,GA,3.062,31.45046,-83.5085
73081,ALLSUPS #2476,I-40 EXIT 38 & SR 6,Elk City,OK,2.931,35.41199,-99.40426
73082,KWIK STAR #1153,US 71,Milford,IA,3.324,43.32469,-95.15
73083,Kwik Star #1213,I-380 EXIT 2,North Liberty,IA,3.159,41.74918,-91.59795
73084,Kwik Trip #747,I-94 ALT & US-12,Baldwin,WI,3.499,44.96663,-92.37436
73085,Loves Travel Stop #550,I-75 EXIT 13,Valdosta,GA,3.222,30.83334,-83.28032
73088,Pilot Travel Center #1390,I-16 Exit  143,Ellabell,GA,3.286,32.12354,-81.48567
73090,Quiktrip #1148,I-26 EXIT 53,Flat Rock,NC,2.849,35.27123,-82.44151
73092,QUIKTRIP #4042,I-10,Converse,TX,2.946,29.51801,-98.31612
73093,GAS N WASH,I-355 EXIT 7,Lockport,IL,3.399,41.58948,-88.05784
73094,MARATHON,US-24,Taylor,MI,3.499,42.24087,-83.26965
73095,Quiktrip #7250,US 49,Richland,MS,2.916,32.23904,-90.15842
73096,KWIK TRIP #748,US 8,Barron,WI,3.647,45.40135,-91.84906
73098,KWIK TRIP #1269,SR 27,Cadott,WI,3.401,44.94802,-91.1507
73099,Kwik Star #1296,SR 115,Harrisburg,SD,2.939,43.43137,-96.69727
73100,MAVERIK #747,I-215 Exit 21,Salt Lake City,UT,3.392,40.76078,-111.89105
73101,7-ELEVEN 42279,"I-76, Exit 39",Keenesburg,CO,3.149,40.10832,-104.51996
73103,RaceTrac #2654,I-20 EXIT 130,Greensboro,GA,3.399,33.57568,-83.18238
73106,ALLSUPS CONVENIENCE STORE #2472,US-75,Atoka,OK,2.967,34.38593,-96.12833
73112,SHEETZ #831,I-26 EXIT 44 & US 25,Hendersonville,NC,2.859,35.31873,-82.46095
73114,ROAD RANGER #319,"I-35E, EXIT 381",Milford,TX,3.031,32.1246,-96.94528
73117,MAVERIK #722,"I-29, EXIT 304",Baker City,OR,3.459,44.77487,-117.83438
73118,ALLSUPS #2432,US 287 & SR 34,Ennis,TX,2.929,32.32931,-96.62527
73119,Stinker #122,I-84 EXIT 36,Nampa,ID,3.402,43.54072,-116.56346
73120,Kwik Star #1184,US 61,Dubuque,IA,3.489,42.50056,-90.66457
73125,KWIK TRIP #1283,SR 83 & W CAPITOL DR,Hartland,WI,3.749,43.10501,-88.34204
73126,Kwik Trip #1298,US 10,Mondovi,WI,3.349,44.56774,-91.67099
73127,Gas N Wash,"I-55, EXIT 285",Chicago,IL,3.399,41.85003,-87.65005
73128,ALLSUPS CONVENIENCE STORE #2477,HWY 69 & 11th st,Kiowa,OK,2.957,34.72065,-95.89916
73129,SHEETZ #837,I-94,Romulus,MI,3.099,42.22226,-83.3966
73130,A One Stop,"I-45, EXIT 246",Ennis,TX,2.936,32.32931,-96.62527
73131,Sheetz #838,"I-85, Exit 71",Salisbury,NC,2.859,35.67097,-80.47423
